INFO - 2024-06-11 00:45:06 --> Session: Class initialized using 'CodeIgniter\Session\Handlers\FileHandler' driver.
INFO - 2024-06-11 00:45:18 --> Session: Class initialized using 'CodeIgniter\Session\Handlers\FileHandler' driver.
INFO - 2024-06-11 00:45:20 --> Session: Class initialized using 'CodeIgniter\Session\Handlers\FileHandler' driver.
INFO - 2024-06-11 00:45:24 --> Session: Class initialized using 'CodeIgniter\Session\Handlers\FileHandler' driver.
INFO - 2024-06-11 00:45:28 --> Session: Class initialized using 'CodeIgniter\Session\Handlers\FileHandler' driver.
INFO - 2024-06-11 00:45:28 --> Session: Class initialized using 'CodeIgniter\Session\Handlers\FileHandler' driver.
INFO - 2024-06-11 00:45:30 --> Session: Class initialized using 'CodeIgniter\Session\Handlers\FileHandler' driver.
INFO - 2024-06-11 00:46:52 --> Session: Class initialized using 'CodeIgniter\Session\Handlers\FileHandler' driver.
INFO - 2024-06-11 00:47:08 --> Session: Class initialized using 'CodeIgniter\Session\Handlers\FileHandler' driver.
INFO - 2024-06-11 00:56:53 --> Session: Class initialized using 'CodeIgniter\Session\Handlers\FileHandler' driver.
INFO - 2024-06-11 00:56:55 --> Session: Class initialized using 'CodeIgniter\Session\Handlers\FileHandler' driver.
CRITICAL - 2024-06-11 00:56:55 --> Call to undefined function set_value()
in APPPATH\Views\front\crudUsers\addUser.php on line 22.
 1 SYSTEMPATH\View\View.php(213): include()
 2 SYSTEMPATH\View\View.php(216): CodeIgniter\View\View->CodeIgniter\View\{closure}()
 3 SYSTEMPATH\Common.php(1184): CodeIgniter\View\View->render('front/crudUsers/addUser', [], true)
 4 APPPATH\Controllers\CRUD_Users.php(16): view('front/crudUsers/addUser', [...])
 5 SYSTEMPATH\CodeIgniter.php(934): App\Controllers\CRUD_Users->addUser()
 6 SYSTEMPATH\CodeIgniter.php(499): CodeIgniter\CodeIgniter->runController(Object(App\Controllers\CRUD_Users))
 7 SYSTEMPATH\CodeIgniter.php(368): CodeIgniter\CodeIgniter->handleRequest(null, Object(Config\Cache), false)
 8 FCPATH\index.php(68): CodeIgniter\CodeIgniter->run()
INFO - 2024-06-11 00:58:01 --> Session: Class initialized using 'CodeIgniter\Session\Handlers\FileHandler' driver.
INFO - 2024-06-11 00:58:02 --> Session: Class initialized using 'CodeIgniter\Session\Handlers\FileHandler' driver.
INFO - 2024-06-11 00:58:06 --> Session: Class initialized using 'CodeIgniter\Session\Handlers\FileHandler' driver.
CRITICAL - 2024-06-11 00:58:06 --> Call to undefined function set_value()
in APPPATH\Views\front\crudUsers\addUser.php on line 22.
 1 SYSTEMPATH\View\View.php(213): include()
 2 SYSTEMPATH\View\View.php(216): CodeIgniter\View\View->CodeIgniter\View\{closure}()
 3 SYSTEMPATH\Common.php(1184): CodeIgniter\View\View->render('front/crudUsers/addUser', [], true)
 4 APPPATH\Controllers\CRUD_Users.php(16): view('front/crudUsers/addUser', [...])
 5 SYSTEMPATH\CodeIgniter.php(934): App\Controllers\CRUD_Users->addUser()
 6 SYSTEMPATH\CodeIgniter.php(499): CodeIgniter\CodeIgniter->runController(Object(App\Controllers\CRUD_Users))
 7 SYSTEMPATH\CodeIgniter.php(368): CodeIgniter\CodeIgniter->handleRequest(null, Object(Config\Cache), false)
 8 FCPATH\index.php(68): CodeIgniter\CodeIgniter->run()
INFO - 2024-06-11 00:58:29 --> Session: Class initialized using 'CodeIgniter\Session\Handlers\FileHandler' driver.
INFO - 2024-06-11 00:58:30 --> Session: Class initialized using 'CodeIgniter\Session\Handlers\FileHandler' driver.
INFO - 2024-06-11 00:58:30 --> Session: Class initialized using 'CodeIgniter\Session\Handlers\FileHandler' driver.
INFO - 2024-06-11 00:58:31 --> Session: Class initialized using 'CodeIgniter\Session\Handlers\FileHandler' driver.
INFO - 2024-06-11 00:58:35 --> Session: Class initialized using 'CodeIgniter\Session\Handlers\FileHandler' driver.
INFO - 2024-06-11 00:58:40 --> Session: Class initialized using 'CodeIgniter\Session\Handlers\FileHandler' driver.
INFO - 2024-06-11 00:58:40 --> Session: Class initialized using 'CodeIgniter\Session\Handlers\FileHandler' driver.
INFO - 2024-06-11 00:58:43 --> Session: Class initialized using 'CodeIgniter\Session\Handlers\FileHandler' driver.
INFO - 2024-06-11 00:58:45 --> Session: Class initialized using 'CodeIgniter\Session\Handlers\FileHandler' driver.
CRITICAL - 2024-06-11 00:58:45 --> Call to undefined function set_value()
in APPPATH\Views\front\crudUsers\addUser.php on line 22.
 1 SYSTEMPATH\View\View.php(213): include()
 2 SYSTEMPATH\View\View.php(216): CodeIgniter\View\View->CodeIgniter\View\{closure}()
 3 SYSTEMPATH\Common.php(1184): CodeIgniter\View\View->render('front/crudUsers/addUser', [], true)
 4 APPPATH\Controllers\CRUD_Users.php(16): view('front/crudUsers/addUser', [...])
 5 SYSTEMPATH\CodeIgniter.php(934): App\Controllers\CRUD_Users->addUser()
 6 SYSTEMPATH\CodeIgniter.php(499): CodeIgniter\CodeIgniter->runController(Object(App\Controllers\CRUD_Users))
 7 SYSTEMPATH\CodeIgniter.php(368): CodeIgniter\CodeIgniter->handleRequest(null, Object(Config\Cache), false)
 8 FCPATH\index.php(68): CodeIgniter\CodeIgniter->run()
INFO - 2024-06-11 01:01:05 --> Session: Class initialized using 'CodeIgniter\Session\Handlers\FileHandler' driver.
CRITICAL - 2024-06-11 01:01:05 --> Call to undefined function set_value()
in APPPATH\Views\front\crudUsers\addUser.php on line 22.
 1 SYSTEMPATH\View\View.php(213): include()
 2 SYSTEMPATH\View\View.php(216): CodeIgniter\View\View->CodeIgniter\View\{closure}()
 3 SYSTEMPATH\Common.php(1184): CodeIgniter\View\View->render('front/crudUsers/addUser', [], true)
 4 APPPATH\Controllers\CRUD_Users.php(16): view('front/crudUsers/addUser', [...])
 5 SYSTEMPATH\CodeIgniter.php(934): App\Controllers\CRUD_Users->addUser()
 6 SYSTEMPATH\CodeIgniter.php(499): CodeIgniter\CodeIgniter->runController(Object(App\Controllers\CRUD_Users))
 7 SYSTEMPATH\CodeIgniter.php(368): CodeIgniter\CodeIgniter->handleRequest(null, Object(Config\Cache), false)
 8 FCPATH\index.php(68): CodeIgniter\CodeIgniter->run()
INFO - 2024-06-11 01:01:44 --> Session: Class initialized using 'CodeIgniter\Session\Handlers\FileHandler' driver.
INFO - 2024-06-11 01:02:00 --> Session: Class initialized using 'CodeIgniter\Session\Handlers\FileHandler' driver.
INFO - 2024-06-11 01:02:01 --> Session: Class initialized using 'CodeIgniter\Session\Handlers\FileHandler' driver.
INFO - 2024-06-11 01:04:30 --> Session: Class initialized using 'CodeIgniter\Session\Handlers\FileHandler' driver.
INFO - 2024-06-11 01:04:31 --> Session: Class initialized using 'CodeIgniter\Session\Handlers\FileHandler' driver.
INFO - 2024-06-11 01:04:32 --> Session: Class initialized using 'CodeIgniter\Session\Handlers\FileHandler' driver.
INFO - 2024-06-11 01:04:50 --> Session: Class initialized using 'CodeIgniter\Session\Handlers\FileHandler' driver.
INFO - 2024-06-11 01:06:04 --> Session: Class initialized using 'CodeIgniter\Session\Handlers\FileHandler' driver.
INFO - 2024-06-11 01:11:34 --> Session: Class initialized using 'CodeIgniter\Session\Handlers\FileHandler' driver.
INFO - 2024-06-11 01:11:36 --> Session: Class initialized using 'CodeIgniter\Session\Handlers\FileHandler' driver.
INFO - 2024-06-11 01:11:45 --> Session: Class initialized using 'CodeIgniter\Session\Handlers\FileHandler' driver.
INFO - 2024-06-11 01:11:57 --> Session: Class initialized using 'CodeIgniter\Session\Handlers\FileHandler' driver.
INFO - 2024-06-11 01:11:58 --> Session: Class initialized using 'CodeIgniter\Session\Handlers\FileHandler' driver.
INFO - 2024-06-11 01:11:58 --> Session: Class initialized using 'CodeIgniter\Session\Handlers\FileHandler' driver.
INFO - 2024-06-11 01:11:59 --> Session: Class initialized using 'CodeIgniter\Session\Handlers\FileHandler' driver.
INFO - 2024-06-11 01:11:59 --> Session: Class initialized using 'CodeIgniter\Session\Handlers\FileHandler' driver.
INFO - 2024-06-11 01:12:21 --> Session: Class initialized using 'CodeIgniter\Session\Handlers\FileHandler' driver.
INFO - 2024-06-11 01:12:25 --> Session: Class initialized using 'CodeIgniter\Session\Handlers\FileHandler' driver.
INFO - 2024-06-11 01:12:28 --> Session: Class initialized using 'CodeIgniter\Session\Handlers\FileHandler' driver.
INFO - 2024-06-11 01:13:30 --> Session: Class initialized using 'CodeIgniter\Session\Handlers\FileHandler' driver.
INFO - 2024-06-11 01:13:31 --> Session: Class initialized using 'CodeIgniter\Session\Handlers\FileHandler' driver.
INFO - 2024-06-11 01:13:40 --> Session: Class initialized using 'CodeIgniter\Session\Handlers\FileHandler' driver.
INFO - 2024-06-11 01:13:42 --> Session: Class initialized using 'CodeIgniter\Session\Handlers\FileHandler' driver.
INFO - 2024-06-11 01:14:00 --> Session: Class initialized using 'CodeIgniter\Session\Handlers\FileHandler' driver.
INFO - 2024-06-11 01:14:02 --> Session: Class initialized using 'CodeIgniter\Session\Handlers\FileHandler' driver.
INFO - 2024-06-11 01:14:18 --> Session: Class initialized using 'CodeIgniter\Session\Handlers\FileHandler' driver.
INFO - 2024-06-11 01:14:20 --> Session: Class initialized using 'CodeIgniter\Session\Handlers\FileHandler' driver.
INFO - 2024-06-11 01:14:37 --> Session: Class initialized using 'CodeIgniter\Session\Handlers\FileHandler' driver.
INFO - 2024-06-11 01:16:18 --> Session: Class initialized using 'CodeIgniter\Session\Handlers\FileHandler' driver.
INFO - 2024-06-11 01:16:33 --> Session: Class initialized using 'CodeIgniter\Session\Handlers\FileHandler' driver.
INFO - 2024-06-11 01:17:53 --> Session: Class initialized using 'CodeIgniter\Session\Handlers\FileHandler' driver.
INFO - 2024-06-11 01:18:07 --> Session: Class initialized using 'CodeIgniter\Session\Handlers\FileHandler' driver.
INFO - 2024-06-11 01:18:21 --> Session: Class initialized using 'CodeIgniter\Session\Handlers\FileHandler' driver.
INFO - 2024-06-11 01:18:36 --> Session: Class initialized using 'CodeIgniter\Session\Handlers\FileHandler' driver.
INFO - 2024-06-11 01:19:06 --> Session: Class initialized using 'CodeIgniter\Session\Handlers\FileHandler' driver.
INFO - 2024-06-11 01:19:13 --> Session: Class initialized using 'CodeIgniter\Session\Handlers\FileHandler' driver.
INFO - 2024-06-11 01:20:06 --> Session: Class initialized using 'CodeIgniter\Session\Handlers\FileHandler' driver.
INFO - 2024-06-11 01:20:15 --> Session: Class initialized using 'CodeIgniter\Session\Handlers\FileHandler' driver.
INFO - 2024-06-11 01:20:21 --> Session: Class initialized using 'CodeIgniter\Session\Handlers\FileHandler' driver.
INFO - 2024-06-11 01:20:25 --> Session: Class initialized using 'CodeIgniter\Session\Handlers\FileHandler' driver.
INFO - 2024-06-11 01:20:39 --> Session: Class initialized using 'CodeIgniter\Session\Handlers\FileHandler' driver.
INFO - 2024-06-11 01:21:02 --> Session: Class initialized using 'CodeIgniter\Session\Handlers\FileHandler' driver.
INFO - 2024-06-11 01:21:29 --> Session: Class initialized using 'CodeIgniter\Session\Handlers\FileHandler' driver.
INFO - 2024-06-11 01:21:33 --> Session: Class initialized using 'CodeIgniter\Session\Handlers\FileHandler' driver.
INFO - 2024-06-11 01:21:37 --> Session: Class initialized using 'CodeIgniter\Session\Handlers\FileHandler' driver.
INFO - 2024-06-11 01:21:54 --> Session: Class initialized using 'CodeIgniter\Session\Handlers\FileHandler' driver.
INFO - 2024-06-11 01:22:07 --> Session: Class initialized using 'CodeIgniter\Session\Handlers\FileHandler' driver.
INFO - 2024-06-11 01:22:10 --> Session: Class initialized using 'CodeIgniter\Session\Handlers\FileHandler' driver.
INFO - 2024-06-11 01:22:32 --> Session: Class initialized using 'CodeIgniter\Session\Handlers\FileHandler' driver.
INFO - 2024-06-11 01:22:46 --> Session: Class initialized using 'CodeIgniter\Session\Handlers\FileHandler' driver.
INFO - 2024-06-11 01:22:47 --> Session: Class initialized using 'CodeIgniter\Session\Handlers\FileHandler' driver.
INFO - 2024-06-11 01:22:51 --> Session: Class initialized using 'CodeIgniter\Session\Handlers\FileHandler' driver.
INFO - 2024-06-11 01:23:26 --> Session: Class initialized using 'CodeIgniter\Session\Handlers\FileHandler' driver.
INFO - 2024-06-11 01:24:25 --> Session: Class initialized using 'CodeIgniter\Session\Handlers\FileHandler' driver.
INFO - 2024-06-11 01:24:34 --> Session: Class initialized using 'CodeIgniter\Session\Handlers\FileHandler' driver.
INFO - 2024-06-11 01:24:43 --> Session: Class initialized using 'CodeIgniter\Session\Handlers\FileHandler' driver.
INFO - 2024-06-11 01:25:09 --> Session: Class initialized using 'CodeIgniter\Session\Handlers\FileHandler' driver.
INFO - 2024-06-11 01:25:23 --> Session: Class initialized using 'CodeIgniter\Session\Handlers\FileHandler' driver.
INFO - 2024-06-11 01:25:31 --> Session: Class initialized using 'CodeIgniter\Session\Handlers\FileHandler' driver.
INFO - 2024-06-11 01:25:52 --> Session: Class initialized using 'CodeIgniter\Session\Handlers\FileHandler' driver.
INFO - 2024-06-11 01:25:57 --> Session: Class initialized using 'CodeIgniter\Session\Handlers\FileHandler' driver.
INFO - 2024-06-11 01:26:06 --> Session: Class initialized using 'CodeIgniter\Session\Handlers\FileHandler' driver.
INFO - 2024-06-11 01:26:14 --> Session: Class initialized using 'CodeIgniter\Session\Handlers\FileHandler' driver.
INFO - 2024-06-11 01:26:28 --> Session: Class initialized using 'CodeIgniter\Session\Handlers\FileHandler' driver.
INFO - 2024-06-11 01:26:38 --> Session: Class initialized using 'CodeIgniter\Session\Handlers\FileHandler' driver.
INFO - 2024-06-11 01:45:25 --> Session: Class initialized using 'CodeIgniter\Session\Handlers\FileHandler' driver.
INFO - 2024-06-11 01:46:21 --> Session: Class initialized using 'CodeIgniter\Session\Handlers\FileHandler' driver.
INFO - 2024-06-11 01:46:22 --> Session: Class initialized using 'CodeIgniter\Session\Handlers\FileHandler' driver.
INFO - 2024-06-11 01:46:24 --> Session: Class initialized using 'CodeIgniter\Session\Handlers\FileHandler' driver.
INFO - 2024-06-11 01:46:40 --> Session: Class initialized using 'CodeIgniter\Session\Handlers\FileHandler' driver.
INFO - 2024-06-11 01:48:36 --> Session: Class initialized using 'CodeIgniter\Session\Handlers\FileHandler' driver.
INFO - 2024-06-11 01:49:03 --> Session: Class initialized using 'CodeIgniter\Session\Handlers\FileHandler' driver.
INFO - 2024-06-11 01:49:05 --> Session: Class initialized using 'CodeIgniter\Session\Handlers\FileHandler' driver.
INFO - 2024-06-11 02:04:14 --> Session: Class initialized using 'CodeIgniter\Session\Handlers\FileHandler' driver.
CRITICAL - 2024-06-11 02:04:14 --> Undefined variable $perfiles
in APPPATH\Views\front\crudUsers\addUser.php on line 44.
 1 APPPATH\Views\front\crudUsers\addUser.php(44): CodeIgniter\Debug\Exceptions->errorHandler(2, 'Undefined variable $perfiles', 'APPPATH\\Views\\front\\crudUsers\\addUser.php', 44)
 2 SYSTEMPATH\View\View.php(213): include('APPPATH\\Views\\front\\crudUsers\\addUser.php')
 3 SYSTEMPATH\View\View.php(216): CodeIgniter\View\View->CodeIgniter\View\{closure}()
 4 SYSTEMPATH\Common.php(1184): CodeIgniter\View\View->render('front/crudUsers/addUser', [...], true)
 5 APPPATH\Controllers\CRUD_Users.php(21): view('front/crudUsers/addUser', [...], [...])
 6 SYSTEMPATH\CodeIgniter.php(934): App\Controllers\CRUD_Users->addUser()
 7 SYSTEMPATH\CodeIgniter.php(499): CodeIgniter\CodeIgniter->runController(Object(App\Controllers\CRUD_Users))
 8 SYSTEMPATH\CodeIgniter.php(368): CodeIgniter\CodeIgniter->handleRequest(null, Object(Config\Cache), false)
 9 FCPATH\index.php(68): CodeIgniter\CodeIgniter->run()
INFO - 2024-06-11 02:04:43 --> Session: Class initialized using 'CodeIgniter\Session\Handlers\FileHandler' driver.
CRITICAL - 2024-06-11 02:04:43 --> Undefined array key "descripcion"
in APPPATH\Views\front\crudUsers\addUser.php on line 45.
 1 APPPATH\Views\front\crudUsers\addUser.php(45): CodeIgniter\Debug\Exceptions->errorHandler(2, 'Undefined array key "descripcion"', 'APPPATH\\Views\\front\\crudUsers\\addUser.php', 45)
 2 SYSTEMPATH\View\View.php(213): include('APPPATH\\Views\\front\\crudUsers\\addUser.php')
 3 SYSTEMPATH\View\View.php(216): CodeIgniter\View\View->CodeIgniter\View\{closure}()
 4 SYSTEMPATH\Common.php(1184): CodeIgniter\View\View->render('front/crudUsers/addUser', [], true)
 5 APPPATH\Controllers\CRUD_Users.php(21): view('front/crudUsers/addUser', [...])
 6 SYSTEMPATH\CodeIgniter.php(934): App\Controllers\CRUD_Users->addUser()
 7 SYSTEMPATH\CodeIgniter.php(499): CodeIgniter\CodeIgniter->runController(Object(App\Controllers\CRUD_Users))
 8 SYSTEMPATH\CodeIgniter.php(368): CodeIgniter\CodeIgniter->handleRequest(null, Object(Config\Cache), false)
 9 FCPATH\index.php(68): CodeIgniter\CodeIgniter->run()
INFO - 2024-06-11 02:06:59 --> Session: Class initialized using 'CodeIgniter\Session\Handlers\FileHandler' driver.
CRITICAL - 2024-06-11 02:06:59 --> Undefined array key "descripcion"
in APPPATH\Views\front\crudUsers\addUser.php on line 45.
 1 APPPATH\Views\front\crudUsers\addUser.php(45): CodeIgniter\Debug\Exceptions->errorHandler(2, 'Undefined array key "descripcion"', 'APPPATH\\Views\\front\\crudUsers\\addUser.php', 45)
 2 SYSTEMPATH\View\View.php(213): include('APPPATH\\Views\\front\\crudUsers\\addUser.php')
 3 SYSTEMPATH\View\View.php(216): CodeIgniter\View\View->CodeIgniter\View\{closure}()
 4 SYSTEMPATH\Common.php(1184): CodeIgniter\View\View->render('front/crudUsers/addUser', [], true)
 5 APPPATH\Controllers\CRUD_Users.php(21): view('front/crudUsers/addUser', [...])
 6 SYSTEMPATH\CodeIgniter.php(934): App\Controllers\CRUD_Users->addUser()
 7 SYSTEMPATH\CodeIgniter.php(499): CodeIgniter\CodeIgniter->runController(Object(App\Controllers\CRUD_Users))
 8 SYSTEMPATH\CodeIgniter.php(368): CodeIgniter\CodeIgniter->handleRequest(null, Object(Config\Cache), false)
 9 FCPATH\index.php(68): CodeIgniter\CodeIgniter->run()
INFO - 2024-06-11 02:09:56 --> Session: Class initialized using 'CodeIgniter\Session\Handlers\FileHandler' driver.
CRITICAL - 2024-06-11 02:09:56 --> Undefined variable $titulo
in APPPATH\Views\front\plantilla\layout.php on line 16.
 1 APPPATH\Views\front\plantilla\layout.php(16): CodeIgniter\Debug\Exceptions->errorHandler(2, 'Undefined variable $titulo', 'APPPATH\\Views\\front\\plantilla\\layout.php', 16)
 2 SYSTEMPATH\View\View.php(213): include('APPPATH\\Views\\front\\plantilla\\layout.php')
 3 SYSTEMPATH\View\View.php(216): CodeIgniter\View\View->CodeIgniter\View\{closure}()
 4 SYSTEMPATH\View\View.php(229): CodeIgniter\View\View->render('front/plantilla/layout', [], true)
 5 SYSTEMPATH\Common.php(1184): CodeIgniter\View\View->render('front/crudUsers/addUser', [], true)
 6 APPPATH\Controllers\CRUD_Users.php(21): view('front/crudUsers/addUser', [...])
 7 SYSTEMPATH\CodeIgniter.php(934): App\Controllers\CRUD_Users->addUser()
 8 SYSTEMPATH\CodeIgniter.php(499): CodeIgniter\CodeIgniter->runController(Object(App\Controllers\CRUD_Users))
 9 SYSTEMPATH\CodeIgniter.php(368): CodeIgniter\CodeIgniter->handleRequest(null, Object(Config\Cache), false)
10 FCPATH\index.php(68): CodeIgniter\CodeIgniter->run()
INFO - 2024-06-11 02:10:12 --> Session: Class initialized using 'CodeIgniter\Session\Handlers\FileHandler' driver.
CRITICAL - 2024-06-11 02:10:12 --> Undefined variable $perfiles
in APPPATH\Views\front\crudUsers\addUser.php on line 44.
 1 APPPATH\Views\front\crudUsers\addUser.php(44): CodeIgniter\Debug\Exceptions->errorHandler(2, 'Undefined variable $perfiles', 'APPPATH\\Views\\front\\crudUsers\\addUser.php', 44)
 2 SYSTEMPATH\View\View.php(213): include('APPPATH\\Views\\front\\crudUsers\\addUser.php')
 3 SYSTEMPATH\View\View.php(216): CodeIgniter\View\View->CodeIgniter\View\{closure}()
 4 SYSTEMPATH\Common.php(1184): CodeIgniter\View\View->render('front/crudUsers/addUser', [...], true)
 5 APPPATH\Controllers\CRUD_Users.php(21): view('front/crudUsers/addUser', [...], [...])
 6 SYSTEMPATH\CodeIgniter.php(934): App\Controllers\CRUD_Users->addUser()
 7 SYSTEMPATH\CodeIgniter.php(499): CodeIgniter\CodeIgniter->runController(Object(App\Controllers\CRUD_Users))
 8 SYSTEMPATH\CodeIgniter.php(368): CodeIgniter\CodeIgniter->handleRequest(null, Object(Config\Cache), false)
 9 FCPATH\index.php(68): CodeIgniter\CodeIgniter->run()
INFO - 2024-06-11 02:10:23 --> Session: Class initialized using 'CodeIgniter\Session\Handlers\FileHandler' driver.
CRITICAL - 2024-06-11 02:10:23 --> Undefined variable $titulo
in APPPATH\Views\front\plantilla\layout.php on line 16.
 1 APPPATH\Views\front\plantilla\layout.php(16): CodeIgniter\Debug\Exceptions->errorHandler(2, 'Undefined variable $titulo', 'APPPATH\\Views\\front\\plantilla\\layout.php', 16)
 2 SYSTEMPATH\View\View.php(213): include('APPPATH\\Views\\front\\plantilla\\layout.php')
 3 SYSTEMPATH\View\View.php(216): CodeIgniter\View\View->CodeIgniter\View\{closure}()
 4 SYSTEMPATH\View\View.php(229): CodeIgniter\View\View->render('front/plantilla/layout', [...], true)
 5 SYSTEMPATH\Common.php(1184): CodeIgniter\View\View->render('front/crudUsers/addUser', [...], true)
 6 APPPATH\Controllers\CRUD_Users.php(21): view('front/crudUsers/addUser', [...], [...])
 7 SYSTEMPATH\CodeIgniter.php(934): App\Controllers\CRUD_Users->addUser()
 8 SYSTEMPATH\CodeIgniter.php(499): CodeIgniter\CodeIgniter->runController(Object(App\Controllers\CRUD_Users))
 9 SYSTEMPATH\CodeIgniter.php(368): CodeIgniter\CodeIgniter->handleRequest(null, Object(Config\Cache), false)
10 FCPATH\index.php(68): CodeIgniter\CodeIgniter->run()
INFO - 2024-06-11 02:15:59 --> Session: Class initialized using 'CodeIgniter\Session\Handlers\FileHandler' driver.
CRITICAL - 2024-06-11 02:15:59 --> Undefined variable $titulo
in APPPATH\Views\front\plantilla\layout.php on line 12.
 1 APPPATH\Views\front\plantilla\layout.php(12): CodeIgniter\Debug\Exceptions->errorHandler(2, 'Undefined variable $titulo', 'APPPATH\\Views\\front\\plantilla\\layout.php', 12)
 2 SYSTEMPATH\View\View.php(213): include('APPPATH\\Views\\front\\plantilla\\layout.php')
 3 SYSTEMPATH\View\View.php(216): CodeIgniter\View\View->CodeIgniter\View\{closure}()
 4 SYSTEMPATH\View\View.php(229): CodeIgniter\View\View->render('front/plantilla/layout', [], true)
 5 SYSTEMPATH\Common.php(1184): CodeIgniter\View\View->render('front/crudUsers/addUser', [], true)
 6 APPPATH\Controllers\CRUD_Users.php(21): view('front/crudUsers/addUser', [...])
 7 SYSTEMPATH\CodeIgniter.php(934): App\Controllers\CRUD_Users->addUser()
 8 SYSTEMPATH\CodeIgniter.php(499): CodeIgniter\CodeIgniter->runController(Object(App\Controllers\CRUD_Users))
 9 SYSTEMPATH\CodeIgniter.php(368): CodeIgniter\CodeIgniter->handleRequest(null, Object(Config\Cache), false)
10 FCPATH\index.php(68): CodeIgniter\CodeIgniter->run()
INFO - 2024-06-11 02:19:37 --> Session: Class initialized using 'CodeIgniter\Session\Handlers\FileHandler' driver.
CRITICAL - 2024-06-11 02:19:37 --> Undefined variable $titulo
in APPPATH\Views\front\plantilla\layout.php on line 12.
 1 APPPATH\Views\front\plantilla\layout.php(12): CodeIgniter\Debug\Exceptions->errorHandler(2, 'Undefined variable $titulo', 'APPPATH\\Views\\front\\plantilla\\layout.php', 12)
 2 SYSTEMPATH\View\View.php(213): include('APPPATH\\Views\\front\\plantilla\\layout.php')
 3 SYSTEMPATH\View\View.php(216): CodeIgniter\View\View->CodeIgniter\View\{closure}()
 4 SYSTEMPATH\View\View.php(229): CodeIgniter\View\View->render('front/plantilla/layout', [], true)
 5 SYSTEMPATH\Common.php(1184): CodeIgniter\View\View->render('front/crudUsers/addUser', [], true)
 6 APPPATH\Controllers\CRUD_Users.php(21): view('front/crudUsers/addUser', [...])
 7 SYSTEMPATH\CodeIgniter.php(934): App\Controllers\CRUD_Users->addUser()
 8 SYSTEMPATH\CodeIgniter.php(499): CodeIgniter\CodeIgniter->runController(Object(App\Controllers\CRUD_Users))
 9 SYSTEMPATH\CodeIgniter.php(368): CodeIgniter\CodeIgniter->handleRequest(null, Object(Config\Cache), false)
10 FCPATH\index.php(68): CodeIgniter\CodeIgniter->run()
INFO - 2024-06-11 02:24:22 --> Session: Class initialized using 'CodeIgniter\Session\Handlers\FileHandler' driver.
INFO - 2024-06-11 02:24:22 --> Session: Class initialized using 'CodeIgniter\Session\Handlers\FileHandler' driver.
INFO - 2024-06-11 02:24:22 --> Session: Class initialized using 'CodeIgniter\Session\Handlers\FileHandler' driver.
INFO - 2024-06-11 02:24:22 --> Session: Class initialized using 'CodeIgniter\Session\Handlers\FileHandler' driver.
INFO - 2024-06-11 02:24:22 --> Session: Class initialized using 'CodeIgniter\Session\Handlers\FileHandler' driver.
INFO - 2024-06-11 02:24:22 --> Session: Class initialized using 'CodeIgniter\Session\Handlers\FileHandler' driver.
INFO - 2024-06-11 02:24:22 --> Session: Class initialized using 'CodeIgniter\Session\Handlers\FileHandler' driver.
INFO - 2024-06-11 02:24:22 --> Session: Class initialized using 'CodeIgniter\Session\Handlers\FileHandler' driver.
INFO - 2024-06-11 02:24:22 --> Session: Class initialized using 'CodeIgniter\Session\Handlers\FileHandler' driver.
INFO - 2024-06-11 02:24:22 --> Session: Class initialized using 'CodeIgniter\Session\Handlers\FileHandler' driver.
INFO - 2024-06-11 02:24:22 --> Session: Class initialized using 'CodeIgniter\Session\Handlers\FileHandler' driver.
INFO - 2024-06-11 02:24:22 --> Session: Class initialized using 'CodeIgniter\Session\Handlers\FileHandler' driver.
INFO - 2024-06-11 02:24:23 --> Session: Class initialized using 'CodeIgniter\Session\Handlers\FileHandler' driver.
INFO - 2024-06-11 02:24:23 --> Session: Class initialized using 'CodeIgniter\Session\Handlers\FileHandler' driver.
INFO - 2024-06-11 02:24:23 --> Session: Class initialized using 'CodeIgniter\Session\Handlers\FileHandler' driver.
INFO - 2024-06-11 02:24:23 --> Session: Class initialized using 'CodeIgniter\Session\Handlers\FileHandler' driver.
INFO - 2024-06-11 02:24:23 --> Session: Class initialized using 'CodeIgniter\Session\Handlers\FileHandler' driver.
INFO - 2024-06-11 02:24:23 --> Session: Class initialized using 'CodeIgniter\Session\Handlers\FileHandler' driver.
INFO - 2024-06-11 02:24:23 --> Session: Class initialized using 'CodeIgniter\Session\Handlers\FileHandler' driver.
INFO - 2024-06-11 02:24:23 --> Session: Class initialized using 'CodeIgniter\Session\Handlers\FileHandler' driver.
INFO - 2024-06-11 02:24:24 --> Session: Class initialized using 'CodeIgniter\Session\Handlers\FileHandler' driver.
INFO - 2024-06-11 02:24:24 --> Session: Class initialized using 'CodeIgniter\Session\Handlers\FileHandler' driver.
INFO - 2024-06-11 02:24:24 --> Session: Class initialized using 'CodeIgniter\Session\Handlers\FileHandler' driver.
INFO - 2024-06-11 02:24:24 --> Session: Class initialized using 'CodeIgniter\Session\Handlers\FileHandler' driver.
INFO - 2024-06-11 02:24:25 --> Session: Class initialized using 'CodeIgniter\Session\Handlers\FileHandler' driver.
INFO - 2024-06-11 02:24:25 --> Session: Class initialized using 'CodeIgniter\Session\Handlers\FileHandler' driver.
INFO - 2024-06-11 02:24:25 --> Session: Class initialized using 'CodeIgniter\Session\Handlers\FileHandler' driver.
INFO - 2024-06-11 02:24:25 --> Session: Class initialized using 'CodeIgniter\Session\Handlers\FileHandler' driver.
INFO - 2024-06-11 02:24:25 --> Session: Class initialized using 'CodeIgniter\Session\Handlers\FileHandler' driver.
INFO - 2024-06-11 02:24:25 --> Session: Class initialized using 'CodeIgniter\Session\Handlers\FileHandler' driver.
INFO - 2024-06-11 02:24:25 --> Session: Class initialized using 'CodeIgniter\Session\Handlers\FileHandler' driver.
INFO - 2024-06-11 02:24:25 --> Session: Class initialized using 'CodeIgniter\Session\Handlers\FileHandler' driver.
INFO - 2024-06-11 02:24:25 --> Session: Class initialized using 'CodeIgniter\Session\Handlers\FileHandler' driver.
INFO - 2024-06-11 02:24:25 --> Session: Class initialized using 'CodeIgniter\Session\Handlers\FileHandler' driver.
INFO - 2024-06-11 02:24:25 --> Session: Class initialized using 'CodeIgniter\Session\Handlers\FileHandler' driver.
INFO - 2024-06-11 02:24:25 --> Session: Class initialized using 'CodeIgniter\Session\Handlers\FileHandler' driver.
INFO - 2024-06-11 02:24:26 --> Session: Class initialized using 'CodeIgniter\Session\Handlers\FileHandler' driver.
INFO - 2024-06-11 02:24:26 --> Session: Class initialized using 'CodeIgniter\Session\Handlers\FileHandler' driver.
INFO - 2024-06-11 02:24:26 --> Session: Class initialized using 'CodeIgniter\Session\Handlers\FileHandler' driver.
INFO - 2024-06-11 02:24:26 --> Session: Class initialized using 'CodeIgniter\Session\Handlers\FileHandler' driver.
INFO - 2024-06-11 02:24:31 --> Session: Class initialized using 'CodeIgniter\Session\Handlers\FileHandler' driver.
INFO - 2024-06-11 02:24:31 --> Session: Class initialized using 'CodeIgniter\Session\Handlers\FileHandler' driver.
INFO - 2024-06-11 02:24:31 --> Session: Class initialized using 'CodeIgniter\Session\Handlers\FileHandler' driver.
INFO - 2024-06-11 02:24:31 --> Session: Class initialized using 'CodeIgniter\Session\Handlers\FileHandler' driver.
INFO - 2024-06-11 02:24:31 --> Session: Class initialized using 'CodeIgniter\Session\Handlers\FileHandler' driver.
INFO - 2024-06-11 02:24:31 --> Session: Class initialized using 'CodeIgniter\Session\Handlers\FileHandler' driver.
INFO - 2024-06-11 02:24:31 --> Session: Class initialized using 'CodeIgniter\Session\Handlers\FileHandler' driver.
INFO - 2024-06-11 02:24:31 --> Session: Class initialized using 'CodeIgniter\Session\Handlers\FileHandler' driver.
INFO - 2024-06-11 02:24:31 --> Session: Class initialized using 'CodeIgniter\Session\Handlers\FileHandler' driver.
INFO - 2024-06-11 02:24:32 --> Session: Class initialized using 'CodeIgniter\Session\Handlers\FileHandler' driver.
INFO - 2024-06-11 02:24:32 --> Session: Class initialized using 'CodeIgniter\Session\Handlers\FileHandler' driver.
INFO - 2024-06-11 02:24:32 --> Session: Class initialized using 'CodeIgniter\Session\Handlers\FileHandler' driver.
INFO - 2024-06-11 02:24:32 --> Session: Class initialized using 'CodeIgniter\Session\Handlers\FileHandler' driver.
INFO - 2024-06-11 02:24:32 --> Session: Class initialized using 'CodeIgniter\Session\Handlers\FileHandler' driver.
INFO - 2024-06-11 02:24:32 --> Session: Class initialized using 'CodeIgniter\Session\Handlers\FileHandler' driver.
INFO - 2024-06-11 02:24:32 --> Session: Class initialized using 'CodeIgniter\Session\Handlers\FileHandler' driver.
INFO - 2024-06-11 02:24:32 --> Session: Class initialized using 'CodeIgniter\Session\Handlers\FileHandler' driver.
INFO - 2024-06-11 02:24:32 --> Session: Class initialized using 'CodeIgniter\Session\Handlers\FileHandler' driver.
INFO - 2024-06-11 02:24:32 --> Session: Class initialized using 'CodeIgniter\Session\Handlers\FileHandler' driver.
INFO - 2024-06-11 02:24:32 --> Session: Class initialized using 'CodeIgniter\Session\Handlers\FileHandler' driver.
INFO - 2024-06-11 02:24:32 --> Session: Class initialized using 'CodeIgniter\Session\Handlers\FileHandler' driver.
INFO - 2024-06-11 02:24:32 --> Session: Class initialized using 'CodeIgniter\Session\Handlers\FileHandler' driver.
INFO - 2024-06-11 02:24:34 --> Session: Class initialized using 'CodeIgniter\Session\Handlers\FileHandler' driver.
INFO - 2024-06-11 02:24:36 --> Session: Class initialized using 'CodeIgniter\Session\Handlers\FileHandler' driver.
INFO - 2024-06-11 02:24:36 --> Session: Class initialized using 'CodeIgniter\Session\Handlers\FileHandler' driver.
INFO - 2024-06-11 02:24:38 --> Session: Class initialized using 'CodeIgniter\Session\Handlers\FileHandler' driver.
INFO - 2024-06-11 02:24:38 --> Session: Class initialized using 'CodeIgniter\Session\Handlers\FileHandler' driver.
INFO - 2024-06-11 02:24:43 --> Session: Class initialized using 'CodeIgniter\Session\Handlers\FileHandler' driver.
INFO - 2024-06-11 02:25:30 --> Session: Class initialized using 'CodeIgniter\Session\Handlers\FileHandler' driver.
INFO - 2024-06-11 02:25:35 --> Session: Class initialized using 'CodeIgniter\Session\Handlers\FileHandler' driver.
INFO - 2024-06-11 02:29:20 --> Session: Class initialized using 'CodeIgniter\Session\Handlers\FileHandler' driver.
INFO - 2024-06-11 02:29:22 --> Session: Class initialized using 'CodeIgniter\Session\Handlers\FileHandler' driver.
INFO - 2024-06-11 02:30:50 --> Session: Class initialized using 'CodeIgniter\Session\Handlers\FileHandler' driver.
INFO - 2024-06-11 02:30:51 --> Session: Class initialized using 'CodeIgniter\Session\Handlers\FileHandler' driver.
CRITICAL - 2024-06-11 02:30:51 --> Undefined variable $titulo
in APPPATH\Views\front\plantilla\head.php on line 17.
 1 APPPATH\Views\front\plantilla\head.php(17): CodeIgniter\Debug\Exceptions->errorHandler(2, 'Undefined variable $titulo', 'APPPATH\\Views\\front\\plantilla\\head.php', 17)
 2 SYSTEMPATH\View\View.php(213): include('APPPATH\\Views\\front\\plantilla\\head.php')
 3 SYSTEMPATH\View\View.php(216): CodeIgniter\View\View->CodeIgniter\View\{closure}()
 4 SYSTEMPATH\View\View.php(229): CodeIgniter\View\View->render('front/plantilla/head', [], true)
 5 SYSTEMPATH\Common.php(1184): CodeIgniter\View\View->render('front/crudUsers/addUser', [], true)
 6 APPPATH\Controllers\CRUD_Users.php(22): view('front/crudUsers/addUser', [...])
 7 SYSTEMPATH\CodeIgniter.php(934): App\Controllers\CRUD_Users->addUser()
 8 SYSTEMPATH\CodeIgniter.php(499): CodeIgniter\CodeIgniter->runController(Object(App\Controllers\CRUD_Users))
 9 SYSTEMPATH\CodeIgniter.php(368): CodeIgniter\CodeIgniter->handleRequest(null, Object(Config\Cache), false)
10 FCPATH\index.php(68): CodeIgniter\CodeIgniter->run()
INFO - 2024-06-11 02:31:18 --> Session: Class initialized using 'CodeIgniter\Session\Handlers\FileHandler' driver.
CRITICAL - 2024-06-11 02:31:18 --> Undefined variable $perfiles
in APPPATH\Views\front\crudUsers\addUser.php on line 46.
 1 APPPATH\Views\front\crudUsers\addUser.php(46): CodeIgniter\Debug\Exceptions->errorHandler(2, 'Undefined variable $perfiles', 'APPPATH\\Views\\front\\crudUsers\\addUser.php', 46)
 2 SYSTEMPATH\View\View.php(213): include('APPPATH\\Views\\front\\crudUsers\\addUser.php')
 3 SYSTEMPATH\View\View.php(216): CodeIgniter\View\View->CodeIgniter\View\{closure}()
 4 SYSTEMPATH\Common.php(1184): CodeIgniter\View\View->render('front/crudUsers/addUser', [], true)
 5 APPPATH\Controllers\CRUD_Users.php(22): view('front/crudUsers/addUser', [...])
 6 SYSTEMPATH\CodeIgniter.php(934): App\Controllers\CRUD_Users->addUser()
 7 SYSTEMPATH\CodeIgniter.php(499): CodeIgniter\CodeIgniter->runController(Object(App\Controllers\CRUD_Users))
 8 SYSTEMPATH\CodeIgniter.php(368): CodeIgniter\CodeIgniter->handleRequest(null, Object(Config\Cache), false)
 9 FCPATH\index.php(68): CodeIgniter\CodeIgniter->run()
INFO - 2024-06-11 02:31:30 --> Session: Class initialized using 'CodeIgniter\Session\Handlers\FileHandler' driver.
CRITICAL - 2024-06-11 02:31:30 --> Undefined variable $perfiles
in APPPATH\Views\front\crudUsers\addUser.php on line 46.
 1 APPPATH\Views\front\crudUsers\addUser.php(46): CodeIgniter\Debug\Exceptions->errorHandler(2, 'Undefined variable $perfiles', 'APPPATH\\Views\\front\\crudUsers\\addUser.php', 46)
 2 SYSTEMPATH\View\View.php(213): include('APPPATH\\Views\\front\\crudUsers\\addUser.php')
 3 SYSTEMPATH\View\View.php(216): CodeIgniter\View\View->CodeIgniter\View\{closure}()
 4 SYSTEMPATH\Common.php(1184): CodeIgniter\View\View->render('front/crudUsers/addUser', [], true)
 5 APPPATH\Controllers\CRUD_Users.php(22): view('front/crudUsers/addUser', [...])
 6 SYSTEMPATH\CodeIgniter.php(934): App\Controllers\CRUD_Users->addUser()
 7 SYSTEMPATH\CodeIgniter.php(499): CodeIgniter\CodeIgniter->runController(Object(App\Controllers\CRUD_Users))
 8 SYSTEMPATH\CodeIgniter.php(368): CodeIgniter\CodeIgniter->handleRequest(null, Object(Config\Cache), false)
 9 FCPATH\index.php(68): CodeIgniter\CodeIgniter->run()
INFO - 2024-06-11 02:31:48 --> Session: Class initialized using 'CodeIgniter\Session\Handlers\FileHandler' driver.
CRITICAL - 2024-06-11 02:31:48 --> Invalid file: "front/plantilla/head.php"
in SYSTEMPATH\Exceptions\FrameworkException.php on line 33.
 1 SYSTEMPATH\View\View.php(201): CodeIgniter\Exceptions\FrameworkException::forInvalidFile('front/plantilla/head.php')
 2 SYSTEMPATH\View\View.php(229): CodeIgniter\View\View->render('front/plantilla/head', [], true)
 3 SYSTEMPATH\Common.php(1184): CodeIgniter\View\View->render('front/crudUsers/addUser', [], true)
 4 APPPATH\Controllers\CRUD_Users.php(22): view('front/crudUsers/addUser', [...])
 5 SYSTEMPATH\CodeIgniter.php(934): App\Controllers\CRUD_Users->addUser()
 6 SYSTEMPATH\CodeIgniter.php(499): CodeIgniter\CodeIgniter->runController(Object(App\Controllers\CRUD_Users))
 7 SYSTEMPATH\CodeIgniter.php(368): CodeIgniter\CodeIgniter->handleRequest(null, Object(Config\Cache), false)
 8 FCPATH\index.php(68): CodeIgniter\CodeIgniter->run()
INFO - 2024-06-11 02:32:38 --> Session: Class initialized using 'CodeIgniter\Session\Handlers\FileHandler' driver.
INFO - 2024-06-11 02:32:38 --> Session: Class initialized using 'CodeIgniter\Session\Handlers\FileHandler' driver.
INFO - 2024-06-11 02:32:42 --> Session: Class initialized using 'CodeIgniter\Session\Handlers\FileHandler' driver.
INFO - 2024-06-11 02:32:42 --> Session: Class initialized using 'CodeIgniter\Session\Handlers\FileHandler' driver.
INFO - 2024-06-11 02:32:44 --> Session: Class initialized using 'CodeIgniter\Session\Handlers\FileHandler' driver.
INFO - 2024-06-11 02:32:44 --> Session: Class initialized using 'CodeIgniter\Session\Handlers\FileHandler' driver.
INFO - 2024-06-11 02:33:07 --> Session: Class initialized using 'CodeIgniter\Session\Handlers\FileHandler' driver.
INFO - 2024-06-11 02:33:07 --> Session: Class initialized using 'CodeIgniter\Session\Handlers\FileHandler' driver.
INFO - 2024-06-11 02:33:08 --> Session: Class initialized using 'CodeIgniter\Session\Handlers\FileHandler' driver.
INFO - 2024-06-11 02:33:08 --> Session: Class initialized using 'CodeIgniter\Session\Handlers\FileHandler' driver.
INFO - 2024-06-11 02:33:14 --> Session: Class initialized using 'CodeIgniter\Session\Handlers\FileHandler' driver.
INFO - 2024-06-11 02:33:14 --> Session: Class initialized using 'CodeIgniter\Session\Handlers\FileHandler' driver.
INFO - 2024-06-11 02:33:45 --> Session: Class initialized using 'CodeIgniter\Session\Handlers\FileHandler' driver.
INFO - 2024-06-11 02:33:47 --> Session: Class initialized using 'CodeIgniter\Session\Handlers\FileHandler' driver.
INFO - 2024-06-11 02:34:16 --> Session: Class initialized using 'CodeIgniter\Session\Handlers\FileHandler' driver.
CRITICAL - 2024-06-11 02:34:16 --> Undefined variable $perfiles
in APPPATH\Views\front\crudUsers\addUser.php on line 44.
 1 APPPATH\Views\front\crudUsers\addUser.php(44): CodeIgniter\Debug\Exceptions->errorHandler(2, 'Undefined variable $perfiles', 'APPPATH\\Views\\front\\crudUsers\\addUser.php', 44)
 2 SYSTEMPATH\View\View.php(213): include('APPPATH\\Views\\front\\crudUsers\\addUser.php')
 3 SYSTEMPATH\View\View.php(216): CodeIgniter\View\View->CodeIgniter\View\{closure}()
 4 SYSTEMPATH\Common.php(1184): CodeIgniter\View\View->render('front/crudUsers/addUser', [], true)
 5 APPPATH\Controllers\CRUD_Users.php(22): view('front/crudUsers/addUser', [...])
 6 SYSTEMPATH\CodeIgniter.php(934): App\Controllers\CRUD_Users->addUser()
 7 SYSTEMPATH\CodeIgniter.php(499): CodeIgniter\CodeIgniter->runController(Object(App\Controllers\CRUD_Users))
 8 SYSTEMPATH\CodeIgniter.php(368): CodeIgniter\CodeIgniter->handleRequest(null, Object(Config\Cache), false)
 9 FCPATH\index.php(68): CodeIgniter\CodeIgniter->run()
INFO - 2024-06-11 02:34:24 --> Session: Class initialized using 'CodeIgniter\Session\Handlers\FileHandler' driver.
INFO - 2024-06-11 02:34:33 --> Session: Class initialized using 'CodeIgniter\Session\Handlers\FileHandler' driver.
INFO - 2024-06-11 02:35:26 --> Session: Class initialized using 'CodeIgniter\Session\Handlers\FileHandler' driver.
INFO - 2024-06-11 02:35:28 --> Session: Class initialized using 'CodeIgniter\Session\Handlers\FileHandler' driver.
INFO - 2024-06-11 02:36:06 --> Session: Class initialized using 'CodeIgniter\Session\Handlers\FileHandler' driver.
CRITICAL - 2024-06-11 02:36:06 --> Undefined array key "descripcion"
in APPPATH\Views\front\crudUsers\addUser.php on line 45.
 1 APPPATH\Views\front\crudUsers\addUser.php(45): CodeIgniter\Debug\Exceptions->errorHandler(2, 'Undefined array key "descripcion"', 'APPPATH\\Views\\front\\crudUsers\\addUser.php', 45)
 2 SYSTEMPATH\View\View.php(213): include('APPPATH\\Views\\front\\crudUsers\\addUser.php')
 3 SYSTEMPATH\View\View.php(216): CodeIgniter\View\View->CodeIgniter\View\{closure}()
 4 SYSTEMPATH\Common.php(1184): CodeIgniter\View\View->render('front/crudUsers/addUser', [], true)
 5 APPPATH\Controllers\CRUD_Users.php(22): view('front/crudUsers/addUser', [...])
 6 SYSTEMPATH\CodeIgniter.php(934): App\Controllers\CRUD_Users->addUser()
 7 SYSTEMPATH\CodeIgniter.php(499): CodeIgniter\CodeIgniter->runController(Object(App\Controllers\CRUD_Users))
 8 SYSTEMPATH\CodeIgniter.php(368): CodeIgniter\CodeIgniter->handleRequest(null, Object(Config\Cache), false)
 9 FCPATH\index.php(68): CodeIgniter\CodeIgniter->run()
INFO - 2024-06-11 02:37:44 --> Session: Class initialized using 'CodeIgniter\Session\Handlers\FileHandler' driver.
CRITICAL - 2024-06-11 02:37:44 --> Undefined array key "descripcion"
in APPPATH\Views\front\crudUsers\addUser.php on line 45.
 1 APPPATH\Views\front\crudUsers\addUser.php(45): CodeIgniter\Debug\Exceptions->errorHandler(2, 'Undefined array key "descripcion"', 'APPPATH\\Views\\front\\crudUsers\\addUser.php', 45)
 2 SYSTEMPATH\View\View.php(213): include('APPPATH\\Views\\front\\crudUsers\\addUser.php')
 3 SYSTEMPATH\View\View.php(216): CodeIgniter\View\View->CodeIgniter\View\{closure}()
 4 SYSTEMPATH\Common.php(1184): CodeIgniter\View\View->render('front/crudUsers/addUser', [], true)
 5 APPPATH\Controllers\CRUD_Users.php(22): view('front/crudUsers/addUser', [...])
 6 SYSTEMPATH\CodeIgniter.php(934): App\Controllers\CRUD_Users->addUser()
 7 SYSTEMPATH\CodeIgniter.php(499): CodeIgniter\CodeIgniter->runController(Object(App\Controllers\CRUD_Users))
 8 SYSTEMPATH\CodeIgniter.php(368): CodeIgniter\CodeIgniter->handleRequest(null, Object(Config\Cache), false)
 9 FCPATH\index.php(68): CodeIgniter\CodeIgniter->run()
INFO - 2024-06-11 02:38:52 --> Session: Class initialized using 'CodeIgniter\Session\Handlers\FileHandler' driver.
INFO - 2024-06-11 02:39:05 --> Session: Class initialized using 'CodeIgniter\Session\Handlers\FileHandler' driver.
INFO - 2024-06-11 02:39:41 --> Session: Class initialized using 'CodeIgniter\Session\Handlers\FileHandler' driver.
INFO - 2024-06-11 02:39:43 --> Session: Class initialized using 'CodeIgniter\Session\Handlers\FileHandler' driver.
INFO - 2024-06-11 02:40:27 --> Session: Class initialized using 'CodeIgniter\Session\Handlers\FileHandler' driver.
INFO - 2024-06-11 02:40:47 --> Session: Class initialized using 'CodeIgniter\Session\Handlers\FileHandler' driver.
INFO - 2024-06-11 02:44:43 --> Session: Class initialized using 'CodeIgniter\Session\Handlers\FileHandler' driver.
INFO - 2024-06-11 02:44:57 --> Session: Class initialized using 'CodeIgniter\Session\Handlers\FileHandler' driver.
INFO - 2024-06-11 02:49:12 --> Session: Class initialized using 'CodeIgniter\Session\Handlers\FileHandler' driver.
INFO - 2024-06-11 02:49:27 --> Session: Class initialized using 'CodeIgniter\Session\Handlers\FileHandler' driver.
INFO - 2024-06-11 02:49:41 --> Session: Class initialized using 'CodeIgniter\Session\Handlers\FileHandler' driver.
INFO - 2024-06-11 02:50:07 --> Session: Class initialized using 'CodeIgniter\Session\Handlers\FileHandler' driver.
INFO - 2024-06-11 02:59:04 --> Session: Class initialized using 'CodeIgniter\Session\Handlers\FileHandler' driver.
INFO - 2024-06-11 03:05:16 --> Session: Class initialized using 'CodeIgniter\Session\Handlers\FileHandler' driver.
INFO - 2024-06-11 03:05:22 --> Session: Class initialized using 'CodeIgniter\Session\Handlers\FileHandler' driver.
INFO - 2024-06-11 03:06:08 --> Session: Class initialized using 'CodeIgniter\Session\Handlers\FileHandler' driver.
INFO - 2024-06-11 03:09:53 --> Session: Class initialized using 'CodeIgniter\Session\Handlers\FileHandler' driver.
INFO - 2024-06-11 03:10:00 --> Session: Class initialized using 'CodeIgniter\Session\Handlers\FileHandler' driver.
INFO - 2024-06-11 03:10:00 --> Session: Class initialized using 'CodeIgniter\Session\Handlers\FileHandler' driver.
INFO - 2024-06-11 03:10:00 --> Session: Class initialized using 'CodeIgniter\Session\Handlers\FileHandler' driver.
INFO - 2024-06-11 03:10:00 --> Session: Class initialized using 'CodeIgniter\Session\Handlers\FileHandler' driver.
INFO - 2024-06-11 03:10:03 --> Session: Class initialized using 'CodeIgniter\Session\Handlers\FileHandler' driver.
INFO - 2024-06-11 03:10:10 --> Session: Class initialized using 'CodeIgniter\Session\Handlers\FileHandler' driver.
INFO - 2024-06-11 03:10:12 --> Session: Class initialized using 'CodeIgniter\Session\Handlers\FileHandler' driver.
CRITICAL - 2024-06-11 03:10:12 --> Undefined variable $titulo
in APPPATH\Views\front\plantilla\layout.php on line 12.
 1 APPPATH\Views\front\plantilla\layout.php(12): CodeIgniter\Debug\Exceptions->errorHandler(2, 'Undefined variable $titulo', 'APPPATH\\Views\\front\\plantilla\\layout.php', 12)
 2 SYSTEMPATH\View\View.php(213): include('APPPATH\\Views\\front\\plantilla\\layout.php')
 3 SYSTEMPATH\View\View.php(216): CodeIgniter\View\View->CodeIgniter\View\{closure}()
 4 SYSTEMPATH\View\View.php(229): CodeIgniter\View\View->render('front/plantilla/layout', [], true)
 5 SYSTEMPATH\Common.php(1184): CodeIgniter\View\View->render('front/crudUsers/addUser', [], true)
 6 APPPATH\Controllers\CRUD_Users.php(22): view('front/crudUsers/addUser', [...])
 7 SYSTEMPATH\CodeIgniter.php(934): App\Controllers\CRUD_Users->addUser()
 8 SYSTEMPATH\CodeIgniter.php(499): CodeIgniter\CodeIgniter->runController(Object(App\Controllers\CRUD_Users))
 9 SYSTEMPATH\CodeIgniter.php(368): CodeIgniter\CodeIgniter->handleRequest(null, Object(Config\Cache), false)
10 FCPATH\index.php(68): CodeIgniter\CodeIgniter->run()
INFO - 2024-06-11 03:10:15 --> Session: Class initialized using 'CodeIgniter\Session\Handlers\FileHandler' driver.
INFO - 2024-06-11 03:10:16 --> Session: Class initialized using 'CodeIgniter\Session\Handlers\FileHandler' driver.
INFO - 2024-06-11 03:10:18 --> Session: Class initialized using 'CodeIgniter\Session\Handlers\FileHandler' driver.
INFO - 2024-06-11 03:10:19 --> Session: Class initialized using 'CodeIgniter\Session\Handlers\FileHandler' driver.
CRITICAL - 2024-06-11 03:10:19 --> Undefined variable $titulo
in APPPATH\Views\front\plantilla\layout.php on line 12.
 1 APPPATH\Views\front\plantilla\layout.php(12): CodeIgniter\Debug\Exceptions->errorHandler(2, 'Undefined variable $titulo', 'APPPATH\\Views\\front\\plantilla\\layout.php', 12)
 2 SYSTEMPATH\View\View.php(213): include('APPPATH\\Views\\front\\plantilla\\layout.php')
 3 SYSTEMPATH\View\View.php(216): CodeIgniter\View\View->CodeIgniter\View\{closure}()
 4 SYSTEMPATH\View\View.php(229): CodeIgniter\View\View->render('front/plantilla/layout', [], true)
 5 SYSTEMPATH\Common.php(1184): CodeIgniter\View\View->render('front/crudUsers/addUser', [], true)
 6 APPPATH\Controllers\CRUD_Users.php(22): view('front/crudUsers/addUser', [...])
 7 SYSTEMPATH\CodeIgniter.php(934): App\Controllers\CRUD_Users->addUser()
 8 SYSTEMPATH\CodeIgniter.php(499): CodeIgniter\CodeIgniter->runController(Object(App\Controllers\CRUD_Users))
 9 SYSTEMPATH\CodeIgniter.php(368): CodeIgniter\CodeIgniter->handleRequest(null, Object(Config\Cache), false)
10 FCPATH\index.php(68): CodeIgniter\CodeIgniter->run()
INFO - 2024-06-11 03:14:36 --> Session: Class initialized using 'CodeIgniter\Session\Handlers\FileHandler' driver.
INFO - 2024-06-11 03:15:54 --> Session: Class initialized using 'CodeIgniter\Session\Handlers\FileHandler' driver.
INFO - 2024-06-11 03:17:09 --> Session: Class initialized using 'CodeIgniter\Session\Handlers\FileHandler' driver.
INFO - 2024-06-11 03:17:10 --> Session: Class initialized using 'CodeIgniter\Session\Handlers\FileHandler' driver.
INFO - 2024-06-11 03:17:10 --> Session: Class initialized using 'CodeIgniter\Session\Handlers\FileHandler' driver.
INFO - 2024-06-11 03:17:10 --> Session: Class initialized using 'CodeIgniter\Session\Handlers\FileHandler' driver.
INFO - 2024-06-11 03:17:11 --> Session: Class initialized using 'CodeIgniter\Session\Handlers\FileHandler' driver.
INFO - 2024-06-11 03:17:33 --> Session: Class initialized using 'CodeIgniter\Session\Handlers\FileHandler' driver.
CRITICAL - 2024-06-11 03:17:34 --> Undefined variable $titulo
in APPPATH\Views\front\plantilla\head.php on line 17.
 1 APPPATH\Views\front\plantilla\head.php(17): CodeIgniter\Debug\Exceptions->errorHandler(2, 'Undefined variable $titulo', 'APPPATH\\Views\\front\\plantilla\\head.php', 17)
 2 SYSTEMPATH\View\View.php(213): include('APPPATH\\Views\\front\\plantilla\\head.php')
 3 SYSTEMPATH\View\View.php(216): CodeIgniter\View\View->CodeIgniter\View\{closure}()
 4 SYSTEMPATH\View\View.php(229): CodeIgniter\View\View->render('front/plantilla/head', [], true)
 5 SYSTEMPATH\Common.php(1184): CodeIgniter\View\View->render('front/crudUsers/addUser', [], true)
 6 APPPATH\Controllers\CRUD_Users.php(22): view('front/crudUsers/addUser', [...])
 7 SYSTEMPATH\CodeIgniter.php(934): App\Controllers\CRUD_Users->addUser()
 8 SYSTEMPATH\CodeIgniter.php(499): CodeIgniter\CodeIgniter->runController(Object(App\Controllers\CRUD_Users))
 9 SYSTEMPATH\CodeIgniter.php(368): CodeIgniter\CodeIgniter->handleRequest(null, Object(Config\Cache), false)
10 FCPATH\index.php(68): CodeIgniter\CodeIgniter->run()
INFO - 2024-06-11 03:19:31 --> Session: Class initialized using 'CodeIgniter\Session\Handlers\FileHandler' driver.
INFO - 2024-06-11 03:19:31 --> Session: Class initialized using 'CodeIgniter\Session\Handlers\FileHandler' driver.
INFO - 2024-06-11 03:20:43 --> Session: Class initialized using 'CodeIgniter\Session\Handlers\FileHandler' driver.
INFO - 2024-06-11 03:22:32 --> Session: Class initialized using 'CodeIgniter\Session\Handlers\FileHandler' driver.
INFO - 2024-06-11 03:22:56 --> Session: Class initialized using 'CodeIgniter\Session\Handlers\FileHandler' driver.
INFO - 2024-06-11 03:23:02 --> Session: Class initialized using 'CodeIgniter\Session\Handlers\FileHandler' driver.
INFO - 2024-06-11 03:23:03 --> Session: Class initialized using 'CodeIgniter\Session\Handlers\FileHandler' driver.
INFO - 2024-06-11 03:23:19 --> Session: Class initialized using 'CodeIgniter\Session\Handlers\FileHandler' driver.
CRITICAL - 2024-06-11 03:23:19 --> View themes, no current section.
in SYSTEMPATH\View\View.php on line 394.
 1 APPPATH\Views\front\plantilla\head.php(20): CodeIgniter\View\View->endSection()
 2 SYSTEMPATH\View\View.php(213): include('APPPATH\\Views\\front\\plantilla\\head.php')
 3 SYSTEMPATH\View\View.php(216): CodeIgniter\View\View->CodeIgniter\View\{closure}()
 4 SYSTEMPATH\Common.php(1184): CodeIgniter\View\View->render('front/plantilla/head.php', [], true)
 5 APPPATH\Controllers\CRUD_Users.php(22): view('front/plantilla/head.php', [...])
 6 SYSTEMPATH\CodeIgniter.php(934): App\Controllers\CRUD_Users->addUser()
 7 SYSTEMPATH\CodeIgniter.php(499): CodeIgniter\CodeIgniter->runController(Object(App\Controllers\CRUD_Users))
 8 SYSTEMPATH\CodeIgniter.php(368): CodeIgniter\CodeIgniter->handleRequest(null, Object(Config\Cache), false)
 9 FCPATH\index.php(68): CodeIgniter\CodeIgniter->run()
INFO - 2024-06-11 03:25:06 --> Session: Class initialized using 'CodeIgniter\Session\Handlers\FileHandler' driver.
CRITICAL - 2024-06-11 03:25:06 --> Undefined variable $titulo
in APPPATH\Views\front\plantilla\head.php on line 17.
 1 APPPATH\Views\front\plantilla\head.php(17): CodeIgniter\Debug\Exceptions->errorHandler(2, 'Undefined variable $titulo', 'APPPATH\\Views\\front\\plantilla\\head.php', 17)
 2 SYSTEMPATH\View\View.php(213): include('APPPATH\\Views\\front\\plantilla\\head.php')
 3 SYSTEMPATH\View\View.php(216): CodeIgniter\View\View->CodeIgniter\View\{closure}()
 4 SYSTEMPATH\View\View.php(229): CodeIgniter\View\View->render('front/plantilla/head', [], true)
 5 SYSTEMPATH\Common.php(1184): CodeIgniter\View\View->render('front/crudUsers/addUser', [], true)
 6 APPPATH\Controllers\CRUD_Users.php(23): view('front/crudUsers/addUser', [...])
 7 SYSTEMPATH\CodeIgniter.php(934): App\Controllers\CRUD_Users->addUser()
 8 SYSTEMPATH\CodeIgniter.php(499): CodeIgniter\CodeIgniter->runController(Object(App\Controllers\CRUD_Users))
 9 SYSTEMPATH\CodeIgniter.php(368): CodeIgniter\CodeIgniter->handleRequest(null, Object(Config\Cache), false)
10 FCPATH\index.php(68): CodeIgniter\CodeIgniter->run()
INFO - 2024-06-11 03:25:16 --> Session: Class initialized using 'CodeIgniter\Session\Handlers\FileHandler' driver.
INFO - 2024-06-11 03:25:22 --> Session: Class initialized using 'CodeIgniter\Session\Handlers\FileHandler' driver.
INFO - 2024-06-11 03:25:49 --> Session: Class initialized using 'CodeIgniter\Session\Handlers\FileHandler' driver.
INFO - 2024-06-11 03:25:51 --> Session: Class initialized using 'CodeIgniter\Session\Handlers\FileHandler' driver.
CRITICAL - 2024-06-11 03:25:51 --> Undefined variable $perfiles
in APPPATH\Views\front\crudUsers\addUser.php on line 45.
 1 APPPATH\Views\front\crudUsers\addUser.php(45): CodeIgniter\Debug\Exceptions->errorHandler(2, 'Undefined variable $perfiles', 'APPPATH\\Views\\front\\crudUsers\\addUser.php', 45)
 2 SYSTEMPATH\View\View.php(213): include('APPPATH\\Views\\front\\crudUsers\\addUser.php')
 3 SYSTEMPATH\View\View.php(216): CodeIgniter\View\View->CodeIgniter\View\{closure}()
 4 SYSTEMPATH\Common.php(1184): CodeIgniter\View\View->render('front/crudUsers/addUser', [], true)
 5 APPPATH\Controllers\CRUD_Users.php(23): view('front/crudUsers/addUser', [...])
 6 SYSTEMPATH\CodeIgniter.php(934): App\Controllers\CRUD_Users->addUser()
 7 SYSTEMPATH\CodeIgniter.php(499): CodeIgniter\CodeIgniter->runController(Object(App\Controllers\CRUD_Users))
 8 SYSTEMPATH\CodeIgniter.php(368): CodeIgniter\CodeIgniter->handleRequest(null, Object(Config\Cache), false)
 9 FCPATH\index.php(68): CodeIgniter\CodeIgniter->run()
INFO - 2024-06-11 03:25:52 --> Session: Class initialized using 'CodeIgniter\Session\Handlers\FileHandler' driver.
CRITICAL - 2024-06-11 03:25:52 --> Undefined variable $perfiles
in APPPATH\Views\front\crudUsers\addUser.php on line 45.
 1 APPPATH\Views\front\crudUsers\addUser.php(45): CodeIgniter\Debug\Exceptions->errorHandler(2, 'Undefined variable $perfiles', 'APPPATH\\Views\\front\\crudUsers\\addUser.php', 45)
 2 SYSTEMPATH\View\View.php(213): include('APPPATH\\Views\\front\\crudUsers\\addUser.php')
 3 SYSTEMPATH\View\View.php(216): CodeIgniter\View\View->CodeIgniter\View\{closure}()
 4 SYSTEMPATH\Common.php(1184): CodeIgniter\View\View->render('front/crudUsers/addUser', [], true)
 5 APPPATH\Controllers\CRUD_Users.php(23): view('front/crudUsers/addUser', [...])
 6 SYSTEMPATH\CodeIgniter.php(934): App\Controllers\CRUD_Users->addUser()
 7 SYSTEMPATH\CodeIgniter.php(499): CodeIgniter\CodeIgniter->runController(Object(App\Controllers\CRUD_Users))
 8 SYSTEMPATH\CodeIgniter.php(368): CodeIgniter\CodeIgniter->handleRequest(null, Object(Config\Cache), false)
 9 FCPATH\index.php(68): CodeIgniter\CodeIgniter->run()
INFO - 2024-06-11 03:25:56 --> Session: Class initialized using 'CodeIgniter\Session\Handlers\FileHandler' driver.
INFO - 2024-06-11 03:25:58 --> Session: Class initialized using 'CodeIgniter\Session\Handlers\FileHandler' driver.
INFO - 2024-06-11 03:25:59 --> Session: Class initialized using 'CodeIgniter\Session\Handlers\FileHandler' driver.
INFO - 2024-06-11 03:26:01 --> Session: Class initialized using 'CodeIgniter\Session\Handlers\FileHandler' driver.
INFO - 2024-06-11 03:26:03 --> Session: Class initialized using 'CodeIgniter\Session\Handlers\FileHandler' driver.
INFO - 2024-06-11 03:26:07 --> Session: Class initialized using 'CodeIgniter\Session\Handlers\FileHandler' driver.
INFO - 2024-06-11 03:26:08 --> Session: Class initialized using 'CodeIgniter\Session\Handlers\FileHandler' driver.
INFO - 2024-06-11 03:26:09 --> Session: Class initialized using 'CodeIgniter\Session\Handlers\FileHandler' driver.
INFO - 2024-06-11 03:26:48 --> Session: Class initialized using 'CodeIgniter\Session\Handlers\FileHandler' driver.
INFO - 2024-06-11 03:26:49 --> Session: Class initialized using 'CodeIgniter\Session\Handlers\FileHandler' driver.
INFO - 2024-06-11 03:26:51 --> Session: Class initialized using 'CodeIgniter\Session\Handlers\FileHandler' driver.
INFO - 2024-06-11 03:26:52 --> Session: Class initialized using 'CodeIgniter\Session\Handlers\FileHandler' driver.
INFO - 2024-06-11 03:26:53 --> Session: Class initialized using 'CodeIgniter\Session\Handlers\FileHandler' driver.
INFO - 2024-06-11 03:27:03 --> Session: Class initialized using 'CodeIgniter\Session\Handlers\FileHandler' driver.
INFO - 2024-06-11 03:29:10 --> Session: Class initialized using 'CodeIgniter\Session\Handlers\FileHandler' driver.
INFO - 2024-06-11 03:29:15 --> Session: Class initialized using 'CodeIgniter\Session\Handlers\FileHandler' driver.
INFO - 2024-06-11 03:29:15 --> Session: Class initialized using 'CodeIgniter\Session\Handlers\FileHandler' driver.
INFO - 2024-06-11 03:29:16 --> Session: Class initialized using 'CodeIgniter\Session\Handlers\FileHandler' driver.
INFO - 2024-06-11 03:29:17 --> Session: Class initialized using 'CodeIgniter\Session\Handlers\FileHandler' driver.
INFO - 2024-06-11 03:29:19 --> Session: Class initialized using 'CodeIgniter\Session\Handlers\FileHandler' driver.
INFO - 2024-06-11 03:29:22 --> Session: Class initialized using 'CodeIgniter\Session\Handlers\FileHandler' driver.
INFO - 2024-06-11 03:29:53 --> Session: Class initialized using 'CodeIgniter\Session\Handlers\FileHandler' driver.
INFO - 2024-06-11 03:29:55 --> Session: Class initialized using 'CodeIgniter\Session\Handlers\FileHandler' driver.
INFO - 2024-06-11 03:29:57 --> Session: Class initialized using 'CodeIgniter\Session\Handlers\FileHandler' driver.
INFO - 2024-06-11 03:29:58 --> Session: Class initialized using 'CodeIgniter\Session\Handlers\FileHandler' driver.
INFO - 2024-06-11 03:30:02 --> Session: Class initialized using 'CodeIgniter\Session\Handlers\FileHandler' driver.
INFO - 2024-06-11 03:30:03 --> Session: Class initialized using 'CodeIgniter\Session\Handlers\FileHandler' driver.
INFO - 2024-06-11 03:30:06 --> Session: Class initialized using 'CodeIgniter\Session\Handlers\FileHandler' driver.
INFO - 2024-06-11 03:30:08 --> Session: Class initialized using 'CodeIgniter\Session\Handlers\FileHandler' driver.
INFO - 2024-06-11 03:30:09 --> Session: Class initialized using 'CodeIgniter\Session\Handlers\FileHandler' driver.
INFO - 2024-06-11 03:30:10 --> Session: Class initialized using 'CodeIgniter\Session\Handlers\FileHandler' driver.
INFO - 2024-06-11 03:30:11 --> Session: Class initialized using 'CodeIgniter\Session\Handlers\FileHandler' driver.
INFO - 2024-06-11 03:30:12 --> Session: Class initialized using 'CodeIgniter\Session\Handlers\FileHandler' driver.
INFO - 2024-06-11 03:30:13 --> Session: Class initialized using 'CodeIgniter\Session\Handlers\FileHandler' driver.
INFO - 2024-06-11 03:30:14 --> Session: Class initialized using 'CodeIgniter\Session\Handlers\FileHandler' driver.
INFO - 2024-06-11 03:30:15 --> Session: Class initialized using 'CodeIgniter\Session\Handlers\FileHandler' driver.
INFO - 2024-06-11 03:35:04 --> Session: Class initialized using 'CodeIgniter\Session\Handlers\FileHandler' driver.
INFO - 2024-06-11 03:35:04 --> Cart Class Initialized
INFO - 2024-06-11 03:35:06 --> Session: Class initialized using 'CodeIgniter\Session\Handlers\FileHandler' driver.
INFO - 2024-06-11 03:35:11 --> Session: Class initialized using 'CodeIgniter\Session\Handlers\FileHandler' driver.
INFO - 2024-06-11 06:52:08 --> Session: Class initialized using 'CodeIgniter\Session\Handlers\FileHandler' driver.
INFO - 2024-06-11 06:52:14 --> Session: Class initialized using 'CodeIgniter\Session\Handlers\FileHandler' driver.
INFO - 2024-06-11 06:52:17 --> Session: Class initialized using 'CodeIgniter\Session\Handlers\FileHandler' driver.
INFO - 2024-06-11 06:52:18 --> Session: Class initialized using 'CodeIgniter\Session\Handlers\FileHandler' driver.
INFO - 2024-06-11 06:52:19 --> Session: Class initialized using 'CodeIgniter\Session\Handlers\FileHandler' driver.
INFO - 2024-06-11 06:52:21 --> Session: Class initialized using 'CodeIgniter\Session\Handlers\FileHandler' driver.
INFO - 2024-06-11 06:55:04 --> Session: Class initialized using 'CodeIgniter\Session\Handlers\FileHandler' driver.
INFO - 2024-06-11 06:55:07 --> Session: Class initialized using 'CodeIgniter\Session\Handlers\FileHandler' driver.
INFO - 2024-06-11 06:55:57 --> Session: Class initialized using 'CodeIgniter\Session\Handlers\FileHandler' driver.
INFO - 2024-06-11 06:56:11 --> Session: Class initialized using 'CodeIgniter\Session\Handlers\FileHandler' driver.
INFO - 2024-06-11 06:56:30 --> Session: Class initialized using 'CodeIgniter\Session\Handlers\FileHandler' driver.
INFO - 2024-06-11 06:56:32 --> Session: Class initialized using 'CodeIgniter\Session\Handlers\FileHandler' driver.
INFO - 2024-06-11 06:58:40 --> Session: Class initialized using 'CodeIgniter\Session\Handlers\FileHandler' driver.
INFO - 2024-06-11 07:00:02 --> Session: Class initialized using 'CodeIgniter\Session\Handlers\FileHandler' driver.
INFO - 2024-06-11 07:00:04 --> Session: Class initialized using 'CodeIgniter\Session\Handlers\FileHandler' driver.
INFO - 2024-06-11 07:00:15 --> Session: Class initialized using 'CodeIgniter\Session\Handlers\FileHandler' driver.
INFO - 2024-06-11 07:00:17 --> Session: Class initialized using 'CodeIgniter\Session\Handlers\FileHandler' driver.
INFO - 2024-06-11 07:07:32 --> Session: Class initialized using 'CodeIgniter\Session\Handlers\FileHandler' driver.
INFO - 2024-06-11 07:07:52 --> Session: Class initialized using 'CodeIgniter\Session\Handlers\FileHandler' driver.
INFO - 2024-06-11 07:07:55 --> Session: Class initialized using 'CodeIgniter\Session\Handlers\FileHandler' driver.
INFO - 2024-06-11 07:08:02 --> Session: Class initialized using 'CodeIgniter\Session\Handlers\FileHandler' driver.
INFO - 2024-06-11 07:08:47 --> Session: Class initialized using 'CodeIgniter\Session\Handlers\FileHandler' driver.
INFO - 2024-06-11 07:10:38 --> Session: Class initialized using 'CodeIgniter\Session\Handlers\FileHandler' driver.
INFO - 2024-06-11 07:11:24 --> Session: Class initialized using 'CodeIgniter\Session\Handlers\FileHandler' driver.
INFO - 2024-06-11 07:11:30 --> Session: Class initialized using 'CodeIgniter\Session\Handlers\FileHandler' driver.
INFO - 2024-06-11 07:11:35 --> Session: Class initialized using 'CodeIgniter\Session\Handlers\FileHandler' driver.
INFO - 2024-06-11 07:12:59 --> Session: Class initialized using 'CodeIgniter\Session\Handlers\FileHandler' driver.
INFO - 2024-06-11 07:13:07 --> Session: Class initialized using 'CodeIgniter\Session\Handlers\FileHandler' driver.
INFO - 2024-06-11 07:17:02 --> Session: Class initialized using 'CodeIgniter\Session\Handlers\FileHandler' driver.
ERROR - 2024-06-11 07:17:02 --> mysqli_sql_exception: Unknown column 'id' in 'where clause' in A:\xampp\htdocs\proyecto_parras_alan\system\Database\MySQLi\Connection.php:295
Stack trace:
#0 A:\xampp\htdocs\proyecto_parras_alan\system\Database\MySQLi\Connection.php(295): mysqli->query('SELECT 1\nFROM `...', 0)
#1 A:\xampp\htdocs\proyecto_parras_alan\system\Database\BaseConnection.php(691): CodeIgniter\Database\MySQLi\Connection->execute('SELECT 1\nFROM `...')
#2 A:\xampp\htdocs\proyecto_parras_alan\system\Database\BaseConnection.php(605): CodeIgniter\Database\BaseConnection->simpleQuery('SELECT 1\nFROM `...')
#3 A:\xampp\htdocs\proyecto_parras_alan\system\Database\BaseBuilder.php(1616): CodeIgniter\Database\BaseConnection->query('SELECT 1\nFROM `...', Array, false)
#4 A:\xampp\htdocs\proyecto_parras_alan\system\Validation\StrictRules\Rules.php(147): CodeIgniter\Database\BaseBuilder->get()
#5 A:\xampp\htdocs\proyecto_parras_alan\system\Validation\Validation.php(312): CodeIgniter\Validation\StrictRules\Rules->is_not_unique('2', 'id', Array, NULL, 'profile')
#6 A:\xampp\htdocs\proyecto_parras_alan\system\Validation\Validation.php(170): CodeIgniter\Validation\Validation->processRules('profile', 'profile', '2', Array, Array)
#7 A:\xampp\htdocs\proyecto_parras_alan\system\Controller.php(140): CodeIgniter\Validation\Validation->run()
#8 A:\xampp\htdocs\proyecto_parras_alan\app\Controllers\CrudUsers.php(40): CodeIgniter\Controller->validate(Array)
#9 A:\xampp\htdocs\proyecto_parras_alan\system\CodeIgniter.php(934): App\Controllers\CrudUsers->create()
#10 A:\xampp\htdocs\proyecto_parras_alan\system\CodeIgniter.php(499): CodeIgniter\CodeIgniter->runController(Object(App\Controllers\CrudUsers))
#11 A:\xampp\htdocs\proyecto_parras_alan\system\CodeIgniter.php(368): CodeIgniter\CodeIgniter->handleRequest(NULL, Object(Config\Cache), false)
#12 A:\xampp\htdocs\proyecto_parras_alan\index.php(68): CodeIgniter\CodeIgniter->run()
#13 {main}
CRITICAL - 2024-06-11 07:17:03 --> Unknown column 'id' in 'where clause'
in SYSTEMPATH\Database\BaseConnection.php on line 645.
 1 SYSTEMPATH\Database\BaseBuilder.php(1616): CodeIgniter\Database\BaseConnection->query('SELECT 1
FROM `perfiles`
WHERE `id` = :id:
 LIMIT 1', [...], false)
 2 SYSTEMPATH\Validation\StrictRules\Rules.php(147): CodeIgniter\Database\BaseBuilder->get()
 3 SYSTEMPATH\Validation\Validation.php(312): CodeIgniter\Validation\StrictRules\Rules->is_not_unique('2', 'id', [...], null, 'profile')
 4 SYSTEMPATH\Validation\Validation.php(170): CodeIgniter\Validation\Validation->processRules('profile', 'profile', '2', [...], [...])
 5 SYSTEMPATH\Controller.php(140): CodeIgniter\Validation\Validation->run()
 6 APPPATH\Controllers\CrudUsers.php(40): CodeIgniter\Controller->validate([...])
 7 SYSTEMPATH\CodeIgniter.php(934): App\Controllers\CrudUsers->create()
 8 SYSTEMPATH\CodeIgniter.php(499): CodeIgniter\CodeIgniter->runController(Object(App\Controllers\CrudUsers))
 9 SYSTEMPATH\CodeIgniter.php(368): CodeIgniter\CodeIgniter->handleRequest(null, Object(Config\Cache), false)
10 FCPATH\index.php(68): CodeIgniter\CodeIgniter->run()
INFO - 2024-06-11 07:18:32 --> Session: Class initialized using 'CodeIgniter\Session\Handlers\FileHandler' driver.
CRITICAL - 2024-06-11 07:18:32 --> Undefined array key "profile"
in APPPATH\Controllers\CrudUsers.php on line 56.
 1 APPPATH\Controllers\CrudUsers.php(56): CodeIgniter\Debug\Exceptions->errorHandler(2, 'Undefined array key "profile"', 'APPPATH\\Controllers\\CrudUsers.php', 56)
 2 SYSTEMPATH\CodeIgniter.php(934): App\Controllers\CrudUsers->create()
 3 SYSTEMPATH\CodeIgniter.php(499): CodeIgniter\CodeIgniter->runController(Object(App\Controllers\CrudUsers))
 4 SYSTEMPATH\CodeIgniter.php(368): CodeIgniter\CodeIgniter->handleRequest(null, Object(Config\Cache), false)
 5 FCPATH\index.php(68): CodeIgniter\CodeIgniter->run()
INFO - 2024-06-11 07:18:33 --> Session: Class initialized using 'CodeIgniter\Session\Handlers\FileHandler' driver.
INFO - 2024-06-11 07:18:38 --> Session: Class initialized using 'CodeIgniter\Session\Handlers\FileHandler' driver.
CRITICAL - 2024-06-11 07:18:38 --> Undefined array key "profile"
in APPPATH\Controllers\CrudUsers.php on line 56.
 1 APPPATH\Controllers\CrudUsers.php(56): CodeIgniter\Debug\Exceptions->errorHandler(2, 'Undefined array key "profile"', 'APPPATH\\Controllers\\CrudUsers.php', 56)
 2 SYSTEMPATH\CodeIgniter.php(934): App\Controllers\CrudUsers->create()
 3 SYSTEMPATH\CodeIgniter.php(499): CodeIgniter\CodeIgniter->runController(Object(App\Controllers\CrudUsers))
 4 SYSTEMPATH\CodeIgniter.php(368): CodeIgniter\CodeIgniter->handleRequest(null, Object(Config\Cache), false)
 5 FCPATH\index.php(68): CodeIgniter\CodeIgniter->run()
INFO - 2024-06-11 07:20:27 --> Session: Class initialized using 'CodeIgniter\Session\Handlers\FileHandler' driver.
INFO - 2024-06-11 07:20:31 --> Session: Class initialized using 'CodeIgniter\Session\Handlers\FileHandler' driver.
ERROR - 2024-06-11 07:20:32 --> mysqli_sql_exception: Column 'id_perfil' cannot be null in A:\xampp\htdocs\proyecto_parras_alan\system\Database\MySQLi\Connection.php:295
Stack trace:
#0 A:\xampp\htdocs\proyecto_parras_alan\system\Database\MySQLi\Connection.php(295): mysqli->query('INSERT INTO `us...', 0)
#1 A:\xampp\htdocs\proyecto_parras_alan\system\Database\BaseConnection.php(691): CodeIgniter\Database\MySQLi\Connection->execute('INSERT INTO `us...')
#2 A:\xampp\htdocs\proyecto_parras_alan\system\Database\BaseConnection.php(605): CodeIgniter\Database\BaseConnection->simpleQuery('INSERT INTO `us...')
#3 A:\xampp\htdocs\proyecto_parras_alan\system\Database\BaseBuilder.php(2309): CodeIgniter\Database\BaseConnection->query('INSERT INTO `us...', Array, false)
#4 A:\xampp\htdocs\proyecto_parras_alan\system\Model.php(330): CodeIgniter\Database\BaseBuilder->insert()
#5 A:\xampp\htdocs\proyecto_parras_alan\system\BaseModel.php(782): CodeIgniter\Model->doInsert(Array)
#6 A:\xampp\htdocs\proyecto_parras_alan\system\Model.php(730): CodeIgniter\BaseModel->insert(Array, true)
#7 A:\xampp\htdocs\proyecto_parras_alan\app\Controllers\CrudUsers.php(57): CodeIgniter\Model->insert(Array)
#8 A:\xampp\htdocs\proyecto_parras_alan\system\CodeIgniter.php(934): App\Controllers\CrudUsers->create()
#9 A:\xampp\htdocs\proyecto_parras_alan\system\CodeIgniter.php(499): CodeIgniter\CodeIgniter->runController(Object(App\Controllers\CrudUsers))
#10 A:\xampp\htdocs\proyecto_parras_alan\system\CodeIgniter.php(368): CodeIgniter\CodeIgniter->handleRequest(NULL, Object(Config\Cache), false)
#11 A:\xampp\htdocs\proyecto_parras_alan\index.php(68): CodeIgniter\CodeIgniter->run()
#12 {main}
CRITICAL - 2024-06-11 07:20:32 --> Column 'id_perfil' cannot be null
in SYSTEMPATH\Database\BaseConnection.php on line 645.
 1 SYSTEMPATH\Database\BaseBuilder.php(2309): CodeIgniter\Database\BaseConnection->query('INSERT INTO `users` (`nombre`, `apellido`, `dni`, `user`, `email`, `pass`, `id_perfil`, `active`, `created_at`) VALUES (:nombre:, :apellido:, :dni:, :user:, :email:, :pass:, :id_perfil:, :active:, :created_at:)', [...], false)
 2 SYSTEMPATH\Model.php(330): CodeIgniter\Database\BaseBuilder->insert()
 3 SYSTEMPATH\BaseModel.php(782): CodeIgniter\Model->doInsert([...])
 4 SYSTEMPATH\Model.php(730): CodeIgniter\BaseModel->insert([...], true)
 5 APPPATH\Controllers\CrudUsers.php(57): CodeIgniter\Model->insert([...])
 6 SYSTEMPATH\CodeIgniter.php(934): App\Controllers\CrudUsers->create()
 7 SYSTEMPATH\CodeIgniter.php(499): CodeIgniter\CodeIgniter->runController(Object(App\Controllers\CrudUsers))
 8 SYSTEMPATH\CodeIgniter.php(368): CodeIgniter\CodeIgniter->handleRequest(null, Object(Config\Cache), false)
 9 FCPATH\index.php(68): CodeIgniter\CodeIgniter->run()
INFO - 2024-06-11 07:20:56 --> Session: Class initialized using 'CodeIgniter\Session\Handlers\FileHandler' driver.
CRITICAL - 2024-06-11 07:20:56 --> Undefined array key "profile"
in APPPATH\Controllers\CrudUsers.php on line 56.
 1 APPPATH\Controllers\CrudUsers.php(56): CodeIgniter\Debug\Exceptions->errorHandler(2, 'Undefined array key "profile"', 'APPPATH\\Controllers\\CrudUsers.php', 56)
 2 SYSTEMPATH\CodeIgniter.php(934): App\Controllers\CrudUsers->create()
 3 SYSTEMPATH\CodeIgniter.php(499): CodeIgniter\CodeIgniter->runController(Object(App\Controllers\CrudUsers))
 4 SYSTEMPATH\CodeIgniter.php(368): CodeIgniter\CodeIgniter->handleRequest(null, Object(Config\Cache), false)
 5 FCPATH\index.php(68): CodeIgniter\CodeIgniter->run()
INFO - 2024-06-11 07:21:19 --> Session: Class initialized using 'CodeIgniter\Session\Handlers\FileHandler' driver.
ERROR - 2024-06-11 07:21:19 --> mysqli_sql_exception: Duplicate entry '1' for key 'perfil_id' in A:\xampp\htdocs\proyecto_parras_alan\system\Database\MySQLi\Connection.php:295
Stack trace:
#0 A:\xampp\htdocs\proyecto_parras_alan\system\Database\MySQLi\Connection.php(295): mysqli->query('INSERT INTO `us...', 0)
#1 A:\xampp\htdocs\proyecto_parras_alan\system\Database\BaseConnection.php(691): CodeIgniter\Database\MySQLi\Connection->execute('INSERT INTO `us...')
#2 A:\xampp\htdocs\proyecto_parras_alan\system\Database\BaseConnection.php(605): CodeIgniter\Database\BaseConnection->simpleQuery('INSERT INTO `us...')
#3 A:\xampp\htdocs\proyecto_parras_alan\system\Database\BaseBuilder.php(2309): CodeIgniter\Database\BaseConnection->query('INSERT INTO `us...', Array, false)
#4 A:\xampp\htdocs\proyecto_parras_alan\system\Model.php(330): CodeIgniter\Database\BaseBuilder->insert()
#5 A:\xampp\htdocs\proyecto_parras_alan\system\BaseModel.php(782): CodeIgniter\Model->doInsert(Array)
#6 A:\xampp\htdocs\proyecto_parras_alan\system\Model.php(730): CodeIgniter\BaseModel->insert(Array, true)
#7 A:\xampp\htdocs\proyecto_parras_alan\app\Controllers\CrudUsers.php(57): CodeIgniter\Model->insert(Array)
#8 A:\xampp\htdocs\proyecto_parras_alan\system\CodeIgniter.php(934): App\Controllers\CrudUsers->create()
#9 A:\xampp\htdocs\proyecto_parras_alan\system\CodeIgniter.php(499): CodeIgniter\CodeIgniter->runController(Object(App\Controllers\CrudUsers))
#10 A:\xampp\htdocs\proyecto_parras_alan\system\CodeIgniter.php(368): CodeIgniter\CodeIgniter->handleRequest(NULL, Object(Config\Cache), false)
#11 A:\xampp\htdocs\proyecto_parras_alan\index.php(68): CodeIgniter\CodeIgniter->run()
#12 {main}
CRITICAL - 2024-06-11 07:21:19 --> Duplicate entry '1' for key 'perfil_id'
in SYSTEMPATH\Database\BaseConnection.php on line 645.
 1 SYSTEMPATH\Database\BaseBuilder.php(2309): CodeIgniter\Database\BaseConnection->query('INSERT INTO `users` (`nombre`, `apellido`, `dni`, `user`, `email`, `pass`, `id_perfil`, `active`, `created_at`) VALUES (:nombre:, :apellido:, :dni:, :user:, :email:, :pass:, :id_perfil:, :active:, :created_at:)', [...], false)
 2 SYSTEMPATH\Model.php(330): CodeIgniter\Database\BaseBuilder->insert()
 3 SYSTEMPATH\BaseModel.php(782): CodeIgniter\Model->doInsert([...])
 4 SYSTEMPATH\Model.php(730): CodeIgniter\BaseModel->insert([...], true)
 5 APPPATH\Controllers\CrudUsers.php(57): CodeIgniter\Model->insert([...])
 6 SYSTEMPATH\CodeIgniter.php(934): App\Controllers\CrudUsers->create()
 7 SYSTEMPATH\CodeIgniter.php(499): CodeIgniter\CodeIgniter->runController(Object(App\Controllers\CrudUsers))
 8 SYSTEMPATH\CodeIgniter.php(368): CodeIgniter\CodeIgniter->handleRequest(null, Object(Config\Cache), false)
 9 FCPATH\index.php(68): CodeIgniter\CodeIgniter->run()
INFO - 2024-06-11 07:23:51 --> Session: Class initialized using 'CodeIgniter\Session\Handlers\FileHandler' driver.
CRITICAL - 2024-06-11 07:23:51 --> Undefined array key "profile"
in APPPATH\Controllers\CrudUsers.php on line 56.
 1 APPPATH\Controllers\CrudUsers.php(56): CodeIgniter\Debug\Exceptions->errorHandler(2, 'Undefined array key "profile"', 'APPPATH\\Controllers\\CrudUsers.php', 56)
 2 SYSTEMPATH\CodeIgniter.php(934): App\Controllers\CrudUsers->create()
 3 SYSTEMPATH\CodeIgniter.php(499): CodeIgniter\CodeIgniter->runController(Object(App\Controllers\CrudUsers))
 4 SYSTEMPATH\CodeIgniter.php(368): CodeIgniter\CodeIgniter->handleRequest(null, Object(Config\Cache), false)
 5 FCPATH\index.php(68): CodeIgniter\CodeIgniter->run()
INFO - 2024-06-11 07:23:58 --> Session: Class initialized using 'CodeIgniter\Session\Handlers\FileHandler' driver.
INFO - 2024-06-11 07:24:03 --> Session: Class initialized using 'CodeIgniter\Session\Handlers\FileHandler' driver.
INFO - 2024-06-11 07:24:36 --> Session: Class initialized using 'CodeIgniter\Session\Handlers\FileHandler' driver.
INFO - 2024-06-11 07:26:00 --> Session: Class initialized using 'CodeIgniter\Session\Handlers\FileHandler' driver.
INFO - 2024-06-11 07:26:13 --> Session: Class initialized using 'CodeIgniter\Session\Handlers\FileHandler' driver.
CRITICAL - 2024-06-11 07:26:13 --> Undefined array key "profile"
in APPPATH\Controllers\CrudUsers.php on line 56.
 1 APPPATH\Controllers\CrudUsers.php(56): CodeIgniter\Debug\Exceptions->errorHandler(2, 'Undefined array key "profile"', 'APPPATH\\Controllers\\CrudUsers.php', 56)
 2 SYSTEMPATH\CodeIgniter.php(934): App\Controllers\CrudUsers->create()
 3 SYSTEMPATH\CodeIgniter.php(499): CodeIgniter\CodeIgniter->runController(Object(App\Controllers\CrudUsers))
 4 SYSTEMPATH\CodeIgniter.php(368): CodeIgniter\CodeIgniter->handleRequest(null, Object(Config\Cache), false)
 5 FCPATH\index.php(68): CodeIgniter\CodeIgniter->run()
INFO - 2024-06-11 07:27:06 --> Session: Class initialized using 'CodeIgniter\Session\Handlers\FileHandler' driver.
INFO - 2024-06-11 07:28:10 --> Session: Class initialized using 'CodeIgniter\Session\Handlers\FileHandler' driver.
INFO - 2024-06-11 07:28:21 --> Session: Class initialized using 'CodeIgniter\Session\Handlers\FileHandler' driver.
CRITICAL - 2024-06-11 07:28:22 --> Undefined array key "profile"
in APPPATH\Controllers\CrudUsers.php on line 56.
 1 APPPATH\Controllers\CrudUsers.php(56): CodeIgniter\Debug\Exceptions->errorHandler(2, 'Undefined array key "profile"', 'APPPATH\\Controllers\\CrudUsers.php', 56)
 2 SYSTEMPATH\CodeIgniter.php(934): App\Controllers\CrudUsers->create()
 3 SYSTEMPATH\CodeIgniter.php(499): CodeIgniter\CodeIgniter->runController(Object(App\Controllers\CrudUsers))
 4 SYSTEMPATH\CodeIgniter.php(368): CodeIgniter\CodeIgniter->handleRequest(null, Object(Config\Cache), false)
 5 FCPATH\index.php(68): CodeIgniter\CodeIgniter->run()
INFO - 2024-06-11 07:31:38 --> Session: Class initialized using 'CodeIgniter\Session\Handlers\FileHandler' driver.
INFO - 2024-06-11 07:31:38 --> Session: Class initialized using 'CodeIgniter\Session\Handlers\FileHandler' driver.
INFO - 2024-06-11 07:31:48 --> Session: Class initialized using 'CodeIgniter\Session\Handlers\FileHandler' driver.
CRITICAL - 2024-06-11 07:31:48 --> Undefined array key "perfil"
in APPPATH\Controllers\CrudUsers.php on line 56.
 1 APPPATH\Controllers\CrudUsers.php(56): CodeIgniter\Debug\Exceptions->errorHandler(2, 'Undefined array key "perfil"', 'APPPATH\\Controllers\\CrudUsers.php', 56)
 2 SYSTEMPATH\CodeIgniter.php(934): App\Controllers\CrudUsers->create()
 3 SYSTEMPATH\CodeIgniter.php(499): CodeIgniter\CodeIgniter->runController(Object(App\Controllers\CrudUsers))
 4 SYSTEMPATH\CodeIgniter.php(368): CodeIgniter\CodeIgniter->handleRequest(null, Object(Config\Cache), false)
 5 FCPATH\index.php(68): CodeIgniter\CodeIgniter->run()
INFO - 2024-06-11 07:35:21 --> Session: Class initialized using 'CodeIgniter\Session\Handlers\FileHandler' driver.
CRITICAL - 2024-06-11 07:35:21 --> Undefined array key "perfil"
in APPPATH\Controllers\CrudUsers.php on line 56.
 1 APPPATH\Controllers\CrudUsers.php(56): CodeIgniter\Debug\Exceptions->errorHandler(2, 'Undefined array key "perfil"', 'APPPATH\\Controllers\\CrudUsers.php', 56)
 2 SYSTEMPATH\CodeIgniter.php(934): App\Controllers\CrudUsers->create()
 3 SYSTEMPATH\CodeIgniter.php(499): CodeIgniter\CodeIgniter->runController(Object(App\Controllers\CrudUsers))
 4 SYSTEMPATH\CodeIgniter.php(368): CodeIgniter\CodeIgniter->handleRequest(null, Object(Config\Cache), false)
 5 FCPATH\index.php(68): CodeIgniter\CodeIgniter->run()
INFO - 2024-06-11 07:36:48 --> Session: Class initialized using 'CodeIgniter\Session\Handlers\FileHandler' driver.
INFO - 2024-06-11 07:36:48 --> Session: Class initialized using 'CodeIgniter\Session\Handlers\FileHandler' driver.
INFO - 2024-06-11 07:36:50 --> Session: Class initialized using 'CodeIgniter\Session\Handlers\FileHandler' driver.
INFO - 2024-06-11 07:40:37 --> Session: Class initialized using 'CodeIgniter\Session\Handlers\FileHandler' driver.
INFO - 2024-06-11 07:40:40 --> Session: Class initialized using 'CodeIgniter\Session\Handlers\FileHandler' driver.
INFO - 2024-06-11 07:41:06 --> Session: Class initialized using 'CodeIgniter\Session\Handlers\FileHandler' driver.
INFO - 2024-06-11 07:41:07 --> Session: Class initialized using 'CodeIgniter\Session\Handlers\FileHandler' driver.
INFO - 2024-06-11 07:41:54 --> Session: Class initialized using 'CodeIgniter\Session\Handlers\FileHandler' driver.
INFO - 2024-06-11 07:42:09 --> Session: Class initialized using 'CodeIgniter\Session\Handlers\FileHandler' driver.
INFO - 2024-06-11 07:42:11 --> Session: Class initialized using 'CodeIgniter\Session\Handlers\FileHandler' driver.
INFO - 2024-06-11 07:42:28 --> Session: Class initialized using 'CodeIgniter\Session\Handlers\FileHandler' driver.
INFO - 2024-06-11 07:42:29 --> Session: Class initialized using 'CodeIgniter\Session\Handlers\FileHandler' driver.
INFO - 2024-06-11 07:42:52 --> Session: Class initialized using 'CodeIgniter\Session\Handlers\FileHandler' driver.
INFO - 2024-06-11 07:43:04 --> Session: Class initialized using 'CodeIgniter\Session\Handlers\FileHandler' driver.
INFO - 2024-06-11 07:43:19 --> Session: Class initialized using 'CodeIgniter\Session\Handlers\FileHandler' driver.
INFO - 2024-06-11 07:43:22 --> Session: Class initialized using 'CodeIgniter\Session\Handlers\FileHandler' driver.
INFO - 2024-06-11 07:43:45 --> Session: Class initialized using 'CodeIgniter\Session\Handlers\FileHandler' driver.
INFO - 2024-06-11 07:44:55 --> Session: Class initialized using 'CodeIgniter\Session\Handlers\FileHandler' driver.
INFO - 2024-06-11 07:44:56 --> Session: Class initialized using 'CodeIgniter\Session\Handlers\FileHandler' driver.
INFO - 2024-06-11 07:44:57 --> Session: Class initialized using 'CodeIgniter\Session\Handlers\FileHandler' driver.
INFO - 2024-06-11 07:45:17 --> Session: Class initialized using 'CodeIgniter\Session\Handlers\FileHandler' driver.
INFO - 2024-06-11 07:45:18 --> Session: Class initialized using 'CodeIgniter\Session\Handlers\FileHandler' driver.
INFO - 2024-06-11 07:46:19 --> Session: Class initialized using 'CodeIgniter\Session\Handlers\FileHandler' driver.
INFO - 2024-06-11 07:46:21 --> Session: Class initialized using 'CodeIgniter\Session\Handlers\FileHandler' driver.
INFO - 2024-06-11 07:46:23 --> Session: Class initialized using 'CodeIgniter\Session\Handlers\FileHandler' driver.
INFO - 2024-06-11 07:46:24 --> Session: Class initialized using 'CodeIgniter\Session\Handlers\FileHandler' driver.
INFO - 2024-06-11 07:48:55 --> Session: Class initialized using 'CodeIgniter\Session\Handlers\FileHandler' driver.
INFO - 2024-06-11 07:48:58 --> Session: Class initialized using 'CodeIgniter\Session\Handlers\FileHandler' driver.
INFO - 2024-06-11 07:49:58 --> Session: Class initialized using 'CodeIgniter\Session\Handlers\FileHandler' driver.
INFO - 2024-06-11 07:49:59 --> Session: Class initialized using 'CodeIgniter\Session\Handlers\FileHandler' driver.
INFO - 2024-06-11 07:51:40 --> Session: Class initialized using 'CodeIgniter\Session\Handlers\FileHandler' driver.
INFO - 2024-06-11 07:54:42 --> Session: Class initialized using 'CodeIgniter\Session\Handlers\FileHandler' driver.
INFO - 2024-06-11 07:54:45 --> Session: Class initialized using 'CodeIgniter\Session\Handlers\FileHandler' driver.
INFO - 2024-06-11 07:54:55 --> Session: Class initialized using 'CodeIgniter\Session\Handlers\FileHandler' driver.
INFO - 2024-06-11 07:54:57 --> Session: Class initialized using 'CodeIgniter\Session\Handlers\FileHandler' driver.
INFO - 2024-06-11 07:55:16 --> Session: Class initialized using 'CodeIgniter\Session\Handlers\FileHandler' driver.
INFO - 2024-06-11 07:55:17 --> Session: Class initialized using 'CodeIgniter\Session\Handlers\FileHandler' driver.
INFO - 2024-06-11 07:55:45 --> Session: Class initialized using 'CodeIgniter\Session\Handlers\FileHandler' driver.
INFO - 2024-06-11 07:56:06 --> Session: Class initialized using 'CodeIgniter\Session\Handlers\FileHandler' driver.
INFO - 2024-06-11 07:56:22 --> Session: Class initialized using 'CodeIgniter\Session\Handlers\FileHandler' driver.
INFO - 2024-06-11 07:57:11 --> Session: Class initialized using 'CodeIgniter\Session\Handlers\FileHandler' driver.
INFO - 2024-06-11 07:57:32 --> Session: Class initialized using 'CodeIgniter\Session\Handlers\FileHandler' driver.
INFO - 2024-06-11 07:57:33 --> Session: Class initialized using 'CodeIgniter\Session\Handlers\FileHandler' driver.
INFO - 2024-06-11 07:57:47 --> Session: Class initialized using 'CodeIgniter\Session\Handlers\FileHandler' driver.
INFO - 2024-06-11 07:57:48 --> Session: Class initialized using 'CodeIgniter\Session\Handlers\FileHandler' driver.
INFO - 2024-06-11 07:57:52 --> Session: Class initialized using 'CodeIgniter\Session\Handlers\FileHandler' driver.
INFO - 2024-06-11 07:57:55 --> Session: Class initialized using 'CodeIgniter\Session\Handlers\FileHandler' driver.
INFO - 2024-06-11 07:57:56 --> Session: Class initialized using 'CodeIgniter\Session\Handlers\FileHandler' driver.
INFO - 2024-06-11 07:58:05 --> Session: Class initialized using 'CodeIgniter\Session\Handlers\FileHandler' driver.
INFO - 2024-06-11 07:58:26 --> Session: Class initialized using 'CodeIgniter\Session\Handlers\FileHandler' driver.
INFO - 2024-06-11 07:58:37 --> Session: Class initialized using 'CodeIgniter\Session\Handlers\FileHandler' driver.
INFO - 2024-06-11 07:59:14 --> Session: Class initialized using 'CodeIgniter\Session\Handlers\FileHandler' driver.
INFO - 2024-06-11 07:59:37 --> Session: Class initialized using 'CodeIgniter\Session\Handlers\FileHandler' driver.
INFO - 2024-06-11 07:59:40 --> Session: Class initialized using 'CodeIgniter\Session\Handlers\FileHandler' driver.
INFO - 2024-06-11 08:00:20 --> Session: Class initialized using 'CodeIgniter\Session\Handlers\FileHandler' driver.
INFO - 2024-06-11 08:00:54 --> Session: Class initialized using 'CodeIgniter\Session\Handlers\FileHandler' driver.
INFO - 2024-06-11 08:00:55 --> Session: Class initialized using 'CodeIgniter\Session\Handlers\FileHandler' driver.
INFO - 2024-06-11 08:00:56 --> Session: Class initialized using 'CodeIgniter\Session\Handlers\FileHandler' driver.
INFO - 2024-06-11 08:03:34 --> Session: Class initialized using 'CodeIgniter\Session\Handlers\FileHandler' driver.
INFO - 2024-06-11 08:03:37 --> Session: Class initialized using 'CodeIgniter\Session\Handlers\FileHandler' driver.
INFO - 2024-06-11 08:03:39 --> Session: Class initialized using 'CodeIgniter\Session\Handlers\FileHandler' driver.
INFO - 2024-06-11 08:04:04 --> Session: Class initialized using 'CodeIgniter\Session\Handlers\FileHandler' driver.
INFO - 2024-06-11 08:04:15 --> Session: Class initialized using 'CodeIgniter\Session\Handlers\FileHandler' driver.
INFO - 2024-06-11 08:04:17 --> Session: Class initialized using 'CodeIgniter\Session\Handlers\FileHandler' driver.
INFO - 2024-06-11 08:04:22 --> Session: Class initialized using 'CodeIgniter\Session\Handlers\FileHandler' driver.
INFO - 2024-06-11 08:04:23 --> Session: Class initialized using 'CodeIgniter\Session\Handlers\FileHandler' driver.
INFO - 2024-06-11 08:04:24 --> Session: Class initialized using 'CodeIgniter\Session\Handlers\FileHandler' driver.
INFO - 2024-06-11 08:04:25 --> Session: Class initialized using 'CodeIgniter\Session\Handlers\FileHandler' driver.
INFO - 2024-06-11 08:04:25 --> Session: Class initialized using 'CodeIgniter\Session\Handlers\FileHandler' driver.
INFO - 2024-06-11 08:04:26 --> Session: Class initialized using 'CodeIgniter\Session\Handlers\FileHandler' driver.
INFO - 2024-06-11 08:04:27 --> Session: Class initialized using 'CodeIgniter\Session\Handlers\FileHandler' driver.
INFO - 2024-06-11 08:04:29 --> Session: Class initialized using 'CodeIgniter\Session\Handlers\FileHandler' driver.
INFO - 2024-06-11 08:04:46 --> Session: Class initialized using 'CodeIgniter\Session\Handlers\FileHandler' driver.
INFO - 2024-06-11 08:05:11 --> Session: Class initialized using 'CodeIgniter\Session\Handlers\FileHandler' driver.
INFO - 2024-06-11 08:05:12 --> Session: Class initialized using 'CodeIgniter\Session\Handlers\FileHandler' driver.
INFO - 2024-06-11 08:05:28 --> Session: Class initialized using 'CodeIgniter\Session\Handlers\FileHandler' driver.
INFO - 2024-06-11 08:06:53 --> Session: Class initialized using 'CodeIgniter\Session\Handlers\FileHandler' driver.
INFO - 2024-06-11 08:07:19 --> Session: Class initialized using 'CodeIgniter\Session\Handlers\FileHandler' driver.
INFO - 2024-06-11 08:07:24 --> Session: Class initialized using 'CodeIgniter\Session\Handlers\FileHandler' driver.
CRITICAL - 2024-06-11 08:07:24 --> Undefined array key "perfil"
in APPPATH\Controllers\CrudUsers.php on line 56.
 1 APPPATH\Controllers\CrudUsers.php(56): CodeIgniter\Debug\Exceptions->errorHandler(2, 'Undefined array key "perfil"', 'APPPATH\\Controllers\\CrudUsers.php', 56)
 2 SYSTEMPATH\CodeIgniter.php(934): App\Controllers\CrudUsers->create()
 3 SYSTEMPATH\CodeIgniter.php(499): CodeIgniter\CodeIgniter->runController(Object(App\Controllers\CrudUsers))
 4 SYSTEMPATH\CodeIgniter.php(368): CodeIgniter\CodeIgniter->handleRequest(null, Object(Config\Cache), false)
 5 FCPATH\index.php(68): CodeIgniter\CodeIgniter->run()
INFO - 2024-06-11 08:07:45 --> Session: Class initialized using 'CodeIgniter\Session\Handlers\FileHandler' driver.
INFO - 2024-06-11 08:07:46 --> Session: Class initialized using 'CodeIgniter\Session\Handlers\FileHandler' driver.
INFO - 2024-06-11 08:07:49 --> Session: Class initialized using 'CodeIgniter\Session\Handlers\FileHandler' driver.
INFO - 2024-06-11 08:07:56 --> Session: Class initialized using 'CodeIgniter\Session\Handlers\FileHandler' driver.
CRITICAL - 2024-06-11 08:07:56 --> Undefined array key "perfil"
in APPPATH\Controllers\CrudUsers.php on line 56.
 1 APPPATH\Controllers\CrudUsers.php(56): CodeIgniter\Debug\Exceptions->errorHandler(2, 'Undefined array key "perfil"', 'APPPATH\\Controllers\\CrudUsers.php', 56)
 2 SYSTEMPATH\CodeIgniter.php(934): App\Controllers\CrudUsers->create()
 3 SYSTEMPATH\CodeIgniter.php(499): CodeIgniter\CodeIgniter->runController(Object(App\Controllers\CrudUsers))
 4 SYSTEMPATH\CodeIgniter.php(368): CodeIgniter\CodeIgniter->handleRequest(null, Object(Config\Cache), false)
 5 FCPATH\index.php(68): CodeIgniter\CodeIgniter->run()
INFO - 2024-06-11 08:09:21 --> Session: Class initialized using 'CodeIgniter\Session\Handlers\FileHandler' driver.
INFO - 2024-06-11 08:09:25 --> Session: Class initialized using 'CodeIgniter\Session\Handlers\FileHandler' driver.
CRITICAL - 2024-06-11 08:09:25 --> Undefined array key "perfil"
in APPPATH\Controllers\CrudUsers.php on line 56.
 1 APPPATH\Controllers\CrudUsers.php(56): CodeIgniter\Debug\Exceptions->errorHandler(2, 'Undefined array key "perfil"', 'APPPATH\\Controllers\\CrudUsers.php', 56)
 2 SYSTEMPATH\CodeIgniter.php(934): App\Controllers\CrudUsers->create()
 3 SYSTEMPATH\CodeIgniter.php(499): CodeIgniter\CodeIgniter->runController(Object(App\Controllers\CrudUsers))
 4 SYSTEMPATH\CodeIgniter.php(368): CodeIgniter\CodeIgniter->handleRequest(null, Object(Config\Cache), false)
 5 FCPATH\index.php(68): CodeIgniter\CodeIgniter->run()
INFO - 2024-06-11 08:10:22 --> Session: Class initialized using 'CodeIgniter\Session\Handlers\FileHandler' driver.
INFO - 2024-06-11 08:10:26 --> Session: Class initialized using 'CodeIgniter\Session\Handlers\FileHandler' driver.
CRITICAL - 2024-06-11 08:10:26 --> Undefined array key "perfil"
in APPPATH\Controllers\CrudUsers.php on line 56.
 1 APPPATH\Controllers\CrudUsers.php(56): CodeIgniter\Debug\Exceptions->errorHandler(2, 'Undefined array key "perfil"', 'APPPATH\\Controllers\\CrudUsers.php', 56)
 2 SYSTEMPATH\CodeIgniter.php(934): App\Controllers\CrudUsers->create()
 3 SYSTEMPATH\CodeIgniter.php(499): CodeIgniter\CodeIgniter->runController(Object(App\Controllers\CrudUsers))
 4 SYSTEMPATH\CodeIgniter.php(368): CodeIgniter\CodeIgniter->handleRequest(null, Object(Config\Cache), false)
 5 FCPATH\index.php(68): CodeIgniter\CodeIgniter->run()
INFO - 2024-06-11 08:10:45 --> Session: Class initialized using 'CodeIgniter\Session\Handlers\FileHandler' driver.
INFO - 2024-06-11 08:10:49 --> Session: Class initialized using 'CodeIgniter\Session\Handlers\FileHandler' driver.
CRITICAL - 2024-06-11 08:10:49 --> Undefined array key "perfil"
in APPPATH\Controllers\CrudUsers.php on line 56.
 1 APPPATH\Controllers\CrudUsers.php(56): CodeIgniter\Debug\Exceptions->errorHandler(2, 'Undefined array key "perfil"', 'APPPATH\\Controllers\\CrudUsers.php', 56)
 2 SYSTEMPATH\CodeIgniter.php(934): App\Controllers\CrudUsers->create()
 3 SYSTEMPATH\CodeIgniter.php(499): CodeIgniter\CodeIgniter->runController(Object(App\Controllers\CrudUsers))
 4 SYSTEMPATH\CodeIgniter.php(368): CodeIgniter\CodeIgniter->handleRequest(null, Object(Config\Cache), false)
 5 FCPATH\index.php(68): CodeIgniter\CodeIgniter->run()
INFO - 2024-06-11 08:11:42 --> Session: Class initialized using 'CodeIgniter\Session\Handlers\FileHandler' driver.
INFO - 2024-06-11 08:11:51 --> Session: Class initialized using 'CodeIgniter\Session\Handlers\FileHandler' driver.
INFO - 2024-06-11 08:11:51 --> Session: Class initialized using 'CodeIgniter\Session\Handlers\FileHandler' driver.
INFO - 2024-06-11 08:12:13 --> Session: Class initialized using 'CodeIgniter\Session\Handlers\FileHandler' driver.
INFO - 2024-06-11 08:12:13 --> Session: Class initialized using 'CodeIgniter\Session\Handlers\FileHandler' driver.
INFO - 2024-06-11 08:12:58 --> Session: Class initialized using 'CodeIgniter\Session\Handlers\FileHandler' driver.
CRITICAL - 2024-06-11 08:12:58 --> Undefined array key "perfil"
in APPPATH\Controllers\CrudUsers.php on line 56.
 1 APPPATH\Controllers\CrudUsers.php(56): CodeIgniter\Debug\Exceptions->errorHandler(2, 'Undefined array key "perfil"', 'APPPATH\\Controllers\\CrudUsers.php', 56)
 2 SYSTEMPATH\CodeIgniter.php(934): App\Controllers\CrudUsers->create()
 3 SYSTEMPATH\CodeIgniter.php(499): CodeIgniter\CodeIgniter->runController(Object(App\Controllers\CrudUsers))
 4 SYSTEMPATH\CodeIgniter.php(368): CodeIgniter\CodeIgniter->handleRequest(null, Object(Config\Cache), false)
 5 FCPATH\index.php(68): CodeIgniter\CodeIgniter->run()
INFO - 2024-06-11 08:13:01 --> Session: Class initialized using 'CodeIgniter\Session\Handlers\FileHandler' driver.
INFO - 2024-06-11 08:13:28 --> Session: Class initialized using 'CodeIgniter\Session\Handlers\FileHandler' driver.
CRITICAL - 2024-06-11 08:13:28 --> Undefined array key "perfil"
in APPPATH\Controllers\CrudUsers.php on line 56.
 1 APPPATH\Controllers\CrudUsers.php(56): CodeIgniter\Debug\Exceptions->errorHandler(2, 'Undefined array key "perfil"', 'APPPATH\\Controllers\\CrudUsers.php', 56)
 2 SYSTEMPATH\CodeIgniter.php(934): App\Controllers\CrudUsers->create()
 3 SYSTEMPATH\CodeIgniter.php(499): CodeIgniter\CodeIgniter->runController(Object(App\Controllers\CrudUsers))
 4 SYSTEMPATH\CodeIgniter.php(368): CodeIgniter\CodeIgniter->handleRequest(null, Object(Config\Cache), false)
 5 FCPATH\index.php(68): CodeIgniter\CodeIgniter->run()
INFO - 2024-06-11 08:13:54 --> Session: Class initialized using 'CodeIgniter\Session\Handlers\FileHandler' driver.
INFO - 2024-06-11 08:14:10 --> Session: Class initialized using 'CodeIgniter\Session\Handlers\FileHandler' driver.
INFO - 2024-06-11 08:14:10 --> Session: Class initialized using 'CodeIgniter\Session\Handlers\FileHandler' driver.
INFO - 2024-06-11 08:14:26 --> Session: Class initialized using 'CodeIgniter\Session\Handlers\FileHandler' driver.
INFO - 2024-06-11 08:14:26 --> Session: Class initialized using 'CodeIgniter\Session\Handlers\FileHandler' driver.
INFO - 2024-06-11 08:14:44 --> Session: Class initialized using 'CodeIgniter\Session\Handlers\FileHandler' driver.
INFO - 2024-06-11 08:14:44 --> Session: Class initialized using 'CodeIgniter\Session\Handlers\FileHandler' driver.
INFO - 2024-06-11 08:14:46 --> Session: Class initialized using 'CodeIgniter\Session\Handlers\FileHandler' driver.
INFO - 2024-06-11 08:14:47 --> Session: Class initialized using 'CodeIgniter\Session\Handlers\FileHandler' driver.
INFO - 2024-06-11 08:15:48 --> Session: Class initialized using 'CodeIgniter\Session\Handlers\FileHandler' driver.
INFO - 2024-06-11 08:15:50 --> Session: Class initialized using 'CodeIgniter\Session\Handlers\FileHandler' driver.
INFO - 2024-06-11 08:16:18 --> Session: Class initialized using 'CodeIgniter\Session\Handlers\FileHandler' driver.
INFO - 2024-06-11 08:16:18 --> Session: Class initialized using 'CodeIgniter\Session\Handlers\FileHandler' driver.
INFO - 2024-06-11 08:25:07 --> Session: Class initialized using 'CodeIgniter\Session\Handlers\FileHandler' driver.
INFO - 2024-06-11 08:25:07 --> Session: Class initialized using 'CodeIgniter\Session\Handlers\FileHandler' driver.
INFO - 2024-06-11 08:25:42 --> Session: Class initialized using 'CodeIgniter\Session\Handlers\FileHandler' driver.
ERROR - 2024-06-11 08:25:42 --> mysqli_sql_exception: Column 'id_perfil' cannot be null in A:\xampp\htdocs\proyecto_parras_alan\system\Database\MySQLi\Connection.php:295
Stack trace:
#0 A:\xampp\htdocs\proyecto_parras_alan\system\Database\MySQLi\Connection.php(295): mysqli->query('INSERT INTO `us...', 0)
#1 A:\xampp\htdocs\proyecto_parras_alan\system\Database\BaseConnection.php(691): CodeIgniter\Database\MySQLi\Connection->execute('INSERT INTO `us...')
#2 A:\xampp\htdocs\proyecto_parras_alan\system\Database\BaseConnection.php(605): CodeIgniter\Database\BaseConnection->simpleQuery('INSERT INTO `us...')
#3 A:\xampp\htdocs\proyecto_parras_alan\system\Database\BaseBuilder.php(2309): CodeIgniter\Database\BaseConnection->query('INSERT INTO `us...', Array, false)
#4 A:\xampp\htdocs\proyecto_parras_alan\system\Model.php(330): CodeIgniter\Database\BaseBuilder->insert()
#5 A:\xampp\htdocs\proyecto_parras_alan\system\BaseModel.php(782): CodeIgniter\Model->doInsert(Array)
#6 A:\xampp\htdocs\proyecto_parras_alan\system\Model.php(730): CodeIgniter\BaseModel->insert(Array, true)
#7 A:\xampp\htdocs\proyecto_parras_alan\app\Controllers\CrudUsers.php(57): CodeIgniter\Model->insert(Array)
#8 A:\xampp\htdocs\proyecto_parras_alan\system\CodeIgniter.php(934): App\Controllers\CrudUsers->create()
#9 A:\xampp\htdocs\proyecto_parras_alan\system\CodeIgniter.php(499): CodeIgniter\CodeIgniter->runController(Object(App\Controllers\CrudUsers))
#10 A:\xampp\htdocs\proyecto_parras_alan\system\CodeIgniter.php(368): CodeIgniter\CodeIgniter->handleRequest(NULL, Object(Config\Cache), false)
#11 A:\xampp\htdocs\proyecto_parras_alan\index.php(68): CodeIgniter\CodeIgniter->run()
#12 {main}
CRITICAL - 2024-06-11 08:25:42 --> Column 'id_perfil' cannot be null
in SYSTEMPATH\Database\BaseConnection.php on line 645.
 1 SYSTEMPATH\Database\BaseBuilder.php(2309): CodeIgniter\Database\BaseConnection->query('INSERT INTO `users` (`nombre`, `apellido`, `dni`, `user`, `email`, `pass`, `id_perfil`, `active`, `created_at`) VALUES (:nombre:, :apellido:, :dni:, :user:, :email:, :pass:, :id_perfil:, :active:, :created_at:)', [...], false)
 2 SYSTEMPATH\Model.php(330): CodeIgniter\Database\BaseBuilder->insert()
 3 SYSTEMPATH\BaseModel.php(782): CodeIgniter\Model->doInsert([...])
 4 SYSTEMPATH\Model.php(730): CodeIgniter\BaseModel->insert([...], true)
 5 APPPATH\Controllers\CrudUsers.php(57): CodeIgniter\Model->insert([...])
 6 SYSTEMPATH\CodeIgniter.php(934): App\Controllers\CrudUsers->create()
 7 SYSTEMPATH\CodeIgniter.php(499): CodeIgniter\CodeIgniter->runController(Object(App\Controllers\CrudUsers))
 8 SYSTEMPATH\CodeIgniter.php(368): CodeIgniter\CodeIgniter->handleRequest(null, Object(Config\Cache), false)
 9 FCPATH\index.php(68): CodeIgniter\CodeIgniter->run()
INFO - 2024-06-11 08:26:04 --> Session: Class initialized using 'CodeIgniter\Session\Handlers\FileHandler' driver.
INFO - 2024-06-11 08:26:15 --> Session: Class initialized using 'CodeIgniter\Session\Handlers\FileHandler' driver.
ERROR - 2024-06-11 08:26:15 --> mysqli_sql_exception: Column 'id_perfil' cannot be null in A:\xampp\htdocs\proyecto_parras_alan\system\Database\MySQLi\Connection.php:295
Stack trace:
#0 A:\xampp\htdocs\proyecto_parras_alan\system\Database\MySQLi\Connection.php(295): mysqli->query('INSERT INTO `us...', 0)
#1 A:\xampp\htdocs\proyecto_parras_alan\system\Database\BaseConnection.php(691): CodeIgniter\Database\MySQLi\Connection->execute('INSERT INTO `us...')
#2 A:\xampp\htdocs\proyecto_parras_alan\system\Database\BaseConnection.php(605): CodeIgniter\Database\BaseConnection->simpleQuery('INSERT INTO `us...')
#3 A:\xampp\htdocs\proyecto_parras_alan\system\Database\BaseBuilder.php(2309): CodeIgniter\Database\BaseConnection->query('INSERT INTO `us...', Array, false)
#4 A:\xampp\htdocs\proyecto_parras_alan\system\Model.php(330): CodeIgniter\Database\BaseBuilder->insert()
#5 A:\xampp\htdocs\proyecto_parras_alan\system\BaseModel.php(782): CodeIgniter\Model->doInsert(Array)
#6 A:\xampp\htdocs\proyecto_parras_alan\system\Model.php(730): CodeIgniter\BaseModel->insert(Array, true)
#7 A:\xampp\htdocs\proyecto_parras_alan\app\Controllers\CrudUsers.php(57): CodeIgniter\Model->insert(Array)
#8 A:\xampp\htdocs\proyecto_parras_alan\system\CodeIgniter.php(934): App\Controllers\CrudUsers->create()
#9 A:\xampp\htdocs\proyecto_parras_alan\system\CodeIgniter.php(499): CodeIgniter\CodeIgniter->runController(Object(App\Controllers\CrudUsers))
#10 A:\xampp\htdocs\proyecto_parras_alan\system\CodeIgniter.php(368): CodeIgniter\CodeIgniter->handleRequest(NULL, Object(Config\Cache), false)
#11 A:\xampp\htdocs\proyecto_parras_alan\index.php(68): CodeIgniter\CodeIgniter->run()
#12 {main}
CRITICAL - 2024-06-11 08:26:15 --> Column 'id_perfil' cannot be null
in SYSTEMPATH\Database\BaseConnection.php on line 645.
 1 SYSTEMPATH\Database\BaseBuilder.php(2309): CodeIgniter\Database\BaseConnection->query('INSERT INTO `users` (`nombre`, `apellido`, `dni`, `user`, `email`, `pass`, `id_perfil`, `active`, `created_at`) VALUES (:nombre:, :apellido:, :dni:, :user:, :email:, :pass:, :id_perfil:, :active:, :created_at:)', [...], false)
 2 SYSTEMPATH\Model.php(330): CodeIgniter\Database\BaseBuilder->insert()
 3 SYSTEMPATH\BaseModel.php(782): CodeIgniter\Model->doInsert([...])
 4 SYSTEMPATH\Model.php(730): CodeIgniter\BaseModel->insert([...], true)
 5 APPPATH\Controllers\CrudUsers.php(57): CodeIgniter\Model->insert([...])
 6 SYSTEMPATH\CodeIgniter.php(934): App\Controllers\CrudUsers->create()
 7 SYSTEMPATH\CodeIgniter.php(499): CodeIgniter\CodeIgniter->runController(Object(App\Controllers\CrudUsers))
 8 SYSTEMPATH\CodeIgniter.php(368): CodeIgniter\CodeIgniter->handleRequest(null, Object(Config\Cache), false)
 9 FCPATH\index.php(68): CodeIgniter\CodeIgniter->run()
INFO - 2024-06-11 08:27:40 --> Session: Class initialized using 'CodeIgniter\Session\Handlers\FileHandler' driver.
INFO - 2024-06-11 08:27:44 --> Session: Class initialized using 'CodeIgniter\Session\Handlers\FileHandler' driver.
INFO - 2024-06-11 08:29:08 --> Session: Class initialized using 'CodeIgniter\Session\Handlers\FileHandler' driver.
INFO - 2024-06-11 08:29:24 --> Session: Class initialized using 'CodeIgniter\Session\Handlers\FileHandler' driver.
ERROR - 2024-06-11 08:29:24 --> mysqli_sql_exception: Column 'id_perfil' cannot be null in A:\xampp\htdocs\proyecto_parras_alan\system\Database\MySQLi\Connection.php:295
Stack trace:
#0 A:\xampp\htdocs\proyecto_parras_alan\system\Database\MySQLi\Connection.php(295): mysqli->query('INSERT INTO `us...', 0)
#1 A:\xampp\htdocs\proyecto_parras_alan\system\Database\BaseConnection.php(691): CodeIgniter\Database\MySQLi\Connection->execute('INSERT INTO `us...')
#2 A:\xampp\htdocs\proyecto_parras_alan\system\Database\BaseConnection.php(605): CodeIgniter\Database\BaseConnection->simpleQuery('INSERT INTO `us...')
#3 A:\xampp\htdocs\proyecto_parras_alan\system\Database\BaseBuilder.php(2309): CodeIgniter\Database\BaseConnection->query('INSERT INTO `us...', Array, false)
#4 A:\xampp\htdocs\proyecto_parras_alan\system\Model.php(330): CodeIgniter\Database\BaseBuilder->insert()
#5 A:\xampp\htdocs\proyecto_parras_alan\system\BaseModel.php(782): CodeIgniter\Model->doInsert(Array)
#6 A:\xampp\htdocs\proyecto_parras_alan\system\Model.php(730): CodeIgniter\BaseModel->insert(Array, true)
#7 A:\xampp\htdocs\proyecto_parras_alan\app\Controllers\CrudUsers.php(57): CodeIgniter\Model->insert(Array)
#8 A:\xampp\htdocs\proyecto_parras_alan\system\CodeIgniter.php(934): App\Controllers\CrudUsers->create()
#9 A:\xampp\htdocs\proyecto_parras_alan\system\CodeIgniter.php(499): CodeIgniter\CodeIgniter->runController(Object(App\Controllers\CrudUsers))
#10 A:\xampp\htdocs\proyecto_parras_alan\system\CodeIgniter.php(368): CodeIgniter\CodeIgniter->handleRequest(NULL, Object(Config\Cache), false)
#11 A:\xampp\htdocs\proyecto_parras_alan\index.php(68): CodeIgniter\CodeIgniter->run()
#12 {main}
CRITICAL - 2024-06-11 08:29:24 --> Column 'id_perfil' cannot be null
in SYSTEMPATH\Database\BaseConnection.php on line 645.
 1 SYSTEMPATH\Database\BaseBuilder.php(2309): CodeIgniter\Database\BaseConnection->query('INSERT INTO `users` (`nombre`, `apellido`, `dni`, `user`, `email`, `pass`, `id_perfil`, `active`, `created_at`) VALUES (:nombre:, :apellido:, :dni:, :user:, :email:, :pass:, :id_perfil:, :active:, :created_at:)', [...], false)
 2 SYSTEMPATH\Model.php(330): CodeIgniter\Database\BaseBuilder->insert()
 3 SYSTEMPATH\BaseModel.php(782): CodeIgniter\Model->doInsert([...])
 4 SYSTEMPATH\Model.php(730): CodeIgniter\BaseModel->insert([...], true)
 5 APPPATH\Controllers\CrudUsers.php(57): CodeIgniter\Model->insert([...])
 6 SYSTEMPATH\CodeIgniter.php(934): App\Controllers\CrudUsers->create()
 7 SYSTEMPATH\CodeIgniter.php(499): CodeIgniter\CodeIgniter->runController(Object(App\Controllers\CrudUsers))
 8 SYSTEMPATH\CodeIgniter.php(368): CodeIgniter\CodeIgniter->handleRequest(null, Object(Config\Cache), false)
 9 FCPATH\index.php(68): CodeIgniter\CodeIgniter->run()
INFO - 2024-06-11 08:29:36 --> Session: Class initialized using 'CodeIgniter\Session\Handlers\FileHandler' driver.
CRITICAL - 2024-06-11 08:29:36 --> Undefined array key "perfil"
in APPPATH\Controllers\CrudUsers.php on line 56.
 1 APPPATH\Controllers\CrudUsers.php(56): CodeIgniter\Debug\Exceptions->errorHandler(2, 'Undefined array key "perfil"', 'APPPATH\\Controllers\\CrudUsers.php', 56)
 2 SYSTEMPATH\CodeIgniter.php(934): App\Controllers\CrudUsers->create()
 3 SYSTEMPATH\CodeIgniter.php(499): CodeIgniter\CodeIgniter->runController(Object(App\Controllers\CrudUsers))
 4 SYSTEMPATH\CodeIgniter.php(368): CodeIgniter\CodeIgniter->handleRequest(null, Object(Config\Cache), false)
 5 FCPATH\index.php(68): CodeIgniter\CodeIgniter->run()
INFO - 2024-06-11 08:29:45 --> Session: Class initialized using 'CodeIgniter\Session\Handlers\FileHandler' driver.
CRITICAL - 2024-06-11 08:29:45 --> Undefined array key "perfil"
in APPPATH\Controllers\CrudUsers.php on line 56.
 1 APPPATH\Controllers\CrudUsers.php(56): CodeIgniter\Debug\Exceptions->errorHandler(2, 'Undefined array key "perfil"', 'APPPATH\\Controllers\\CrudUsers.php', 56)
 2 SYSTEMPATH\CodeIgniter.php(934): App\Controllers\CrudUsers->create()
 3 SYSTEMPATH\CodeIgniter.php(499): CodeIgniter\CodeIgniter->runController(Object(App\Controllers\CrudUsers))
 4 SYSTEMPATH\CodeIgniter.php(368): CodeIgniter\CodeIgniter->handleRequest(null, Object(Config\Cache), false)
 5 FCPATH\index.php(68): CodeIgniter\CodeIgniter->run()
INFO - 2024-06-11 08:29:55 --> Session: Class initialized using 'CodeIgniter\Session\Handlers\FileHandler' driver.
ERROR - 2024-06-11 08:29:55 --> mysqli_sql_exception: Column 'id_perfil' cannot be null in A:\xampp\htdocs\proyecto_parras_alan\system\Database\MySQLi\Connection.php:295
Stack trace:
#0 A:\xampp\htdocs\proyecto_parras_alan\system\Database\MySQLi\Connection.php(295): mysqli->query('INSERT INTO `us...', 0)
#1 A:\xampp\htdocs\proyecto_parras_alan\system\Database\BaseConnection.php(691): CodeIgniter\Database\MySQLi\Connection->execute('INSERT INTO `us...')
#2 A:\xampp\htdocs\proyecto_parras_alan\system\Database\BaseConnection.php(605): CodeIgniter\Database\BaseConnection->simpleQuery('INSERT INTO `us...')
#3 A:\xampp\htdocs\proyecto_parras_alan\system\Database\BaseBuilder.php(2309): CodeIgniter\Database\BaseConnection->query('INSERT INTO `us...', Array, false)
#4 A:\xampp\htdocs\proyecto_parras_alan\system\Model.php(330): CodeIgniter\Database\BaseBuilder->insert()
#5 A:\xampp\htdocs\proyecto_parras_alan\system\BaseModel.php(782): CodeIgniter\Model->doInsert(Array)
#6 A:\xampp\htdocs\proyecto_parras_alan\system\Model.php(730): CodeIgniter\BaseModel->insert(Array, true)
#7 A:\xampp\htdocs\proyecto_parras_alan\app\Controllers\CrudUsers.php(57): CodeIgniter\Model->insert(Array)
#8 A:\xampp\htdocs\proyecto_parras_alan\system\CodeIgniter.php(934): App\Controllers\CrudUsers->create()
#9 A:\xampp\htdocs\proyecto_parras_alan\system\CodeIgniter.php(499): CodeIgniter\CodeIgniter->runController(Object(App\Controllers\CrudUsers))
#10 A:\xampp\htdocs\proyecto_parras_alan\system\CodeIgniter.php(368): CodeIgniter\CodeIgniter->handleRequest(NULL, Object(Config\Cache), false)
#11 A:\xampp\htdocs\proyecto_parras_alan\index.php(68): CodeIgniter\CodeIgniter->run()
#12 {main}
CRITICAL - 2024-06-11 08:29:55 --> Column 'id_perfil' cannot be null
in SYSTEMPATH\Database\BaseConnection.php on line 645.
 1 SYSTEMPATH\Database\BaseBuilder.php(2309): CodeIgniter\Database\BaseConnection->query('INSERT INTO `users` (`nombre`, `apellido`, `dni`, `user`, `email`, `pass`, `id_perfil`, `active`, `created_at`) VALUES (:nombre:, :apellido:, :dni:, :user:, :email:, :pass:, :id_perfil:, :active:, :created_at:)', [...], false)
 2 SYSTEMPATH\Model.php(330): CodeIgniter\Database\BaseBuilder->insert()
 3 SYSTEMPATH\BaseModel.php(782): CodeIgniter\Model->doInsert([...])
 4 SYSTEMPATH\Model.php(730): CodeIgniter\BaseModel->insert([...], true)
 5 APPPATH\Controllers\CrudUsers.php(57): CodeIgniter\Model->insert([...])
 6 SYSTEMPATH\CodeIgniter.php(934): App\Controllers\CrudUsers->create()
 7 SYSTEMPATH\CodeIgniter.php(499): CodeIgniter\CodeIgniter->runController(Object(App\Controllers\CrudUsers))
 8 SYSTEMPATH\CodeIgniter.php(368): CodeIgniter\CodeIgniter->handleRequest(null, Object(Config\Cache), false)
 9 FCPATH\index.php(68): CodeIgniter\CodeIgniter->run()
INFO - 2024-06-11 08:30:11 --> Session: Class initialized using 'CodeIgniter\Session\Handlers\FileHandler' driver.
CRITICAL - 2024-06-11 08:30:11 --> Undefined array key "id"
in APPPATH\Controllers\CrudUsers.php on line 56.
 1 APPPATH\Controllers\CrudUsers.php(56): CodeIgniter\Debug\Exceptions->errorHandler(2, 'Undefined array key "id"', 'APPPATH\\Controllers\\CrudUsers.php', 56)
 2 SYSTEMPATH\CodeIgniter.php(934): App\Controllers\CrudUsers->create()
 3 SYSTEMPATH\CodeIgniter.php(499): CodeIgniter\CodeIgniter->runController(Object(App\Controllers\CrudUsers))
 4 SYSTEMPATH\CodeIgniter.php(368): CodeIgniter\CodeIgniter->handleRequest(null, Object(Config\Cache), false)
 5 FCPATH\index.php(68): CodeIgniter\CodeIgniter->run()
INFO - 2024-06-11 08:30:19 --> Session: Class initialized using 'CodeIgniter\Session\Handlers\FileHandler' driver.
ERROR - 2024-06-11 08:30:19 --> mysqli_sql_exception: Column 'id_perfil' cannot be null in A:\xampp\htdocs\proyecto_parras_alan\system\Database\MySQLi\Connection.php:295
Stack trace:
#0 A:\xampp\htdocs\proyecto_parras_alan\system\Database\MySQLi\Connection.php(295): mysqli->query('INSERT INTO `us...', 0)
#1 A:\xampp\htdocs\proyecto_parras_alan\system\Database\BaseConnection.php(691): CodeIgniter\Database\MySQLi\Connection->execute('INSERT INTO `us...')
#2 A:\xampp\htdocs\proyecto_parras_alan\system\Database\BaseConnection.php(605): CodeIgniter\Database\BaseConnection->simpleQuery('INSERT INTO `us...')
#3 A:\xampp\htdocs\proyecto_parras_alan\system\Database\BaseBuilder.php(2309): CodeIgniter\Database\BaseConnection->query('INSERT INTO `us...', Array, false)
#4 A:\xampp\htdocs\proyecto_parras_alan\system\Model.php(330): CodeIgniter\Database\BaseBuilder->insert()
#5 A:\xampp\htdocs\proyecto_parras_alan\system\BaseModel.php(782): CodeIgniter\Model->doInsert(Array)
#6 A:\xampp\htdocs\proyecto_parras_alan\system\Model.php(730): CodeIgniter\BaseModel->insert(Array, true)
#7 A:\xampp\htdocs\proyecto_parras_alan\app\Controllers\CrudUsers.php(57): CodeIgniter\Model->insert(Array)
#8 A:\xampp\htdocs\proyecto_parras_alan\system\CodeIgniter.php(934): App\Controllers\CrudUsers->create()
#9 A:\xampp\htdocs\proyecto_parras_alan\system\CodeIgniter.php(499): CodeIgniter\CodeIgniter->runController(Object(App\Controllers\CrudUsers))
#10 A:\xampp\htdocs\proyecto_parras_alan\system\CodeIgniter.php(368): CodeIgniter\CodeIgniter->handleRequest(NULL, Object(Config\Cache), false)
#11 A:\xampp\htdocs\proyecto_parras_alan\index.php(68): CodeIgniter\CodeIgniter->run()
#12 {main}
CRITICAL - 2024-06-11 08:30:19 --> Column 'id_perfil' cannot be null
in SYSTEMPATH\Database\BaseConnection.php on line 645.
 1 SYSTEMPATH\Database\BaseBuilder.php(2309): CodeIgniter\Database\BaseConnection->query('INSERT INTO `users` (`nombre`, `apellido`, `dni`, `user`, `email`, `pass`, `id_perfil`, `active`, `created_at`) VALUES (:nombre:, :apellido:, :dni:, :user:, :email:, :pass:, :id_perfil:, :active:, :created_at:)', [...], false)
 2 SYSTEMPATH\Model.php(330): CodeIgniter\Database\BaseBuilder->insert()
 3 SYSTEMPATH\BaseModel.php(782): CodeIgniter\Model->doInsert([...])
 4 SYSTEMPATH\Model.php(730): CodeIgniter\BaseModel->insert([...], true)
 5 APPPATH\Controllers\CrudUsers.php(57): CodeIgniter\Model->insert([...])
 6 SYSTEMPATH\CodeIgniter.php(934): App\Controllers\CrudUsers->create()
 7 SYSTEMPATH\CodeIgniter.php(499): CodeIgniter\CodeIgniter->runController(Object(App\Controllers\CrudUsers))
 8 SYSTEMPATH\CodeIgniter.php(368): CodeIgniter\CodeIgniter->handleRequest(null, Object(Config\Cache), false)
 9 FCPATH\index.php(68): CodeIgniter\CodeIgniter->run()
INFO - 2024-06-11 08:31:35 --> Session: Class initialized using 'CodeIgniter\Session\Handlers\FileHandler' driver.
ERROR - 2024-06-11 08:31:36 --> mysqli_sql_exception: Column 'id_perfil' cannot be null in A:\xampp\htdocs\proyecto_parras_alan\system\Database\MySQLi\Connection.php:295
Stack trace:
#0 A:\xampp\htdocs\proyecto_parras_alan\system\Database\MySQLi\Connection.php(295): mysqli->query('INSERT INTO `us...', 0)
#1 A:\xampp\htdocs\proyecto_parras_alan\system\Database\BaseConnection.php(691): CodeIgniter\Database\MySQLi\Connection->execute('INSERT INTO `us...')
#2 A:\xampp\htdocs\proyecto_parras_alan\system\Database\BaseConnection.php(605): CodeIgniter\Database\BaseConnection->simpleQuery('INSERT INTO `us...')
#3 A:\xampp\htdocs\proyecto_parras_alan\system\Database\BaseBuilder.php(2309): CodeIgniter\Database\BaseConnection->query('INSERT INTO `us...', Array, false)
#4 A:\xampp\htdocs\proyecto_parras_alan\system\Model.php(330): CodeIgniter\Database\BaseBuilder->insert()
#5 A:\xampp\htdocs\proyecto_parras_alan\system\BaseModel.php(782): CodeIgniter\Model->doInsert(Array)
#6 A:\xampp\htdocs\proyecto_parras_alan\system\Model.php(730): CodeIgniter\BaseModel->insert(Array, true)
#7 A:\xampp\htdocs\proyecto_parras_alan\app\Controllers\CrudUsers.php(57): CodeIgniter\Model->insert(Array)
#8 A:\xampp\htdocs\proyecto_parras_alan\system\CodeIgniter.php(934): App\Controllers\CrudUsers->create()
#9 A:\xampp\htdocs\proyecto_parras_alan\system\CodeIgniter.php(499): CodeIgniter\CodeIgniter->runController(Object(App\Controllers\CrudUsers))
#10 A:\xampp\htdocs\proyecto_parras_alan\system\CodeIgniter.php(368): CodeIgniter\CodeIgniter->handleRequest(NULL, Object(Config\Cache), false)
#11 A:\xampp\htdocs\proyecto_parras_alan\index.php(68): CodeIgniter\CodeIgniter->run()
#12 {main}
CRITICAL - 2024-06-11 08:31:36 --> Column 'id_perfil' cannot be null
in SYSTEMPATH\Database\BaseConnection.php on line 645.
 1 SYSTEMPATH\Database\BaseBuilder.php(2309): CodeIgniter\Database\BaseConnection->query('INSERT INTO `users` (`nombre`, `apellido`, `dni`, `user`, `email`, `id_perfil`, `pass`, `active`, `created_at`) VALUES (:nombre:, :apellido:, :dni:, :user:, :email:, :id_perfil:, :pass:, :active:, :created_at:)', [...], false)
 2 SYSTEMPATH\Model.php(330): CodeIgniter\Database\BaseBuilder->insert()
 3 SYSTEMPATH\BaseModel.php(782): CodeIgniter\Model->doInsert([...])
 4 SYSTEMPATH\Model.php(730): CodeIgniter\BaseModel->insert([...], true)
 5 APPPATH\Controllers\CrudUsers.php(57): CodeIgniter\Model->insert([...])
 6 SYSTEMPATH\CodeIgniter.php(934): App\Controllers\CrudUsers->create()
 7 SYSTEMPATH\CodeIgniter.php(499): CodeIgniter\CodeIgniter->runController(Object(App\Controllers\CrudUsers))
 8 SYSTEMPATH\CodeIgniter.php(368): CodeIgniter\CodeIgniter->handleRequest(null, Object(Config\Cache), false)
 9 FCPATH\index.php(68): CodeIgniter\CodeIgniter->run()
INFO - 2024-06-11 08:36:15 --> Session: Class initialized using 'CodeIgniter\Session\Handlers\FileHandler' driver.
ERROR - 2024-06-11 08:36:15 --> mysqli_sql_exception: Column 'id_perfil' cannot be null in A:\xampp\htdocs\proyecto_parras_alan\system\Database\MySQLi\Connection.php:295
Stack trace:
#0 A:\xampp\htdocs\proyecto_parras_alan\system\Database\MySQLi\Connection.php(295): mysqli->query('INSERT INTO `us...', 0)
#1 A:\xampp\htdocs\proyecto_parras_alan\system\Database\BaseConnection.php(691): CodeIgniter\Database\MySQLi\Connection->execute('INSERT INTO `us...')
#2 A:\xampp\htdocs\proyecto_parras_alan\system\Database\BaseConnection.php(605): CodeIgniter\Database\BaseConnection->simpleQuery('INSERT INTO `us...')
#3 A:\xampp\htdocs\proyecto_parras_alan\system\Database\BaseBuilder.php(2309): CodeIgniter\Database\BaseConnection->query('INSERT INTO `us...', Array, false)
#4 A:\xampp\htdocs\proyecto_parras_alan\system\Model.php(330): CodeIgniter\Database\BaseBuilder->insert()
#5 A:\xampp\htdocs\proyecto_parras_alan\system\BaseModel.php(782): CodeIgniter\Model->doInsert(Array)
#6 A:\xampp\htdocs\proyecto_parras_alan\system\Model.php(730): CodeIgniter\BaseModel->insert(Array, true)
#7 A:\xampp\htdocs\proyecto_parras_alan\app\Controllers\CrudUsers.php(57): CodeIgniter\Model->insert(Array)
#8 A:\xampp\htdocs\proyecto_parras_alan\system\CodeIgniter.php(934): App\Controllers\CrudUsers->create()
#9 A:\xampp\htdocs\proyecto_parras_alan\system\CodeIgniter.php(499): CodeIgniter\CodeIgniter->runController(Object(App\Controllers\CrudUsers))
#10 A:\xampp\htdocs\proyecto_parras_alan\system\CodeIgniter.php(368): CodeIgniter\CodeIgniter->handleRequest(NULL, Object(Config\Cache), false)
#11 A:\xampp\htdocs\proyecto_parras_alan\index.php(68): CodeIgniter\CodeIgniter->run()
#12 {main}
CRITICAL - 2024-06-11 08:36:15 --> Column 'id_perfil' cannot be null
in SYSTEMPATH\Database\BaseConnection.php on line 645.
 1 SYSTEMPATH\Database\BaseBuilder.php(2309): CodeIgniter\Database\BaseConnection->query('INSERT INTO `users` (`nombre`, `apellido`, `dni`, `user`, `email`, `pass`, `id_perfil`, `active`, `created_at`) VALUES (:nombre:, :apellido:, :dni:, :user:, :email:, :pass:, :id_perfil:, :active:, :created_at:)', [...], false)
 2 SYSTEMPATH\Model.php(330): CodeIgniter\Database\BaseBuilder->insert()
 3 SYSTEMPATH\BaseModel.php(782): CodeIgniter\Model->doInsert([...])
 4 SYSTEMPATH\Model.php(730): CodeIgniter\BaseModel->insert([...], true)
 5 APPPATH\Controllers\CrudUsers.php(57): CodeIgniter\Model->insert([...])
 6 SYSTEMPATH\CodeIgniter.php(934): App\Controllers\CrudUsers->create()
 7 SYSTEMPATH\CodeIgniter.php(499): CodeIgniter\CodeIgniter->runController(Object(App\Controllers\CrudUsers))
 8 SYSTEMPATH\CodeIgniter.php(368): CodeIgniter\CodeIgniter->handleRequest(null, Object(Config\Cache), false)
 9 FCPATH\index.php(68): CodeIgniter\CodeIgniter->run()
INFO - 2024-06-11 08:37:06 --> Session: Class initialized using 'CodeIgniter\Session\Handlers\FileHandler' driver.
CRITICAL - 2024-06-11 08:37:06 --> Undefined array key "perfil"
in APPPATH\Controllers\CrudUsers.php on line 56.
 1 APPPATH\Controllers\CrudUsers.php(56): CodeIgniter\Debug\Exceptions->errorHandler(2, 'Undefined array key "perfil"', 'APPPATH\\Controllers\\CrudUsers.php', 56)
 2 SYSTEMPATH\CodeIgniter.php(934): App\Controllers\CrudUsers->create()
 3 SYSTEMPATH\CodeIgniter.php(499): CodeIgniter\CodeIgniter->runController(Object(App\Controllers\CrudUsers))
 4 SYSTEMPATH\CodeIgniter.php(368): CodeIgniter\CodeIgniter->handleRequest(null, Object(Config\Cache), false)
 5 FCPATH\index.php(68): CodeIgniter\CodeIgniter->run()
INFO - 2024-06-11 08:37:17 --> Session: Class initialized using 'CodeIgniter\Session\Handlers\FileHandler' driver.
ERROR - 2024-06-11 08:37:17 --> mysqli_sql_exception: Column 'id_perfil' cannot be null in A:\xampp\htdocs\proyecto_parras_alan\system\Database\MySQLi\Connection.php:295
Stack trace:
#0 A:\xampp\htdocs\proyecto_parras_alan\system\Database\MySQLi\Connection.php(295): mysqli->query('INSERT INTO `us...', 0)
#1 A:\xampp\htdocs\proyecto_parras_alan\system\Database\BaseConnection.php(691): CodeIgniter\Database\MySQLi\Connection->execute('INSERT INTO `us...')
#2 A:\xampp\htdocs\proyecto_parras_alan\system\Database\BaseConnection.php(605): CodeIgniter\Database\BaseConnection->simpleQuery('INSERT INTO `us...')
#3 A:\xampp\htdocs\proyecto_parras_alan\system\Database\BaseBuilder.php(2309): CodeIgniter\Database\BaseConnection->query('INSERT INTO `us...', Array, false)
#4 A:\xampp\htdocs\proyecto_parras_alan\system\Model.php(330): CodeIgniter\Database\BaseBuilder->insert()
#5 A:\xampp\htdocs\proyecto_parras_alan\system\BaseModel.php(782): CodeIgniter\Model->doInsert(Array)
#6 A:\xampp\htdocs\proyecto_parras_alan\system\Model.php(730): CodeIgniter\BaseModel->insert(Array, true)
#7 A:\xampp\htdocs\proyecto_parras_alan\app\Controllers\CrudUsers.php(57): CodeIgniter\Model->insert(Array)
#8 A:\xampp\htdocs\proyecto_parras_alan\system\CodeIgniter.php(934): App\Controllers\CrudUsers->create()
#9 A:\xampp\htdocs\proyecto_parras_alan\system\CodeIgniter.php(499): CodeIgniter\CodeIgniter->runController(Object(App\Controllers\CrudUsers))
#10 A:\xampp\htdocs\proyecto_parras_alan\system\CodeIgniter.php(368): CodeIgniter\CodeIgniter->handleRequest(NULL, Object(Config\Cache), false)
#11 A:\xampp\htdocs\proyecto_parras_alan\index.php(68): CodeIgniter\CodeIgniter->run()
#12 {main}
CRITICAL - 2024-06-11 08:37:17 --> Column 'id_perfil' cannot be null
in SYSTEMPATH\Database\BaseConnection.php on line 645.
 1 SYSTEMPATH\Database\BaseBuilder.php(2309): CodeIgniter\Database\BaseConnection->query('INSERT INTO `users` (`nombre`, `apellido`, `dni`, `user`, `email`, `pass`, `id_perfil`, `active`, `created_at`) VALUES (:nombre:, :apellido:, :dni:, :user:, :email:, :pass:, :id_perfil:, :active:, :created_at:)', [...], false)
 2 SYSTEMPATH\Model.php(330): CodeIgniter\Database\BaseBuilder->insert()
 3 SYSTEMPATH\BaseModel.php(782): CodeIgniter\Model->doInsert([...])
 4 SYSTEMPATH\Model.php(730): CodeIgniter\BaseModel->insert([...], true)
 5 APPPATH\Controllers\CrudUsers.php(57): CodeIgniter\Model->insert([...])
 6 SYSTEMPATH\CodeIgniter.php(934): App\Controllers\CrudUsers->create()
 7 SYSTEMPATH\CodeIgniter.php(499): CodeIgniter\CodeIgniter->runController(Object(App\Controllers\CrudUsers))
 8 SYSTEMPATH\CodeIgniter.php(368): CodeIgniter\CodeIgniter->handleRequest(null, Object(Config\Cache), false)
 9 FCPATH\index.php(68): CodeIgniter\CodeIgniter->run()
INFO - 2024-06-11 08:37:43 --> Session: Class initialized using 'CodeIgniter\Session\Handlers\FileHandler' driver.
ERROR - 2024-06-11 08:37:43 --> mysqli_sql_exception: Duplicate entry '1' for key 'perfil_id' in A:\xampp\htdocs\proyecto_parras_alan\system\Database\MySQLi\Connection.php:295
Stack trace:
#0 A:\xampp\htdocs\proyecto_parras_alan\system\Database\MySQLi\Connection.php(295): mysqli->query('INSERT INTO `us...', 0)
#1 A:\xampp\htdocs\proyecto_parras_alan\system\Database\BaseConnection.php(691): CodeIgniter\Database\MySQLi\Connection->execute('INSERT INTO `us...')
#2 A:\xampp\htdocs\proyecto_parras_alan\system\Database\BaseConnection.php(605): CodeIgniter\Database\BaseConnection->simpleQuery('INSERT INTO `us...')
#3 A:\xampp\htdocs\proyecto_parras_alan\system\Database\BaseBuilder.php(2309): CodeIgniter\Database\BaseConnection->query('INSERT INTO `us...', Array, false)
#4 A:\xampp\htdocs\proyecto_parras_alan\system\Model.php(330): CodeIgniter\Database\BaseBuilder->insert()
#5 A:\xampp\htdocs\proyecto_parras_alan\system\BaseModel.php(782): CodeIgniter\Model->doInsert(Array)
#6 A:\xampp\htdocs\proyecto_parras_alan\system\Model.php(730): CodeIgniter\BaseModel->insert(Array, true)
#7 A:\xampp\htdocs\proyecto_parras_alan\app\Controllers\CrudUsers.php(57): CodeIgniter\Model->insert(Array)
#8 A:\xampp\htdocs\proyecto_parras_alan\system\CodeIgniter.php(934): App\Controllers\CrudUsers->create()
#9 A:\xampp\htdocs\proyecto_parras_alan\system\CodeIgniter.php(499): CodeIgniter\CodeIgniter->runController(Object(App\Controllers\CrudUsers))
#10 A:\xampp\htdocs\proyecto_parras_alan\system\CodeIgniter.php(368): CodeIgniter\CodeIgniter->handleRequest(NULL, Object(Config\Cache), false)
#11 A:\xampp\htdocs\proyecto_parras_alan\index.php(68): CodeIgniter\CodeIgniter->run()
#12 {main}
CRITICAL - 2024-06-11 08:37:43 --> Duplicate entry '1' for key 'perfil_id'
in SYSTEMPATH\Database\BaseConnection.php on line 645.
 1 SYSTEMPATH\Database\BaseBuilder.php(2309): CodeIgniter\Database\BaseConnection->query('INSERT INTO `users` (`nombre`, `apellido`, `dni`, `user`, `email`, `pass`, `id_perfil`, `active`, `created_at`) VALUES (:nombre:, :apellido:, :dni:, :user:, :email:, :pass:, :id_perfil:, :active:, :created_at:)', [...], false)
 2 SYSTEMPATH\Model.php(330): CodeIgniter\Database\BaseBuilder->insert()
 3 SYSTEMPATH\BaseModel.php(782): CodeIgniter\Model->doInsert([...])
 4 SYSTEMPATH\Model.php(730): CodeIgniter\BaseModel->insert([...], true)
 5 APPPATH\Controllers\CrudUsers.php(57): CodeIgniter\Model->insert([...])
 6 SYSTEMPATH\CodeIgniter.php(934): App\Controllers\CrudUsers->create()
 7 SYSTEMPATH\CodeIgniter.php(499): CodeIgniter\CodeIgniter->runController(Object(App\Controllers\CrudUsers))
 8 SYSTEMPATH\CodeIgniter.php(368): CodeIgniter\CodeIgniter->handleRequest(null, Object(Config\Cache), false)
 9 FCPATH\index.php(68): CodeIgniter\CodeIgniter->run()
INFO - 2024-06-11 08:38:31 --> Session: Class initialized using 'CodeIgniter\Session\Handlers\FileHandler' driver.
INFO - 2024-06-11 08:38:31 --> Session: Class initialized using 'CodeIgniter\Session\Handlers\FileHandler' driver.
INFO - 2024-06-11 08:38:49 --> Session: Class initialized using 'CodeIgniter\Session\Handlers\FileHandler' driver.
INFO - 2024-06-11 08:39:10 --> Session: Class initialized using 'CodeIgniter\Session\Handlers\FileHandler' driver.
INFO - 2024-06-11 08:39:10 --> Session: Class initialized using 'CodeIgniter\Session\Handlers\FileHandler' driver.
INFO - 2024-06-11 08:39:37 --> Session: Class initialized using 'CodeIgniter\Session\Handlers\FileHandler' driver.
ERROR - 2024-06-11 08:39:37 --> mysqli_sql_exception: Duplicate entry '2' for key 'perfil_id' in A:\xampp\htdocs\proyecto_parras_alan\system\Database\MySQLi\Connection.php:295
Stack trace:
#0 A:\xampp\htdocs\proyecto_parras_alan\system\Database\MySQLi\Connection.php(295): mysqli->query('INSERT INTO `us...', 0)
#1 A:\xampp\htdocs\proyecto_parras_alan\system\Database\BaseConnection.php(691): CodeIgniter\Database\MySQLi\Connection->execute('INSERT INTO `us...')
#2 A:\xampp\htdocs\proyecto_parras_alan\system\Database\BaseConnection.php(605): CodeIgniter\Database\BaseConnection->simpleQuery('INSERT INTO `us...')
#3 A:\xampp\htdocs\proyecto_parras_alan\system\Database\BaseBuilder.php(2309): CodeIgniter\Database\BaseConnection->query('INSERT INTO `us...', Array, false)
#4 A:\xampp\htdocs\proyecto_parras_alan\system\Model.php(330): CodeIgniter\Database\BaseBuilder->insert()
#5 A:\xampp\htdocs\proyecto_parras_alan\system\BaseModel.php(782): CodeIgniter\Model->doInsert(Array)
#6 A:\xampp\htdocs\proyecto_parras_alan\system\Model.php(730): CodeIgniter\BaseModel->insert(Array, true)
#7 A:\xampp\htdocs\proyecto_parras_alan\app\Controllers\CrudUsers.php(57): CodeIgniter\Model->insert(Array)
#8 A:\xampp\htdocs\proyecto_parras_alan\system\CodeIgniter.php(934): App\Controllers\CrudUsers->create()
#9 A:\xampp\htdocs\proyecto_parras_alan\system\CodeIgniter.php(499): CodeIgniter\CodeIgniter->runController(Object(App\Controllers\CrudUsers))
#10 A:\xampp\htdocs\proyecto_parras_alan\system\CodeIgniter.php(368): CodeIgniter\CodeIgniter->handleRequest(NULL, Object(Config\Cache), false)
#11 A:\xampp\htdocs\proyecto_parras_alan\index.php(68): CodeIgniter\CodeIgniter->run()
#12 {main}
CRITICAL - 2024-06-11 08:39:37 --> Duplicate entry '2' for key 'perfil_id'
in SYSTEMPATH\Database\BaseConnection.php on line 645.
 1 SYSTEMPATH\Database\BaseBuilder.php(2309): CodeIgniter\Database\BaseConnection->query('INSERT INTO `users` (`nombre`, `apellido`, `dni`, `user`, `email`, `pass`, `id_perfil`, `active`, `created_at`) VALUES (:nombre:, :apellido:, :dni:, :user:, :email:, :pass:, :id_perfil:, :active:, :created_at:)', [...], false)
 2 SYSTEMPATH\Model.php(330): CodeIgniter\Database\BaseBuilder->insert()
 3 SYSTEMPATH\BaseModel.php(782): CodeIgniter\Model->doInsert([...])
 4 SYSTEMPATH\Model.php(730): CodeIgniter\BaseModel->insert([...], true)
 5 APPPATH\Controllers\CrudUsers.php(57): CodeIgniter\Model->insert([...])
 6 SYSTEMPATH\CodeIgniter.php(934): App\Controllers\CrudUsers->create()
 7 SYSTEMPATH\CodeIgniter.php(499): CodeIgniter\CodeIgniter->runController(Object(App\Controllers\CrudUsers))
 8 SYSTEMPATH\CodeIgniter.php(368): CodeIgniter\CodeIgniter->handleRequest(null, Object(Config\Cache), false)
 9 FCPATH\index.php(68): CodeIgniter\CodeIgniter->run()
INFO - 2024-06-11 08:40:08 --> Session: Class initialized using 'CodeIgniter\Session\Handlers\FileHandler' driver.
ERROR - 2024-06-11 08:40:08 --> mysqli_sql_exception: Duplicate entry '2' for key 'perfil_id' in A:\xampp\htdocs\proyecto_parras_alan\system\Database\MySQLi\Connection.php:295
Stack trace:
#0 A:\xampp\htdocs\proyecto_parras_alan\system\Database\MySQLi\Connection.php(295): mysqli->query('INSERT INTO `us...', 0)
#1 A:\xampp\htdocs\proyecto_parras_alan\system\Database\BaseConnection.php(691): CodeIgniter\Database\MySQLi\Connection->execute('INSERT INTO `us...')
#2 A:\xampp\htdocs\proyecto_parras_alan\system\Database\BaseConnection.php(605): CodeIgniter\Database\BaseConnection->simpleQuery('INSERT INTO `us...')
#3 A:\xampp\htdocs\proyecto_parras_alan\system\Database\BaseBuilder.php(2309): CodeIgniter\Database\BaseConnection->query('INSERT INTO `us...', Array, false)
#4 A:\xampp\htdocs\proyecto_parras_alan\system\Model.php(330): CodeIgniter\Database\BaseBuilder->insert()
#5 A:\xampp\htdocs\proyecto_parras_alan\system\BaseModel.php(782): CodeIgniter\Model->doInsert(Array)
#6 A:\xampp\htdocs\proyecto_parras_alan\system\Model.php(730): CodeIgniter\BaseModel->insert(Array, true)
#7 A:\xampp\htdocs\proyecto_parras_alan\app\Controllers\CrudUsers.php(57): CodeIgniter\Model->insert(Array)
#8 A:\xampp\htdocs\proyecto_parras_alan\system\CodeIgniter.php(934): App\Controllers\CrudUsers->create()
#9 A:\xampp\htdocs\proyecto_parras_alan\system\CodeIgniter.php(499): CodeIgniter\CodeIgniter->runController(Object(App\Controllers\CrudUsers))
#10 A:\xampp\htdocs\proyecto_parras_alan\system\CodeIgniter.php(368): CodeIgniter\CodeIgniter->handleRequest(NULL, Object(Config\Cache), false)
#11 A:\xampp\htdocs\proyecto_parras_alan\index.php(68): CodeIgniter\CodeIgniter->run()
#12 {main}
CRITICAL - 2024-06-11 08:40:08 --> Duplicate entry '2' for key 'perfil_id'
in SYSTEMPATH\Database\BaseConnection.php on line 645.
 1 SYSTEMPATH\Database\BaseBuilder.php(2309): CodeIgniter\Database\BaseConnection->query('INSERT INTO `users` (`nombre`, `apellido`, `dni`, `user`, `email`, `pass`, `id_perfil`, `active`, `created_at`) VALUES (:nombre:, :apellido:, :dni:, :user:, :email:, :pass:, :id_perfil:, :active:, :created_at:)', [...], false)
 2 SYSTEMPATH\Model.php(330): CodeIgniter\Database\BaseBuilder->insert()
 3 SYSTEMPATH\BaseModel.php(782): CodeIgniter\Model->doInsert([...])
 4 SYSTEMPATH\Model.php(730): CodeIgniter\BaseModel->insert([...], true)
 5 APPPATH\Controllers\CrudUsers.php(57): CodeIgniter\Model->insert([...])
 6 SYSTEMPATH\CodeIgniter.php(934): App\Controllers\CrudUsers->create()
 7 SYSTEMPATH\CodeIgniter.php(499): CodeIgniter\CodeIgniter->runController(Object(App\Controllers\CrudUsers))
 8 SYSTEMPATH\CodeIgniter.php(368): CodeIgniter\CodeIgniter->handleRequest(null, Object(Config\Cache), false)
 9 FCPATH\index.php(68): CodeIgniter\CodeIgniter->run()
INFO - 2024-06-11 08:40:22 --> Session: Class initialized using 'CodeIgniter\Session\Handlers\FileHandler' driver.
INFO - 2024-06-11 08:40:22 --> Session: Class initialized using 'CodeIgniter\Session\Handlers\FileHandler' driver.
INFO - 2024-06-11 08:40:31 --> Session: Class initialized using 'CodeIgniter\Session\Handlers\FileHandler' driver.
INFO - 2024-06-11 08:40:31 --> Session: Class initialized using 'CodeIgniter\Session\Handlers\FileHandler' driver.
INFO - 2024-06-11 08:40:36 --> Session: Class initialized using 'CodeIgniter\Session\Handlers\FileHandler' driver.
INFO - 2024-06-11 08:40:37 --> Session: Class initialized using 'CodeIgniter\Session\Handlers\FileHandler' driver.
INFO - 2024-06-11 08:40:51 --> Session: Class initialized using 'CodeIgniter\Session\Handlers\FileHandler' driver.
INFO - 2024-06-11 08:41:26 --> Session: Class initialized using 'CodeIgniter\Session\Handlers\FileHandler' driver.
INFO - 2024-06-11 08:41:47 --> Session: Class initialized using 'CodeIgniter\Session\Handlers\FileHandler' driver.
ERROR - 2024-06-11 08:41:47 --> mysqli_sql_exception: Column 'id_perfil' cannot be null in A:\xampp\htdocs\proyecto_parras_alan\system\Database\MySQLi\Connection.php:295
Stack trace:
#0 A:\xampp\htdocs\proyecto_parras_alan\system\Database\MySQLi\Connection.php(295): mysqli->query('INSERT INTO `us...', 0)
#1 A:\xampp\htdocs\proyecto_parras_alan\system\Database\BaseConnection.php(691): CodeIgniter\Database\MySQLi\Connection->execute('INSERT INTO `us...')
#2 A:\xampp\htdocs\proyecto_parras_alan\system\Database\BaseConnection.php(605): CodeIgniter\Database\BaseConnection->simpleQuery('INSERT INTO `us...')
#3 A:\xampp\htdocs\proyecto_parras_alan\system\Database\BaseBuilder.php(2309): CodeIgniter\Database\BaseConnection->query('INSERT INTO `us...', Array, false)
#4 A:\xampp\htdocs\proyecto_parras_alan\system\Model.php(330): CodeIgniter\Database\BaseBuilder->insert()
#5 A:\xampp\htdocs\proyecto_parras_alan\system\BaseModel.php(782): CodeIgniter\Model->doInsert(Array)
#6 A:\xampp\htdocs\proyecto_parras_alan\system\Model.php(730): CodeIgniter\BaseModel->insert(Array, true)
#7 A:\xampp\htdocs\proyecto_parras_alan\app\Controllers\CrudUsers.php(57): CodeIgniter\Model->insert(Array)
#8 A:\xampp\htdocs\proyecto_parras_alan\system\CodeIgniter.php(934): App\Controllers\CrudUsers->create()
#9 A:\xampp\htdocs\proyecto_parras_alan\system\CodeIgniter.php(499): CodeIgniter\CodeIgniter->runController(Object(App\Controllers\CrudUsers))
#10 A:\xampp\htdocs\proyecto_parras_alan\system\CodeIgniter.php(368): CodeIgniter\CodeIgniter->handleRequest(NULL, Object(Config\Cache), false)
#11 A:\xampp\htdocs\proyecto_parras_alan\index.php(68): CodeIgniter\CodeIgniter->run()
#12 {main}
CRITICAL - 2024-06-11 08:41:47 --> Column 'id_perfil' cannot be null
in SYSTEMPATH\Database\BaseConnection.php on line 645.
 1 SYSTEMPATH\Database\BaseBuilder.php(2309): CodeIgniter\Database\BaseConnection->query('INSERT INTO `users` (`nombre`, `apellido`, `dni`, `user`, `email`, `pass`, `id_perfil`, `active`, `created_at`) VALUES (:nombre:, :apellido:, :dni:, :user:, :email:, :pass:, :id_perfil:, :active:, :created_at:)', [...], false)
 2 SYSTEMPATH\Model.php(330): CodeIgniter\Database\BaseBuilder->insert()
 3 SYSTEMPATH\BaseModel.php(782): CodeIgniter\Model->doInsert([...])
 4 SYSTEMPATH\Model.php(730): CodeIgniter\BaseModel->insert([...], true)
 5 APPPATH\Controllers\CrudUsers.php(57): CodeIgniter\Model->insert([...])
 6 SYSTEMPATH\CodeIgniter.php(934): App\Controllers\CrudUsers->create()
 7 SYSTEMPATH\CodeIgniter.php(499): CodeIgniter\CodeIgniter->runController(Object(App\Controllers\CrudUsers))
 8 SYSTEMPATH\CodeIgniter.php(368): CodeIgniter\CodeIgniter->handleRequest(null, Object(Config\Cache), false)
 9 FCPATH\index.php(68): CodeIgniter\CodeIgniter->run()
INFO - 2024-06-11 08:44:37 --> Session: Class initialized using 'CodeIgniter\Session\Handlers\FileHandler' driver.
ERROR - 2024-06-11 08:44:37 --> mysqli_sql_exception: Column 'id_perfil' cannot be null in A:\xampp\htdocs\proyecto_parras_alan\system\Database\MySQLi\Connection.php:295
Stack trace:
#0 A:\xampp\htdocs\proyecto_parras_alan\system\Database\MySQLi\Connection.php(295): mysqli->query('INSERT INTO `us...', 0)
#1 A:\xampp\htdocs\proyecto_parras_alan\system\Database\BaseConnection.php(691): CodeIgniter\Database\MySQLi\Connection->execute('INSERT INTO `us...')
#2 A:\xampp\htdocs\proyecto_parras_alan\system\Database\BaseConnection.php(605): CodeIgniter\Database\BaseConnection->simpleQuery('INSERT INTO `us...')
#3 A:\xampp\htdocs\proyecto_parras_alan\system\Database\BaseBuilder.php(2309): CodeIgniter\Database\BaseConnection->query('INSERT INTO `us...', Array, false)
#4 A:\xampp\htdocs\proyecto_parras_alan\system\Model.php(330): CodeIgniter\Database\BaseBuilder->insert()
#5 A:\xampp\htdocs\proyecto_parras_alan\system\BaseModel.php(782): CodeIgniter\Model->doInsert(Array)
#6 A:\xampp\htdocs\proyecto_parras_alan\system\Model.php(730): CodeIgniter\BaseModel->insert(Array, true)
#7 A:\xampp\htdocs\proyecto_parras_alan\app\Controllers\CrudUsers.php(57): CodeIgniter\Model->insert(Array)
#8 A:\xampp\htdocs\proyecto_parras_alan\system\CodeIgniter.php(934): App\Controllers\CrudUsers->create()
#9 A:\xampp\htdocs\proyecto_parras_alan\system\CodeIgniter.php(499): CodeIgniter\CodeIgniter->runController(Object(App\Controllers\CrudUsers))
#10 A:\xampp\htdocs\proyecto_parras_alan\system\CodeIgniter.php(368): CodeIgniter\CodeIgniter->handleRequest(NULL, Object(Config\Cache), false)
#11 A:\xampp\htdocs\proyecto_parras_alan\index.php(68): CodeIgniter\CodeIgniter->run()
#12 {main}
CRITICAL - 2024-06-11 08:44:37 --> Column 'id_perfil' cannot be null
in SYSTEMPATH\Database\BaseConnection.php on line 645.
 1 SYSTEMPATH\Database\BaseBuilder.php(2309): CodeIgniter\Database\BaseConnection->query('INSERT INTO `users` (`nombre`, `apellido`, `dni`, `user`, `email`, `pass`, `id_perfil`, `active`, `created_at`) VALUES (:nombre:, :apellido:, :dni:, :user:, :email:, :pass:, :id_perfil:, :active:, :created_at:)', [...], false)
 2 SYSTEMPATH\Model.php(330): CodeIgniter\Database\BaseBuilder->insert()
 3 SYSTEMPATH\BaseModel.php(782): CodeIgniter\Model->doInsert([...])
 4 SYSTEMPATH\Model.php(730): CodeIgniter\BaseModel->insert([...], true)
 5 APPPATH\Controllers\CrudUsers.php(57): CodeIgniter\Model->insert([...])
 6 SYSTEMPATH\CodeIgniter.php(934): App\Controllers\CrudUsers->create()
 7 SYSTEMPATH\CodeIgniter.php(499): CodeIgniter\CodeIgniter->runController(Object(App\Controllers\CrudUsers))
 8 SYSTEMPATH\CodeIgniter.php(368): CodeIgniter\CodeIgniter->handleRequest(null, Object(Config\Cache), false)
 9 FCPATH\index.php(68): CodeIgniter\CodeIgniter->run()
INFO - 2024-06-11 08:45:00 --> Session: Class initialized using 'CodeIgniter\Session\Handlers\FileHandler' driver.
INFO - 2024-06-11 08:45:53 --> Session: Class initialized using 'CodeIgniter\Session\Handlers\FileHandler' driver.
INFO - 2024-06-11 08:46:07 --> Session: Class initialized using 'CodeIgniter\Session\Handlers\FileHandler' driver.
ERROR - 2024-06-11 08:46:07 --> mysqli_sql_exception: Column 'id_perfil' cannot be null in A:\xampp\htdocs\proyecto_parras_alan\system\Database\MySQLi\Connection.php:295
Stack trace:
#0 A:\xampp\htdocs\proyecto_parras_alan\system\Database\MySQLi\Connection.php(295): mysqli->query('INSERT INTO `us...', 0)
#1 A:\xampp\htdocs\proyecto_parras_alan\system\Database\BaseConnection.php(691): CodeIgniter\Database\MySQLi\Connection->execute('INSERT INTO `us...')
#2 A:\xampp\htdocs\proyecto_parras_alan\system\Database\BaseConnection.php(605): CodeIgniter\Database\BaseConnection->simpleQuery('INSERT INTO `us...')
#3 A:\xampp\htdocs\proyecto_parras_alan\system\Database\BaseBuilder.php(2309): CodeIgniter\Database\BaseConnection->query('INSERT INTO `us...', Array, false)
#4 A:\xampp\htdocs\proyecto_parras_alan\system\Model.php(330): CodeIgniter\Database\BaseBuilder->insert()
#5 A:\xampp\htdocs\proyecto_parras_alan\system\BaseModel.php(782): CodeIgniter\Model->doInsert(Array)
#6 A:\xampp\htdocs\proyecto_parras_alan\system\Model.php(730): CodeIgniter\BaseModel->insert(Array, true)
#7 A:\xampp\htdocs\proyecto_parras_alan\app\Controllers\CrudUsers.php(57): CodeIgniter\Model->insert(Array)
#8 A:\xampp\htdocs\proyecto_parras_alan\system\CodeIgniter.php(934): App\Controllers\CrudUsers->create()
#9 A:\xampp\htdocs\proyecto_parras_alan\system\CodeIgniter.php(499): CodeIgniter\CodeIgniter->runController(Object(App\Controllers\CrudUsers))
#10 A:\xampp\htdocs\proyecto_parras_alan\system\CodeIgniter.php(368): CodeIgniter\CodeIgniter->handleRequest(NULL, Object(Config\Cache), false)
#11 A:\xampp\htdocs\proyecto_parras_alan\index.php(68): CodeIgniter\CodeIgniter->run()
#12 {main}
CRITICAL - 2024-06-11 08:46:07 --> Column 'id_perfil' cannot be null
in SYSTEMPATH\Database\BaseConnection.php on line 645.
 1 SYSTEMPATH\Database\BaseBuilder.php(2309): CodeIgniter\Database\BaseConnection->query('INSERT INTO `users` (`nombre`, `apellido`, `dni`, `user`, `email`, `pass`, `id_perfil`, `active`, `created_at`) VALUES (:nombre:, :apellido:, :dni:, :user:, :email:, :pass:, :id_perfil:, :active:, :created_at:)', [...], false)
 2 SYSTEMPATH\Model.php(330): CodeIgniter\Database\BaseBuilder->insert()
 3 SYSTEMPATH\BaseModel.php(782): CodeIgniter\Model->doInsert([...])
 4 SYSTEMPATH\Model.php(730): CodeIgniter\BaseModel->insert([...], true)
 5 APPPATH\Controllers\CrudUsers.php(57): CodeIgniter\Model->insert([...])
 6 SYSTEMPATH\CodeIgniter.php(934): App\Controllers\CrudUsers->create()
 7 SYSTEMPATH\CodeIgniter.php(499): CodeIgniter\CodeIgniter->runController(Object(App\Controllers\CrudUsers))
 8 SYSTEMPATH\CodeIgniter.php(368): CodeIgniter\CodeIgniter->handleRequest(null, Object(Config\Cache), false)
 9 FCPATH\index.php(68): CodeIgniter\CodeIgniter->run()
INFO - 2024-06-11 08:46:33 --> Session: Class initialized using 'CodeIgniter\Session\Handlers\FileHandler' driver.
INFO - 2024-06-11 08:46:38 --> Session: Class initialized using 'CodeIgniter\Session\Handlers\FileHandler' driver.
INFO - 2024-06-11 08:46:39 --> Session: Class initialized using 'CodeIgniter\Session\Handlers\FileHandler' driver.
INFO - 2024-06-11 08:46:50 --> Session: Class initialized using 'CodeIgniter\Session\Handlers\FileHandler' driver.
INFO - 2024-06-11 08:46:50 --> Session: Class initialized using 'CodeIgniter\Session\Handlers\FileHandler' driver.
INFO - 2024-06-11 08:46:55 --> Session: Class initialized using 'CodeIgniter\Session\Handlers\FileHandler' driver.
INFO - 2024-06-11 08:46:55 --> Session: Class initialized using 'CodeIgniter\Session\Handlers\FileHandler' driver.
INFO - 2024-06-11 08:47:38 --> Session: Class initialized using 'CodeIgniter\Session\Handlers\FileHandler' driver.
INFO - 2024-06-11 08:47:52 --> Session: Class initialized using 'CodeIgniter\Session\Handlers\FileHandler' driver.
ERROR - 2024-06-11 08:47:52 --> mysqli_sql_exception: Column 'id_perfil' cannot be null in A:\xampp\htdocs\proyecto_parras_alan\system\Database\MySQLi\Connection.php:295
Stack trace:
#0 A:\xampp\htdocs\proyecto_parras_alan\system\Database\MySQLi\Connection.php(295): mysqli->query('INSERT INTO `us...', 0)
#1 A:\xampp\htdocs\proyecto_parras_alan\system\Database\BaseConnection.php(691): CodeIgniter\Database\MySQLi\Connection->execute('INSERT INTO `us...')
#2 A:\xampp\htdocs\proyecto_parras_alan\system\Database\BaseConnection.php(605): CodeIgniter\Database\BaseConnection->simpleQuery('INSERT INTO `us...')
#3 A:\xampp\htdocs\proyecto_parras_alan\system\Database\BaseBuilder.php(2309): CodeIgniter\Database\BaseConnection->query('INSERT INTO `us...', Array, false)
#4 A:\xampp\htdocs\proyecto_parras_alan\system\Model.php(330): CodeIgniter\Database\BaseBuilder->insert()
#5 A:\xampp\htdocs\proyecto_parras_alan\system\BaseModel.php(782): CodeIgniter\Model->doInsert(Array)
#6 A:\xampp\htdocs\proyecto_parras_alan\system\Model.php(730): CodeIgniter\BaseModel->insert(Array, true)
#7 A:\xampp\htdocs\proyecto_parras_alan\app\Controllers\CrudUsers.php(57): CodeIgniter\Model->insert(Array)
#8 A:\xampp\htdocs\proyecto_parras_alan\system\CodeIgniter.php(934): App\Controllers\CrudUsers->create()
#9 A:\xampp\htdocs\proyecto_parras_alan\system\CodeIgniter.php(499): CodeIgniter\CodeIgniter->runController(Object(App\Controllers\CrudUsers))
#10 A:\xampp\htdocs\proyecto_parras_alan\system\CodeIgniter.php(368): CodeIgniter\CodeIgniter->handleRequest(NULL, Object(Config\Cache), false)
#11 A:\xampp\htdocs\proyecto_parras_alan\index.php(68): CodeIgniter\CodeIgniter->run()
#12 {main}
CRITICAL - 2024-06-11 08:47:52 --> Column 'id_perfil' cannot be null
in SYSTEMPATH\Database\BaseConnection.php on line 645.
 1 SYSTEMPATH\Database\BaseBuilder.php(2309): CodeIgniter\Database\BaseConnection->query('INSERT INTO `users` (`nombre`, `apellido`, `dni`, `user`, `email`, `pass`, `id_perfil`, `active`, `created_at`) VALUES (:nombre:, :apellido:, :dni:, :user:, :email:, :pass:, :id_perfil:, :active:, :created_at:)', [...], false)
 2 SYSTEMPATH\Model.php(330): CodeIgniter\Database\BaseBuilder->insert()
 3 SYSTEMPATH\BaseModel.php(782): CodeIgniter\Model->doInsert([...])
 4 SYSTEMPATH\Model.php(730): CodeIgniter\BaseModel->insert([...], true)
 5 APPPATH\Controllers\CrudUsers.php(57): CodeIgniter\Model->insert([...])
 6 SYSTEMPATH\CodeIgniter.php(934): App\Controllers\CrudUsers->create()
 7 SYSTEMPATH\CodeIgniter.php(499): CodeIgniter\CodeIgniter->runController(Object(App\Controllers\CrudUsers))
 8 SYSTEMPATH\CodeIgniter.php(368): CodeIgniter\CodeIgniter->handleRequest(null, Object(Config\Cache), false)
 9 FCPATH\index.php(68): CodeIgniter\CodeIgniter->run()
INFO - 2024-06-11 08:48:20 --> Session: Class initialized using 'CodeIgniter\Session\Handlers\FileHandler' driver.
INFO - 2024-06-11 08:48:27 --> Session: Class initialized using 'CodeIgniter\Session\Handlers\FileHandler' driver.
ERROR - 2024-06-11 08:48:27 --> mysqli_sql_exception: Column 'id_perfil' cannot be null in A:\xampp\htdocs\proyecto_parras_alan\system\Database\MySQLi\Connection.php:295
Stack trace:
#0 A:\xampp\htdocs\proyecto_parras_alan\system\Database\MySQLi\Connection.php(295): mysqli->query('INSERT INTO `us...', 0)
#1 A:\xampp\htdocs\proyecto_parras_alan\system\Database\BaseConnection.php(691): CodeIgniter\Database\MySQLi\Connection->execute('INSERT INTO `us...')
#2 A:\xampp\htdocs\proyecto_parras_alan\system\Database\BaseConnection.php(605): CodeIgniter\Database\BaseConnection->simpleQuery('INSERT INTO `us...')
#3 A:\xampp\htdocs\proyecto_parras_alan\system\Database\BaseBuilder.php(2309): CodeIgniter\Database\BaseConnection->query('INSERT INTO `us...', Array, false)
#4 A:\xampp\htdocs\proyecto_parras_alan\system\Model.php(330): CodeIgniter\Database\BaseBuilder->insert()
#5 A:\xampp\htdocs\proyecto_parras_alan\system\BaseModel.php(782): CodeIgniter\Model->doInsert(Array)
#6 A:\xampp\htdocs\proyecto_parras_alan\system\Model.php(730): CodeIgniter\BaseModel->insert(Array, true)
#7 A:\xampp\htdocs\proyecto_parras_alan\app\Controllers\CrudUsers.php(57): CodeIgniter\Model->insert(Array)
#8 A:\xampp\htdocs\proyecto_parras_alan\system\CodeIgniter.php(934): App\Controllers\CrudUsers->create()
#9 A:\xampp\htdocs\proyecto_parras_alan\system\CodeIgniter.php(499): CodeIgniter\CodeIgniter->runController(Object(App\Controllers\CrudUsers))
#10 A:\xampp\htdocs\proyecto_parras_alan\system\CodeIgniter.php(368): CodeIgniter\CodeIgniter->handleRequest(NULL, Object(Config\Cache), false)
#11 A:\xampp\htdocs\proyecto_parras_alan\index.php(68): CodeIgniter\CodeIgniter->run()
#12 {main}
CRITICAL - 2024-06-11 08:48:27 --> Column 'id_perfil' cannot be null
in SYSTEMPATH\Database\BaseConnection.php on line 645.
 1 SYSTEMPATH\Database\BaseBuilder.php(2309): CodeIgniter\Database\BaseConnection->query('INSERT INTO `users` (`nombre`, `apellido`, `dni`, `user`, `email`, `pass`, `id_perfil`, `active`, `created_at`) VALUES (:nombre:, :apellido:, :dni:, :user:, :email:, :pass:, :id_perfil:, :active:, :created_at:)', [...], false)
 2 SYSTEMPATH\Model.php(330): CodeIgniter\Database\BaseBuilder->insert()
 3 SYSTEMPATH\BaseModel.php(782): CodeIgniter\Model->doInsert([...])
 4 SYSTEMPATH\Model.php(730): CodeIgniter\BaseModel->insert([...], true)
 5 APPPATH\Controllers\CrudUsers.php(57): CodeIgniter\Model->insert([...])
 6 SYSTEMPATH\CodeIgniter.php(934): App\Controllers\CrudUsers->create()
 7 SYSTEMPATH\CodeIgniter.php(499): CodeIgniter\CodeIgniter->runController(Object(App\Controllers\CrudUsers))
 8 SYSTEMPATH\CodeIgniter.php(368): CodeIgniter\CodeIgniter->handleRequest(null, Object(Config\Cache), false)
 9 FCPATH\index.php(68): CodeIgniter\CodeIgniter->run()
INFO - 2024-06-11 08:48:34 --> Session: Class initialized using 'CodeIgniter\Session\Handlers\FileHandler' driver.
INFO - 2024-06-11 08:48:50 --> Session: Class initialized using 'CodeIgniter\Session\Handlers\FileHandler' driver.
ERROR - 2024-06-11 08:48:50 --> mysqli_sql_exception: Column 'id_perfil' cannot be null in A:\xampp\htdocs\proyecto_parras_alan\system\Database\MySQLi\Connection.php:295
Stack trace:
#0 A:\xampp\htdocs\proyecto_parras_alan\system\Database\MySQLi\Connection.php(295): mysqli->query('INSERT INTO `us...', 0)
#1 A:\xampp\htdocs\proyecto_parras_alan\system\Database\BaseConnection.php(691): CodeIgniter\Database\MySQLi\Connection->execute('INSERT INTO `us...')
#2 A:\xampp\htdocs\proyecto_parras_alan\system\Database\BaseConnection.php(605): CodeIgniter\Database\BaseConnection->simpleQuery('INSERT INTO `us...')
#3 A:\xampp\htdocs\proyecto_parras_alan\system\Database\BaseBuilder.php(2309): CodeIgniter\Database\BaseConnection->query('INSERT INTO `us...', Array, false)
#4 A:\xampp\htdocs\proyecto_parras_alan\system\Model.php(330): CodeIgniter\Database\BaseBuilder->insert()
#5 A:\xampp\htdocs\proyecto_parras_alan\system\BaseModel.php(782): CodeIgniter\Model->doInsert(Array)
#6 A:\xampp\htdocs\proyecto_parras_alan\system\Model.php(730): CodeIgniter\BaseModel->insert(Array, true)
#7 A:\xampp\htdocs\proyecto_parras_alan\app\Controllers\CrudUsers.php(57): CodeIgniter\Model->insert(Array)
#8 A:\xampp\htdocs\proyecto_parras_alan\system\CodeIgniter.php(934): App\Controllers\CrudUsers->create()
#9 A:\xampp\htdocs\proyecto_parras_alan\system\CodeIgniter.php(499): CodeIgniter\CodeIgniter->runController(Object(App\Controllers\CrudUsers))
#10 A:\xampp\htdocs\proyecto_parras_alan\system\CodeIgniter.php(368): CodeIgniter\CodeIgniter->handleRequest(NULL, Object(Config\Cache), false)
#11 A:\xampp\htdocs\proyecto_parras_alan\index.php(68): CodeIgniter\CodeIgniter->run()
#12 {main}
CRITICAL - 2024-06-11 08:48:50 --> Column 'id_perfil' cannot be null
in SYSTEMPATH\Database\BaseConnection.php on line 645.
 1 SYSTEMPATH\Database\BaseBuilder.php(2309): CodeIgniter\Database\BaseConnection->query('INSERT INTO `users` (`nombre`, `apellido`, `dni`, `user`, `email`, `pass`, `id_perfil`, `active`, `created_at`) VALUES (:nombre:, :apellido:, :dni:, :user:, :email:, :pass:, :id_perfil:, :active:, :created_at:)', [...], false)
 2 SYSTEMPATH\Model.php(330): CodeIgniter\Database\BaseBuilder->insert()
 3 SYSTEMPATH\BaseModel.php(782): CodeIgniter\Model->doInsert([...])
 4 SYSTEMPATH\Model.php(730): CodeIgniter\BaseModel->insert([...], true)
 5 APPPATH\Controllers\CrudUsers.php(57): CodeIgniter\Model->insert([...])
 6 SYSTEMPATH\CodeIgniter.php(934): App\Controllers\CrudUsers->create()
 7 SYSTEMPATH\CodeIgniter.php(499): CodeIgniter\CodeIgniter->runController(Object(App\Controllers\CrudUsers))
 8 SYSTEMPATH\CodeIgniter.php(368): CodeIgniter\CodeIgniter->handleRequest(null, Object(Config\Cache), false)
 9 FCPATH\index.php(68): CodeIgniter\CodeIgniter->run()
INFO - 2024-06-11 08:48:51 --> Session: Class initialized using 'CodeIgniter\Session\Handlers\FileHandler' driver.
INFO - 2024-06-11 08:48:56 --> Session: Class initialized using 'CodeIgniter\Session\Handlers\FileHandler' driver.
INFO - 2024-06-11 08:48:56 --> Session: Class initialized using 'CodeIgniter\Session\Handlers\FileHandler' driver.
INFO - 2024-06-11 08:49:30 --> Session: Class initialized using 'CodeIgniter\Session\Handlers\FileHandler' driver.
INFO - 2024-06-11 08:49:47 --> Session: Class initialized using 'CodeIgniter\Session\Handlers\FileHandler' driver.
INFO - 2024-06-11 08:49:47 --> Session: Class initialized using 'CodeIgniter\Session\Handlers\FileHandler' driver.
INFO - 2024-06-11 17:13:42 --> Session: Class initialized using 'CodeIgniter\Session\Handlers\FileHandler' driver.
INFO - 2024-06-11 17:13:43 --> Session: Class initialized using 'CodeIgniter\Session\Handlers\FileHandler' driver.
INFO - 2024-06-11 17:15:25 --> Session: Class initialized using 'CodeIgniter\Session\Handlers\FileHandler' driver.
ERROR - 2024-06-11 17:15:25 --> mysqli_sql_exception: Column 'id_perfil' cannot be null in A:\xampp\htdocs\proyecto_parras_alan\system\Database\MySQLi\Connection.php:295
Stack trace:
#0 A:\xampp\htdocs\proyecto_parras_alan\system\Database\MySQLi\Connection.php(295): mysqli->query('INSERT INTO `us...', 0)
#1 A:\xampp\htdocs\proyecto_parras_alan\system\Database\BaseConnection.php(691): CodeIgniter\Database\MySQLi\Connection->execute('INSERT INTO `us...')
#2 A:\xampp\htdocs\proyecto_parras_alan\system\Database\BaseConnection.php(605): CodeIgniter\Database\BaseConnection->simpleQuery('INSERT INTO `us...')
#3 A:\xampp\htdocs\proyecto_parras_alan\system\Database\BaseBuilder.php(2309): CodeIgniter\Database\BaseConnection->query('INSERT INTO `us...', Array, false)
#4 A:\xampp\htdocs\proyecto_parras_alan\system\Model.php(330): CodeIgniter\Database\BaseBuilder->insert()
#5 A:\xampp\htdocs\proyecto_parras_alan\system\BaseModel.php(782): CodeIgniter\Model->doInsert(Array)
#6 A:\xampp\htdocs\proyecto_parras_alan\system\Model.php(730): CodeIgniter\BaseModel->insert(Array, true)
#7 A:\xampp\htdocs\proyecto_parras_alan\app\Controllers\CrudUsers.php(57): CodeIgniter\Model->insert(Array)
#8 A:\xampp\htdocs\proyecto_parras_alan\system\CodeIgniter.php(934): App\Controllers\CrudUsers->create()
#9 A:\xampp\htdocs\proyecto_parras_alan\system\CodeIgniter.php(499): CodeIgniter\CodeIgniter->runController(Object(App\Controllers\CrudUsers))
#10 A:\xampp\htdocs\proyecto_parras_alan\system\CodeIgniter.php(368): CodeIgniter\CodeIgniter->handleRequest(NULL, Object(Config\Cache), false)
#11 A:\xampp\htdocs\proyecto_parras_alan\index.php(68): CodeIgniter\CodeIgniter->run()
#12 {main}
CRITICAL - 2024-06-11 17:15:25 --> Column 'id_perfil' cannot be null
in SYSTEMPATH\Database\BaseConnection.php on line 645.
 1 SYSTEMPATH\Database\BaseBuilder.php(2309): CodeIgniter\Database\BaseConnection->query('INSERT INTO `users` (`nombre`, `apellido`, `dni`, `user`, `email`, `pass`, `id_perfil`, `active`, `created_at`) VALUES (:nombre:, :apellido:, :dni:, :user:, :email:, :pass:, :id_perfil:, :active:, :created_at:)', [...], false)
 2 SYSTEMPATH\Model.php(330): CodeIgniter\Database\BaseBuilder->insert()
 3 SYSTEMPATH\BaseModel.php(782): CodeIgniter\Model->doInsert([...])
 4 SYSTEMPATH\Model.php(730): CodeIgniter\BaseModel->insert([...], true)
 5 APPPATH\Controllers\CrudUsers.php(57): CodeIgniter\Model->insert([...])
 6 SYSTEMPATH\CodeIgniter.php(934): App\Controllers\CrudUsers->create()
 7 SYSTEMPATH\CodeIgniter.php(499): CodeIgniter\CodeIgniter->runController(Object(App\Controllers\CrudUsers))
 8 SYSTEMPATH\CodeIgniter.php(368): CodeIgniter\CodeIgniter->handleRequest(null, Object(Config\Cache), false)
 9 FCPATH\index.php(68): CodeIgniter\CodeIgniter->run()
INFO - 2024-06-11 17:15:29 --> Session: Class initialized using 'CodeIgniter\Session\Handlers\FileHandler' driver.
INFO - 2024-06-11 17:15:47 --> Session: Class initialized using 'CodeIgniter\Session\Handlers\FileHandler' driver.
ERROR - 2024-06-11 17:15:47 --> mysqli_sql_exception: Column 'id_perfil' cannot be null in A:\xampp\htdocs\proyecto_parras_alan\system\Database\MySQLi\Connection.php:295
Stack trace:
#0 A:\xampp\htdocs\proyecto_parras_alan\system\Database\MySQLi\Connection.php(295): mysqli->query('INSERT INTO `us...', 0)
#1 A:\xampp\htdocs\proyecto_parras_alan\system\Database\BaseConnection.php(691): CodeIgniter\Database\MySQLi\Connection->execute('INSERT INTO `us...')
#2 A:\xampp\htdocs\proyecto_parras_alan\system\Database\BaseConnection.php(605): CodeIgniter\Database\BaseConnection->simpleQuery('INSERT INTO `us...')
#3 A:\xampp\htdocs\proyecto_parras_alan\system\Database\BaseBuilder.php(2309): CodeIgniter\Database\BaseConnection->query('INSERT INTO `us...', Array, false)
#4 A:\xampp\htdocs\proyecto_parras_alan\system\Model.php(330): CodeIgniter\Database\BaseBuilder->insert()
#5 A:\xampp\htdocs\proyecto_parras_alan\system\BaseModel.php(782): CodeIgniter\Model->doInsert(Array)
#6 A:\xampp\htdocs\proyecto_parras_alan\system\Model.php(730): CodeIgniter\BaseModel->insert(Array, true)
#7 A:\xampp\htdocs\proyecto_parras_alan\app\Controllers\CrudUsers.php(57): CodeIgniter\Model->insert(Array)
#8 A:\xampp\htdocs\proyecto_parras_alan\system\CodeIgniter.php(934): App\Controllers\CrudUsers->create()
#9 A:\xampp\htdocs\proyecto_parras_alan\system\CodeIgniter.php(499): CodeIgniter\CodeIgniter->runController(Object(App\Controllers\CrudUsers))
#10 A:\xampp\htdocs\proyecto_parras_alan\system\CodeIgniter.php(368): CodeIgniter\CodeIgniter->handleRequest(NULL, Object(Config\Cache), false)
#11 A:\xampp\htdocs\proyecto_parras_alan\index.php(68): CodeIgniter\CodeIgniter->run()
#12 {main}
CRITICAL - 2024-06-11 17:15:47 --> Column 'id_perfil' cannot be null
in SYSTEMPATH\Database\BaseConnection.php on line 645.
 1 SYSTEMPATH\Database\BaseBuilder.php(2309): CodeIgniter\Database\BaseConnection->query('INSERT INTO `users` (`nombre`, `apellido`, `dni`, `user`, `email`, `pass`, `id_perfil`, `active`, `created_at`) VALUES (:nombre:, :apellido:, :dni:, :user:, :email:, :pass:, :id_perfil:, :active:, :created_at:)', [...], false)
 2 SYSTEMPATH\Model.php(330): CodeIgniter\Database\BaseBuilder->insert()
 3 SYSTEMPATH\BaseModel.php(782): CodeIgniter\Model->doInsert([...])
 4 SYSTEMPATH\Model.php(730): CodeIgniter\BaseModel->insert([...], true)
 5 APPPATH\Controllers\CrudUsers.php(57): CodeIgniter\Model->insert([...])
 6 SYSTEMPATH\CodeIgniter.php(934): App\Controllers\CrudUsers->create()
 7 SYSTEMPATH\CodeIgniter.php(499): CodeIgniter\CodeIgniter->runController(Object(App\Controllers\CrudUsers))
 8 SYSTEMPATH\CodeIgniter.php(368): CodeIgniter\CodeIgniter->handleRequest(null, Object(Config\Cache), false)
 9 FCPATH\index.php(68): CodeIgniter\CodeIgniter->run()
INFO - 2024-06-11 17:15:49 --> Session: Class initialized using 'CodeIgniter\Session\Handlers\FileHandler' driver.
INFO - 2024-06-11 17:15:59 --> Session: Class initialized using 'CodeIgniter\Session\Handlers\FileHandler' driver.
ERROR - 2024-06-11 17:15:59 --> mysqli_sql_exception: Column 'id_perfil' cannot be null in A:\xampp\htdocs\proyecto_parras_alan\system\Database\MySQLi\Connection.php:295
Stack trace:
#0 A:\xampp\htdocs\proyecto_parras_alan\system\Database\MySQLi\Connection.php(295): mysqli->query('INSERT INTO `us...', 0)
#1 A:\xampp\htdocs\proyecto_parras_alan\system\Database\BaseConnection.php(691): CodeIgniter\Database\MySQLi\Connection->execute('INSERT INTO `us...')
#2 A:\xampp\htdocs\proyecto_parras_alan\system\Database\BaseConnection.php(605): CodeIgniter\Database\BaseConnection->simpleQuery('INSERT INTO `us...')
#3 A:\xampp\htdocs\proyecto_parras_alan\system\Database\BaseBuilder.php(2309): CodeIgniter\Database\BaseConnection->query('INSERT INTO `us...', Array, false)
#4 A:\xampp\htdocs\proyecto_parras_alan\system\Model.php(330): CodeIgniter\Database\BaseBuilder->insert()
#5 A:\xampp\htdocs\proyecto_parras_alan\system\BaseModel.php(782): CodeIgniter\Model->doInsert(Array)
#6 A:\xampp\htdocs\proyecto_parras_alan\system\Model.php(730): CodeIgniter\BaseModel->insert(Array, true)
#7 A:\xampp\htdocs\proyecto_parras_alan\app\Controllers\CrudUsers.php(57): CodeIgniter\Model->insert(Array)
#8 A:\xampp\htdocs\proyecto_parras_alan\system\CodeIgniter.php(934): App\Controllers\CrudUsers->create()
#9 A:\xampp\htdocs\proyecto_parras_alan\system\CodeIgniter.php(499): CodeIgniter\CodeIgniter->runController(Object(App\Controllers\CrudUsers))
#10 A:\xampp\htdocs\proyecto_parras_alan\system\CodeIgniter.php(368): CodeIgniter\CodeIgniter->handleRequest(NULL, Object(Config\Cache), false)
#11 A:\xampp\htdocs\proyecto_parras_alan\index.php(68): CodeIgniter\CodeIgniter->run()
#12 {main}
CRITICAL - 2024-06-11 17:15:59 --> Column 'id_perfil' cannot be null
in SYSTEMPATH\Database\BaseConnection.php on line 645.
 1 SYSTEMPATH\Database\BaseBuilder.php(2309): CodeIgniter\Database\BaseConnection->query('INSERT INTO `users` (`nombre`, `apellido`, `dni`, `user`, `email`, `pass`, `id_perfil`, `active`, `created_at`) VALUES (:nombre:, :apellido:, :dni:, :user:, :email:, :pass:, :id_perfil:, :active:, :created_at:)', [...], false)
 2 SYSTEMPATH\Model.php(330): CodeIgniter\Database\BaseBuilder->insert()
 3 SYSTEMPATH\BaseModel.php(782): CodeIgniter\Model->doInsert([...])
 4 SYSTEMPATH\Model.php(730): CodeIgniter\BaseModel->insert([...], true)
 5 APPPATH\Controllers\CrudUsers.php(57): CodeIgniter\Model->insert([...])
 6 SYSTEMPATH\CodeIgniter.php(934): App\Controllers\CrudUsers->create()
 7 SYSTEMPATH\CodeIgniter.php(499): CodeIgniter\CodeIgniter->runController(Object(App\Controllers\CrudUsers))
 8 SYSTEMPATH\CodeIgniter.php(368): CodeIgniter\CodeIgniter->handleRequest(null, Object(Config\Cache), false)
 9 FCPATH\index.php(68): CodeIgniter\CodeIgniter->run()
INFO - 2024-06-11 17:16:00 --> Session: Class initialized using 'CodeIgniter\Session\Handlers\FileHandler' driver.
INFO - 2024-06-11 17:16:10 --> Session: Class initialized using 'CodeIgniter\Session\Handlers\FileHandler' driver.
ERROR - 2024-06-11 17:16:10 --> mysqli_sql_exception: Column 'id_perfil' cannot be null in A:\xampp\htdocs\proyecto_parras_alan\system\Database\MySQLi\Connection.php:295
Stack trace:
#0 A:\xampp\htdocs\proyecto_parras_alan\system\Database\MySQLi\Connection.php(295): mysqli->query('INSERT INTO `us...', 0)
#1 A:\xampp\htdocs\proyecto_parras_alan\system\Database\BaseConnection.php(691): CodeIgniter\Database\MySQLi\Connection->execute('INSERT INTO `us...')
#2 A:\xampp\htdocs\proyecto_parras_alan\system\Database\BaseConnection.php(605): CodeIgniter\Database\BaseConnection->simpleQuery('INSERT INTO `us...')
#3 A:\xampp\htdocs\proyecto_parras_alan\system\Database\BaseBuilder.php(2309): CodeIgniter\Database\BaseConnection->query('INSERT INTO `us...', Array, false)
#4 A:\xampp\htdocs\proyecto_parras_alan\system\Model.php(330): CodeIgniter\Database\BaseBuilder->insert()
#5 A:\xampp\htdocs\proyecto_parras_alan\system\BaseModel.php(782): CodeIgniter\Model->doInsert(Array)
#6 A:\xampp\htdocs\proyecto_parras_alan\system\Model.php(730): CodeIgniter\BaseModel->insert(Array, true)
#7 A:\xampp\htdocs\proyecto_parras_alan\app\Controllers\CrudUsers.php(57): CodeIgniter\Model->insert(Array)
#8 A:\xampp\htdocs\proyecto_parras_alan\system\CodeIgniter.php(934): App\Controllers\CrudUsers->create()
#9 A:\xampp\htdocs\proyecto_parras_alan\system\CodeIgniter.php(499): CodeIgniter\CodeIgniter->runController(Object(App\Controllers\CrudUsers))
#10 A:\xampp\htdocs\proyecto_parras_alan\system\CodeIgniter.php(368): CodeIgniter\CodeIgniter->handleRequest(NULL, Object(Config\Cache), false)
#11 A:\xampp\htdocs\proyecto_parras_alan\index.php(68): CodeIgniter\CodeIgniter->run()
#12 {main}
CRITICAL - 2024-06-11 17:16:10 --> Column 'id_perfil' cannot be null
in SYSTEMPATH\Database\BaseConnection.php on line 645.
 1 SYSTEMPATH\Database\BaseBuilder.php(2309): CodeIgniter\Database\BaseConnection->query('INSERT INTO `users` (`nombre`, `apellido`, `dni`, `user`, `email`, `pass`, `id_perfil`, `active`, `created_at`) VALUES (:nombre:, :apellido:, :dni:, :user:, :email:, :pass:, :id_perfil:, :active:, :created_at:)', [...], false)
 2 SYSTEMPATH\Model.php(330): CodeIgniter\Database\BaseBuilder->insert()
 3 SYSTEMPATH\BaseModel.php(782): CodeIgniter\Model->doInsert([...])
 4 SYSTEMPATH\Model.php(730): CodeIgniter\BaseModel->insert([...], true)
 5 APPPATH\Controllers\CrudUsers.php(57): CodeIgniter\Model->insert([...])
 6 SYSTEMPATH\CodeIgniter.php(934): App\Controllers\CrudUsers->create()
 7 SYSTEMPATH\CodeIgniter.php(499): CodeIgniter\CodeIgniter->runController(Object(App\Controllers\CrudUsers))
 8 SYSTEMPATH\CodeIgniter.php(368): CodeIgniter\CodeIgniter->handleRequest(null, Object(Config\Cache), false)
 9 FCPATH\index.php(68): CodeIgniter\CodeIgniter->run()
INFO - 2024-06-11 17:16:13 --> Session: Class initialized using 'CodeIgniter\Session\Handlers\FileHandler' driver.
INFO - 2024-06-11 17:28:46 --> Session: Class initialized using 'CodeIgniter\Session\Handlers\FileHandler' driver.
ERROR - 2024-06-11 17:28:46 --> mysqli_sql_exception: Duplicate entry '1' for key 'perfil_id' in A:\xampp\htdocs\proyecto_parras_alan\system\Database\MySQLi\Connection.php:295
Stack trace:
#0 A:\xampp\htdocs\proyecto_parras_alan\system\Database\MySQLi\Connection.php(295): mysqli->query('INSERT INTO `us...', 0)
#1 A:\xampp\htdocs\proyecto_parras_alan\system\Database\BaseConnection.php(691): CodeIgniter\Database\MySQLi\Connection->execute('INSERT INTO `us...')
#2 A:\xampp\htdocs\proyecto_parras_alan\system\Database\BaseConnection.php(605): CodeIgniter\Database\BaseConnection->simpleQuery('INSERT INTO `us...')
#3 A:\xampp\htdocs\proyecto_parras_alan\system\Database\BaseBuilder.php(2309): CodeIgniter\Database\BaseConnection->query('INSERT INTO `us...', Array, false)
#4 A:\xampp\htdocs\proyecto_parras_alan\system\Model.php(330): CodeIgniter\Database\BaseBuilder->insert()
#5 A:\xampp\htdocs\proyecto_parras_alan\system\BaseModel.php(782): CodeIgniter\Model->doInsert(Array)
#6 A:\xampp\htdocs\proyecto_parras_alan\system\Model.php(730): CodeIgniter\BaseModel->insert(Array, true)
#7 A:\xampp\htdocs\proyecto_parras_alan\app\Controllers\CrudUsers.php(57): CodeIgniter\Model->insert(Array)
#8 A:\xampp\htdocs\proyecto_parras_alan\system\CodeIgniter.php(934): App\Controllers\CrudUsers->create()
#9 A:\xampp\htdocs\proyecto_parras_alan\system\CodeIgniter.php(499): CodeIgniter\CodeIgniter->runController(Object(App\Controllers\CrudUsers))
#10 A:\xampp\htdocs\proyecto_parras_alan\system\CodeIgniter.php(368): CodeIgniter\CodeIgniter->handleRequest(NULL, Object(Config\Cache), false)
#11 A:\xampp\htdocs\proyecto_parras_alan\index.php(68): CodeIgniter\CodeIgniter->run()
#12 {main}
CRITICAL - 2024-06-11 17:28:46 --> Duplicate entry '1' for key 'perfil_id'
in SYSTEMPATH\Database\BaseConnection.php on line 645.
 1 SYSTEMPATH\Database\BaseBuilder.php(2309): CodeIgniter\Database\BaseConnection->query('INSERT INTO `users` (`nombre`, `apellido`, `dni`, `user`, `email`, `pass`, `id_perfil`, `active`, `created_at`) VALUES (:nombre:, :apellido:, :dni:, :user:, :email:, :pass:, :id_perfil:, :active:, :created_at:)', [...], false)
 2 SYSTEMPATH\Model.php(330): CodeIgniter\Database\BaseBuilder->insert()
 3 SYSTEMPATH\BaseModel.php(782): CodeIgniter\Model->doInsert([...])
 4 SYSTEMPATH\Model.php(730): CodeIgniter\BaseModel->insert([...], true)
 5 APPPATH\Controllers\CrudUsers.php(57): CodeIgniter\Model->insert([...])
 6 SYSTEMPATH\CodeIgniter.php(934): App\Controllers\CrudUsers->create()
 7 SYSTEMPATH\CodeIgniter.php(499): CodeIgniter\CodeIgniter->runController(Object(App\Controllers\CrudUsers))
 8 SYSTEMPATH\CodeIgniter.php(368): CodeIgniter\CodeIgniter->handleRequest(null, Object(Config\Cache), false)
 9 FCPATH\index.php(68): CodeIgniter\CodeIgniter->run()
INFO - 2024-06-11 17:29:30 --> Session: Class initialized using 'CodeIgniter\Session\Handlers\FileHandler' driver.
INFO - 2024-06-11 17:29:38 --> Session: Class initialized using 'CodeIgniter\Session\Handlers\FileHandler' driver.
INFO - 2024-06-11 17:29:38 --> Session: Class initialized using 'CodeIgniter\Session\Handlers\FileHandler' driver.
INFO - 2024-06-11 17:29:48 --> Session: Class initialized using 'CodeIgniter\Session\Handlers\FileHandler' driver.
INFO - 2024-06-11 17:30:11 --> Session: Class initialized using 'CodeIgniter\Session\Handlers\FileHandler' driver.
ERROR - 2024-06-11 17:30:11 --> mysqli_sql_exception: Duplicate entry '1' for key 'perfil_id' in A:\xampp\htdocs\proyecto_parras_alan\system\Database\MySQLi\Connection.php:295
Stack trace:
#0 A:\xampp\htdocs\proyecto_parras_alan\system\Database\MySQLi\Connection.php(295): mysqli->query('INSERT INTO `us...', 0)
#1 A:\xampp\htdocs\proyecto_parras_alan\system\Database\BaseConnection.php(691): CodeIgniter\Database\MySQLi\Connection->execute('INSERT INTO `us...')
#2 A:\xampp\htdocs\proyecto_parras_alan\system\Database\BaseConnection.php(605): CodeIgniter\Database\BaseConnection->simpleQuery('INSERT INTO `us...')
#3 A:\xampp\htdocs\proyecto_parras_alan\system\Database\BaseBuilder.php(2309): CodeIgniter\Database\BaseConnection->query('INSERT INTO `us...', Array, false)
#4 A:\xampp\htdocs\proyecto_parras_alan\system\Model.php(330): CodeIgniter\Database\BaseBuilder->insert()
#5 A:\xampp\htdocs\proyecto_parras_alan\system\BaseModel.php(782): CodeIgniter\Model->doInsert(Array)
#6 A:\xampp\htdocs\proyecto_parras_alan\system\Model.php(730): CodeIgniter\BaseModel->insert(Array, true)
#7 A:\xampp\htdocs\proyecto_parras_alan\app\Controllers\CrudUsers.php(57): CodeIgniter\Model->insert(Array)
#8 A:\xampp\htdocs\proyecto_parras_alan\system\CodeIgniter.php(934): App\Controllers\CrudUsers->create()
#9 A:\xampp\htdocs\proyecto_parras_alan\system\CodeIgniter.php(499): CodeIgniter\CodeIgniter->runController(Object(App\Controllers\CrudUsers))
#10 A:\xampp\htdocs\proyecto_parras_alan\system\CodeIgniter.php(368): CodeIgniter\CodeIgniter->handleRequest(NULL, Object(Config\Cache), false)
#11 A:\xampp\htdocs\proyecto_parras_alan\index.php(68): CodeIgniter\CodeIgniter->run()
#12 {main}
CRITICAL - 2024-06-11 17:30:11 --> Duplicate entry '1' for key 'perfil_id'
in SYSTEMPATH\Database\BaseConnection.php on line 645.
 1 SYSTEMPATH\Database\BaseBuilder.php(2309): CodeIgniter\Database\BaseConnection->query('INSERT INTO `users` (`nombre`, `apellido`, `dni`, `user`, `email`, `pass`, `id_perfil`, `active`, `created_at`) VALUES (:nombre:, :apellido:, :dni:, :user:, :email:, :pass:, :id_perfil:, :active:, :created_at:)', [...], false)
 2 SYSTEMPATH\Model.php(330): CodeIgniter\Database\BaseBuilder->insert()
 3 SYSTEMPATH\BaseModel.php(782): CodeIgniter\Model->doInsert([...])
 4 SYSTEMPATH\Model.php(730): CodeIgniter\BaseModel->insert([...], true)
 5 APPPATH\Controllers\CrudUsers.php(57): CodeIgniter\Model->insert([...])
 6 SYSTEMPATH\CodeIgniter.php(934): App\Controllers\CrudUsers->create()
 7 SYSTEMPATH\CodeIgniter.php(499): CodeIgniter\CodeIgniter->runController(Object(App\Controllers\CrudUsers))
 8 SYSTEMPATH\CodeIgniter.php(368): CodeIgniter\CodeIgniter->handleRequest(null, Object(Config\Cache), false)
 9 FCPATH\index.php(68): CodeIgniter\CodeIgniter->run()
INFO - 2024-06-11 17:30:13 --> Session: Class initialized using 'CodeIgniter\Session\Handlers\FileHandler' driver.
INFO - 2024-06-11 17:30:51 --> Session: Class initialized using 'CodeIgniter\Session\Handlers\FileHandler' driver.
ERROR - 2024-06-11 17:30:51 --> mysqli_sql_exception: Duplicate entry '2' for key 'perfil_id' in A:\xampp\htdocs\proyecto_parras_alan\system\Database\MySQLi\Connection.php:295
Stack trace:
#0 A:\xampp\htdocs\proyecto_parras_alan\system\Database\MySQLi\Connection.php(295): mysqli->query('INSERT INTO `us...', 0)
#1 A:\xampp\htdocs\proyecto_parras_alan\system\Database\BaseConnection.php(691): CodeIgniter\Database\MySQLi\Connection->execute('INSERT INTO `us...')
#2 A:\xampp\htdocs\proyecto_parras_alan\system\Database\BaseConnection.php(605): CodeIgniter\Database\BaseConnection->simpleQuery('INSERT INTO `us...')
#3 A:\xampp\htdocs\proyecto_parras_alan\system\Database\BaseBuilder.php(2309): CodeIgniter\Database\BaseConnection->query('INSERT INTO `us...', Array, false)
#4 A:\xampp\htdocs\proyecto_parras_alan\system\Model.php(330): CodeIgniter\Database\BaseBuilder->insert()
#5 A:\xampp\htdocs\proyecto_parras_alan\system\BaseModel.php(782): CodeIgniter\Model->doInsert(Array)
#6 A:\xampp\htdocs\proyecto_parras_alan\system\Model.php(730): CodeIgniter\BaseModel->insert(Array, true)
#7 A:\xampp\htdocs\proyecto_parras_alan\app\Controllers\CrudUsers.php(57): CodeIgniter\Model->insert(Array)
#8 A:\xampp\htdocs\proyecto_parras_alan\system\CodeIgniter.php(934): App\Controllers\CrudUsers->create()
#9 A:\xampp\htdocs\proyecto_parras_alan\system\CodeIgniter.php(499): CodeIgniter\CodeIgniter->runController(Object(App\Controllers\CrudUsers))
#10 A:\xampp\htdocs\proyecto_parras_alan\system\CodeIgniter.php(368): CodeIgniter\CodeIgniter->handleRequest(NULL, Object(Config\Cache), false)
#11 A:\xampp\htdocs\proyecto_parras_alan\index.php(68): CodeIgniter\CodeIgniter->run()
#12 {main}
CRITICAL - 2024-06-11 17:30:51 --> Duplicate entry '2' for key 'perfil_id'
in SYSTEMPATH\Database\BaseConnection.php on line 645.
 1 SYSTEMPATH\Database\BaseBuilder.php(2309): CodeIgniter\Database\BaseConnection->query('INSERT INTO `users` (`nombre`, `apellido`, `dni`, `user`, `email`, `pass`, `id_perfil`, `active`, `created_at`) VALUES (:nombre:, :apellido:, :dni:, :user:, :email:, :pass:, :id_perfil:, :active:, :created_at:)', [...], false)
 2 SYSTEMPATH\Model.php(330): CodeIgniter\Database\BaseBuilder->insert()
 3 SYSTEMPATH\BaseModel.php(782): CodeIgniter\Model->doInsert([...])
 4 SYSTEMPATH\Model.php(730): CodeIgniter\BaseModel->insert([...], true)
 5 APPPATH\Controllers\CrudUsers.php(57): CodeIgniter\Model->insert([...])
 6 SYSTEMPATH\CodeIgniter.php(934): App\Controllers\CrudUsers->create()
 7 SYSTEMPATH\CodeIgniter.php(499): CodeIgniter\CodeIgniter->runController(Object(App\Controllers\CrudUsers))
 8 SYSTEMPATH\CodeIgniter.php(368): CodeIgniter\CodeIgniter->handleRequest(null, Object(Config\Cache), false)
 9 FCPATH\index.php(68): CodeIgniter\CodeIgniter->run()
INFO - 2024-06-11 17:30:53 --> Session: Class initialized using 'CodeIgniter\Session\Handlers\FileHandler' driver.
INFO - 2024-06-11 20:03:53 --> Session: Class initialized using 'CodeIgniter\Session\Handlers\FileHandler' driver.
INFO - 2024-06-11 20:04:05 --> Session: Class initialized using 'CodeIgniter\Session\Handlers\FileHandler' driver.
INFO - 2024-06-11 20:15:26 --> Session: Class initialized using 'CodeIgniter\Session\Handlers\FileHandler' driver.
INFO - 2024-06-11 20:15:27 --> Session: Class initialized using 'CodeIgniter\Session\Handlers\FileHandler' driver.
INFO - 2024-06-11 20:15:35 --> Session: Class initialized using 'CodeIgniter\Session\Handlers\FileHandler' driver.
INFO - 2024-06-11 20:15:35 --> Session: Class initialized using 'CodeIgniter\Session\Handlers\FileHandler' driver.
INFO - 2024-06-11 20:15:36 --> Session: Class initialized using 'CodeIgniter\Session\Handlers\FileHandler' driver.
INFO - 2024-06-11 20:15:39 --> Session: Class initialized using 'CodeIgniter\Session\Handlers\FileHandler' driver.
INFO - 2024-06-11 20:16:49 --> Session: Class initialized using 'CodeIgniter\Session\Handlers\FileHandler' driver.
INFO - 2024-06-11 20:16:49 --> Session: Class initialized using 'CodeIgniter\Session\Handlers\FileHandler' driver.
INFO - 2024-06-11 20:16:50 --> Session: Class initialized using 'CodeIgniter\Session\Handlers\FileHandler' driver.
INFO - 2024-06-11 20:17:17 --> Session: Class initialized using 'CodeIgniter\Session\Handlers\FileHandler' driver.
INFO - 2024-06-11 20:17:18 --> Session: Class initialized using 'CodeIgniter\Session\Handlers\FileHandler' driver.
INFO - 2024-06-11 20:18:11 --> Session: Class initialized using 'CodeIgniter\Session\Handlers\FileHandler' driver.
INFO - 2024-06-11 20:18:13 --> Session: Class initialized using 'CodeIgniter\Session\Handlers\FileHandler' driver.
INFO - 2024-06-11 20:21:06 --> Session: Class initialized using 'CodeIgniter\Session\Handlers\FileHandler' driver.
INFO - 2024-06-11 20:21:16 --> Session: Class initialized using 'CodeIgniter\Session\Handlers\FileHandler' driver.
INFO - 2024-06-11 20:21:43 --> Session: Class initialized using 'CodeIgniter\Session\Handlers\FileHandler' driver.
INFO - 2024-06-11 20:21:44 --> Session: Class initialized using 'CodeIgniter\Session\Handlers\FileHandler' driver.
INFO - 2024-06-11 20:22:25 --> Session: Class initialized using 'CodeIgniter\Session\Handlers\FileHandler' driver.
INFO - 2024-06-11 20:22:26 --> Session: Class initialized using 'CodeIgniter\Session\Handlers\FileHandler' driver.
INFO - 2024-06-11 20:22:27 --> Session: Class initialized using 'CodeIgniter\Session\Handlers\FileHandler' driver.
INFO - 2024-06-11 20:22:28 --> Session: Class initialized using 'CodeIgniter\Session\Handlers\FileHandler' driver.
INFO - 2024-06-11 20:22:41 --> Session: Class initialized using 'CodeIgniter\Session\Handlers\FileHandler' driver.
ERROR - 2024-06-11 20:22:41 --> mysqli_sql_exception: Column 'id_perfil' cannot be null in A:\xampp\htdocs\proyecto_parras_alan\system\Database\MySQLi\Connection.php:295
Stack trace:
#0 A:\xampp\htdocs\proyecto_parras_alan\system\Database\MySQLi\Connection.php(295): mysqli->query('INSERT INTO `us...', 0)
#1 A:\xampp\htdocs\proyecto_parras_alan\system\Database\BaseConnection.php(691): CodeIgniter\Database\MySQLi\Connection->execute('INSERT INTO `us...')
#2 A:\xampp\htdocs\proyecto_parras_alan\system\Database\BaseConnection.php(605): CodeIgniter\Database\BaseConnection->simpleQuery('INSERT INTO `us...')
#3 A:\xampp\htdocs\proyecto_parras_alan\system\Database\BaseBuilder.php(2309): CodeIgniter\Database\BaseConnection->query('INSERT INTO `us...', Array, false)
#4 A:\xampp\htdocs\proyecto_parras_alan\system\Model.php(330): CodeIgniter\Database\BaseBuilder->insert()
#5 A:\xampp\htdocs\proyecto_parras_alan\system\BaseModel.php(782): CodeIgniter\Model->doInsert(Array)
#6 A:\xampp\htdocs\proyecto_parras_alan\system\Model.php(730): CodeIgniter\BaseModel->insert(Array, true)
#7 A:\xampp\htdocs\proyecto_parras_alan\app\Controllers\CrudUsers.php(58): CodeIgniter\Model->insert(Array)
#8 A:\xampp\htdocs\proyecto_parras_alan\system\CodeIgniter.php(934): App\Controllers\CrudUsers->create()
#9 A:\xampp\htdocs\proyecto_parras_alan\system\CodeIgniter.php(499): CodeIgniter\CodeIgniter->runController(Object(App\Controllers\CrudUsers))
#10 A:\xampp\htdocs\proyecto_parras_alan\system\CodeIgniter.php(368): CodeIgniter\CodeIgniter->handleRequest(NULL, Object(Config\Cache), false)
#11 A:\xampp\htdocs\proyecto_parras_alan\index.php(68): CodeIgniter\CodeIgniter->run()
#12 {main}
CRITICAL - 2024-06-11 20:22:41 --> Column 'id_perfil' cannot be null
in SYSTEMPATH\Database\BaseConnection.php on line 645.
 1 SYSTEMPATH\Database\BaseBuilder.php(2309): CodeIgniter\Database\BaseConnection->query('INSERT INTO `users` (`nombre`, `apellido`, `dni`, `user`, `email`, `pass`, `id_perfil`, `active`, `created_at`) VALUES (:nombre:, :apellido:, :dni:, :user:, :email:, :pass:, :id_perfil:, :active:, :created_at:)', [...], false)
 2 SYSTEMPATH\Model.php(330): CodeIgniter\Database\BaseBuilder->insert()
 3 SYSTEMPATH\BaseModel.php(782): CodeIgniter\Model->doInsert([...])
 4 SYSTEMPATH\Model.php(730): CodeIgniter\BaseModel->insert([...], true)
 5 APPPATH\Controllers\CrudUsers.php(58): CodeIgniter\Model->insert([...])
 6 SYSTEMPATH\CodeIgniter.php(934): App\Controllers\CrudUsers->create()
 7 SYSTEMPATH\CodeIgniter.php(499): CodeIgniter\CodeIgniter->runController(Object(App\Controllers\CrudUsers))
 8 SYSTEMPATH\CodeIgniter.php(368): CodeIgniter\CodeIgniter->handleRequest(null, Object(Config\Cache), false)
 9 FCPATH\index.php(68): CodeIgniter\CodeIgniter->run()
INFO - 2024-06-11 20:22:49 --> Session: Class initialized using 'CodeIgniter\Session\Handlers\FileHandler' driver.
INFO - 2024-06-11 20:22:55 --> Session: Class initialized using 'CodeIgniter\Session\Handlers\FileHandler' driver.
ERROR - 2024-06-11 20:22:55 --> mysqli_sql_exception: Column 'id_perfil' cannot be null in A:\xampp\htdocs\proyecto_parras_alan\system\Database\MySQLi\Connection.php:295
Stack trace:
#0 A:\xampp\htdocs\proyecto_parras_alan\system\Database\MySQLi\Connection.php(295): mysqli->query('INSERT INTO `us...', 0)
#1 A:\xampp\htdocs\proyecto_parras_alan\system\Database\BaseConnection.php(691): CodeIgniter\Database\MySQLi\Connection->execute('INSERT INTO `us...')
#2 A:\xampp\htdocs\proyecto_parras_alan\system\Database\BaseConnection.php(605): CodeIgniter\Database\BaseConnection->simpleQuery('INSERT INTO `us...')
#3 A:\xampp\htdocs\proyecto_parras_alan\system\Database\BaseBuilder.php(2309): CodeIgniter\Database\BaseConnection->query('INSERT INTO `us...', Array, false)
#4 A:\xampp\htdocs\proyecto_parras_alan\system\Model.php(330): CodeIgniter\Database\BaseBuilder->insert()
#5 A:\xampp\htdocs\proyecto_parras_alan\system\BaseModel.php(782): CodeIgniter\Model->doInsert(Array)
#6 A:\xampp\htdocs\proyecto_parras_alan\system\Model.php(730): CodeIgniter\BaseModel->insert(Array, true)
#7 A:\xampp\htdocs\proyecto_parras_alan\app\Controllers\CrudUsers.php(58): CodeIgniter\Model->insert(Array)
#8 A:\xampp\htdocs\proyecto_parras_alan\system\CodeIgniter.php(934): App\Controllers\CrudUsers->create()
#9 A:\xampp\htdocs\proyecto_parras_alan\system\CodeIgniter.php(499): CodeIgniter\CodeIgniter->runController(Object(App\Controllers\CrudUsers))
#10 A:\xampp\htdocs\proyecto_parras_alan\system\CodeIgniter.php(368): CodeIgniter\CodeIgniter->handleRequest(NULL, Object(Config\Cache), false)
#11 A:\xampp\htdocs\proyecto_parras_alan\index.php(68): CodeIgniter\CodeIgniter->run()
#12 {main}
CRITICAL - 2024-06-11 20:22:55 --> Column 'id_perfil' cannot be null
in SYSTEMPATH\Database\BaseConnection.php on line 645.
 1 SYSTEMPATH\Database\BaseBuilder.php(2309): CodeIgniter\Database\BaseConnection->query('INSERT INTO `users` (`nombre`, `apellido`, `dni`, `user`, `email`, `pass`, `id_perfil`, `active`, `created_at`) VALUES (:nombre:, :apellido:, :dni:, :user:, :email:, :pass:, :id_perfil:, :active:, :created_at:)', [...], false)
 2 SYSTEMPATH\Model.php(330): CodeIgniter\Database\BaseBuilder->insert()
 3 SYSTEMPATH\BaseModel.php(782): CodeIgniter\Model->doInsert([...])
 4 SYSTEMPATH\Model.php(730): CodeIgniter\BaseModel->insert([...], true)
 5 APPPATH\Controllers\CrudUsers.php(58): CodeIgniter\Model->insert([...])
 6 SYSTEMPATH\CodeIgniter.php(934): App\Controllers\CrudUsers->create()
 7 SYSTEMPATH\CodeIgniter.php(499): CodeIgniter\CodeIgniter->runController(Object(App\Controllers\CrudUsers))
 8 SYSTEMPATH\CodeIgniter.php(368): CodeIgniter\CodeIgniter->handleRequest(null, Object(Config\Cache), false)
 9 FCPATH\index.php(68): CodeIgniter\CodeIgniter->run()
INFO - 2024-06-11 20:22:57 --> Session: Class initialized using 'CodeIgniter\Session\Handlers\FileHandler' driver.
INFO - 2024-06-11 20:24:07 --> Session: Class initialized using 'CodeIgniter\Session\Handlers\FileHandler' driver.
INFO - 2024-06-11 20:24:36 --> Session: Class initialized using 'CodeIgniter\Session\Handlers\FileHandler' driver.
INFO - 2024-06-11 20:24:38 --> Session: Class initialized using 'CodeIgniter\Session\Handlers\FileHandler' driver.
INFO - 2024-06-11 20:24:40 --> Session: Class initialized using 'CodeIgniter\Session\Handlers\FileHandler' driver.
INFO - 2024-06-11 20:25:11 --> Session: Class initialized using 'CodeIgniter\Session\Handlers\FileHandler' driver.
INFO - 2024-06-11 20:25:12 --> Session: Class initialized using 'CodeIgniter\Session\Handlers\FileHandler' driver.
INFO - 2024-06-11 20:25:18 --> Session: Class initialized using 'CodeIgniter\Session\Handlers\FileHandler' driver.
INFO - 2024-06-11 20:25:19 --> Session: Class initialized using 'CodeIgniter\Session\Handlers\FileHandler' driver.
INFO - 2024-06-11 20:30:55 --> Session: Class initialized using 'CodeIgniter\Session\Handlers\FileHandler' driver.
INFO - 2024-06-11 20:33:23 --> Session: Class initialized using 'CodeIgniter\Session\Handlers\FileHandler' driver.
INFO - 2024-06-11 20:33:33 --> Session: Class initialized using 'CodeIgniter\Session\Handlers\FileHandler' driver.
INFO - 2024-06-11 20:33:44 --> Session: Class initialized using 'CodeIgniter\Session\Handlers\FileHandler' driver.
INFO - 2024-06-11 20:36:56 --> Session: Class initialized using 'CodeIgniter\Session\Handlers\FileHandler' driver.
INFO - 2024-06-11 20:37:52 --> Session: Class initialized using 'CodeIgniter\Session\Handlers\FileHandler' driver.
INFO - 2024-06-11 20:39:50 --> Session: Class initialized using 'CodeIgniter\Session\Handlers\FileHandler' driver.
INFO - 2024-06-11 20:40:01 --> Session: Class initialized using 'CodeIgniter\Session\Handlers\FileHandler' driver.
ERROR - 2024-06-11 20:40:01 --> mysqli_sql_exception: Column 'id_perfil' cannot be null in A:\xampp\htdocs\proyecto_parras_alan\system\Database\MySQLi\Connection.php:295
Stack trace:
#0 A:\xampp\htdocs\proyecto_parras_alan\system\Database\MySQLi\Connection.php(295): mysqli->query('INSERT INTO `us...', 0)
#1 A:\xampp\htdocs\proyecto_parras_alan\system\Database\BaseConnection.php(691): CodeIgniter\Database\MySQLi\Connection->execute('INSERT INTO `us...')
#2 A:\xampp\htdocs\proyecto_parras_alan\system\Database\BaseConnection.php(605): CodeIgniter\Database\BaseConnection->simpleQuery('INSERT INTO `us...')
#3 A:\xampp\htdocs\proyecto_parras_alan\system\Database\BaseBuilder.php(2309): CodeIgniter\Database\BaseConnection->query('INSERT INTO `us...', Array, false)
#4 A:\xampp\htdocs\proyecto_parras_alan\system\Model.php(330): CodeIgniter\Database\BaseBuilder->insert()
#5 A:\xampp\htdocs\proyecto_parras_alan\system\BaseModel.php(782): CodeIgniter\Model->doInsert(Array)
#6 A:\xampp\htdocs\proyecto_parras_alan\system\Model.php(730): CodeIgniter\BaseModel->insert(Array, true)
#7 A:\xampp\htdocs\proyecto_parras_alan\app\Controllers\CrudUsers.php(58): CodeIgniter\Model->insert(Array)
#8 A:\xampp\htdocs\proyecto_parras_alan\system\CodeIgniter.php(934): App\Controllers\CrudUsers->create()
#9 A:\xampp\htdocs\proyecto_parras_alan\system\CodeIgniter.php(499): CodeIgniter\CodeIgniter->runController(Object(App\Controllers\CrudUsers))
#10 A:\xampp\htdocs\proyecto_parras_alan\system\CodeIgniter.php(368): CodeIgniter\CodeIgniter->handleRequest(NULL, Object(Config\Cache), false)
#11 A:\xampp\htdocs\proyecto_parras_alan\index.php(68): CodeIgniter\CodeIgniter->run()
#12 {main}
CRITICAL - 2024-06-11 20:40:01 --> Column 'id_perfil' cannot be null
in SYSTEMPATH\Database\BaseConnection.php on line 645.
 1 SYSTEMPATH\Database\BaseBuilder.php(2309): CodeIgniter\Database\BaseConnection->query('INSERT INTO `users` (`nombre`, `apellido`, `dni`, `user`, `email`, `pass`, `id_perfil`, `active`, `created_at`) VALUES (:nombre:, :apellido:, :dni:, :user:, :email:, :pass:, :id_perfil:, :active:, :created_at:)', [...], false)
 2 SYSTEMPATH\Model.php(330): CodeIgniter\Database\BaseBuilder->insert()
 3 SYSTEMPATH\BaseModel.php(782): CodeIgniter\Model->doInsert([...])
 4 SYSTEMPATH\Model.php(730): CodeIgniter\BaseModel->insert([...], true)
 5 APPPATH\Controllers\CrudUsers.php(58): CodeIgniter\Model->insert([...])
 6 SYSTEMPATH\CodeIgniter.php(934): App\Controllers\CrudUsers->create()
 7 SYSTEMPATH\CodeIgniter.php(499): CodeIgniter\CodeIgniter->runController(Object(App\Controllers\CrudUsers))
 8 SYSTEMPATH\CodeIgniter.php(368): CodeIgniter\CodeIgniter->handleRequest(null, Object(Config\Cache), false)
 9 FCPATH\index.php(68): CodeIgniter\CodeIgniter->run()
INFO - 2024-06-11 20:40:02 --> Session: Class initialized using 'CodeIgniter\Session\Handlers\FileHandler' driver.
INFO - 2024-06-11 20:40:08 --> Session: Class initialized using 'CodeIgniter\Session\Handlers\FileHandler' driver.
ERROR - 2024-06-11 20:40:08 --> mysqli_sql_exception: Column 'id_perfil' cannot be null in A:\xampp\htdocs\proyecto_parras_alan\system\Database\MySQLi\Connection.php:295
Stack trace:
#0 A:\xampp\htdocs\proyecto_parras_alan\system\Database\MySQLi\Connection.php(295): mysqli->query('INSERT INTO `us...', 0)
#1 A:\xampp\htdocs\proyecto_parras_alan\system\Database\BaseConnection.php(691): CodeIgniter\Database\MySQLi\Connection->execute('INSERT INTO `us...')
#2 A:\xampp\htdocs\proyecto_parras_alan\system\Database\BaseConnection.php(605): CodeIgniter\Database\BaseConnection->simpleQuery('INSERT INTO `us...')
#3 A:\xampp\htdocs\proyecto_parras_alan\system\Database\BaseBuilder.php(2309): CodeIgniter\Database\BaseConnection->query('INSERT INTO `us...', Array, false)
#4 A:\xampp\htdocs\proyecto_parras_alan\system\Model.php(330): CodeIgniter\Database\BaseBuilder->insert()
#5 A:\xampp\htdocs\proyecto_parras_alan\system\BaseModel.php(782): CodeIgniter\Model->doInsert(Array)
#6 A:\xampp\htdocs\proyecto_parras_alan\system\Model.php(730): CodeIgniter\BaseModel->insert(Array, true)
#7 A:\xampp\htdocs\proyecto_parras_alan\app\Controllers\CrudUsers.php(58): CodeIgniter\Model->insert(Array)
#8 A:\xampp\htdocs\proyecto_parras_alan\system\CodeIgniter.php(934): App\Controllers\CrudUsers->create()
#9 A:\xampp\htdocs\proyecto_parras_alan\system\CodeIgniter.php(499): CodeIgniter\CodeIgniter->runController(Object(App\Controllers\CrudUsers))
#10 A:\xampp\htdocs\proyecto_parras_alan\system\CodeIgniter.php(368): CodeIgniter\CodeIgniter->handleRequest(NULL, Object(Config\Cache), false)
#11 A:\xampp\htdocs\proyecto_parras_alan\index.php(68): CodeIgniter\CodeIgniter->run()
#12 {main}
CRITICAL - 2024-06-11 20:40:08 --> Column 'id_perfil' cannot be null
in SYSTEMPATH\Database\BaseConnection.php on line 645.
 1 SYSTEMPATH\Database\BaseBuilder.php(2309): CodeIgniter\Database\BaseConnection->query('INSERT INTO `users` (`nombre`, `apellido`, `dni`, `user`, `email`, `pass`, `id_perfil`, `active`, `created_at`) VALUES (:nombre:, :apellido:, :dni:, :user:, :email:, :pass:, :id_perfil:, :active:, :created_at:)', [...], false)
 2 SYSTEMPATH\Model.php(330): CodeIgniter\Database\BaseBuilder->insert()
 3 SYSTEMPATH\BaseModel.php(782): CodeIgniter\Model->doInsert([...])
 4 SYSTEMPATH\Model.php(730): CodeIgniter\BaseModel->insert([...], true)
 5 APPPATH\Controllers\CrudUsers.php(58): CodeIgniter\Model->insert([...])
 6 SYSTEMPATH\CodeIgniter.php(934): App\Controllers\CrudUsers->create()
 7 SYSTEMPATH\CodeIgniter.php(499): CodeIgniter\CodeIgniter->runController(Object(App\Controllers\CrudUsers))
 8 SYSTEMPATH\CodeIgniter.php(368): CodeIgniter\CodeIgniter->handleRequest(null, Object(Config\Cache), false)
 9 FCPATH\index.php(68): CodeIgniter\CodeIgniter->run()
INFO - 2024-06-11 20:40:17 --> Session: Class initialized using 'CodeIgniter\Session\Handlers\FileHandler' driver.
INFO - 2024-06-11 20:45:20 --> Session: Class initialized using 'CodeIgniter\Session\Handlers\FileHandler' driver.
CRITICAL - 2024-06-11 20:45:20 --> Undefined variable $perfiles
in APPPATH\Views\front\crudUsers\addUser.php on line 46.
 1 APPPATH\Views\front\crudUsers\addUser.php(46): CodeIgniter\Debug\Exceptions->errorHandler(2, 'Undefined variable $perfiles', 'APPPATH\\Views\\front\\crudUsers\\addUser.php', 46)
 2 SYSTEMPATH\View\View.php(213): include('APPPATH\\Views\\front\\crudUsers\\addUser.php')
 3 SYSTEMPATH\View\View.php(216): CodeIgniter\View\View->CodeIgniter\View\{closure}()
 4 SYSTEMPATH\Common.php(1184): CodeIgniter\View\View->render('front/crudUsers/addUser', [], true)
 5 APPPATH\Controllers\CrudUsers.php(25): view('front/crudUsers/addUser', [...])
 6 SYSTEMPATH\CodeIgniter.php(934): App\Controllers\CrudUsers->new()
 7 SYSTEMPATH\CodeIgniter.php(499): CodeIgniter\CodeIgniter->runController(Object(App\Controllers\CrudUsers))
 8 SYSTEMPATH\CodeIgniter.php(368): CodeIgniter\CodeIgniter->handleRequest(null, Object(Config\Cache), false)
 9 FCPATH\index.php(68): CodeIgniter\CodeIgniter->run()
INFO - 2024-06-11 20:45:38 --> Session: Class initialized using 'CodeIgniter\Session\Handlers\FileHandler' driver.
CRITICAL - 2024-06-11 20:45:38 --> Undefined variable $perfiles
in APPPATH\Views\front\crudUsers\addUser.php on line 46.
 1 APPPATH\Views\front\crudUsers\addUser.php(46): CodeIgniter\Debug\Exceptions->errorHandler(2, 'Undefined variable $perfiles', 'APPPATH\\Views\\front\\crudUsers\\addUser.php', 46)
 2 SYSTEMPATH\View\View.php(213): include('APPPATH\\Views\\front\\crudUsers\\addUser.php')
 3 SYSTEMPATH\View\View.php(216): CodeIgniter\View\View->CodeIgniter\View\{closure}()
 4 SYSTEMPATH\Common.php(1184): CodeIgniter\View\View->render('front/crudUsers/addUser', [], true)
 5 APPPATH\Controllers\CrudUsers.php(25): view('front/crudUsers/addUser', [...])
 6 SYSTEMPATH\CodeIgniter.php(934): App\Controllers\CrudUsers->new()
 7 SYSTEMPATH\CodeIgniter.php(499): CodeIgniter\CodeIgniter->runController(Object(App\Controllers\CrudUsers))
 8 SYSTEMPATH\CodeIgniter.php(368): CodeIgniter\CodeIgniter->handleRequest(null, Object(Config\Cache), false)
 9 FCPATH\index.php(68): CodeIgniter\CodeIgniter->run()
INFO - 2024-06-11 20:45:53 --> Session: Class initialized using 'CodeIgniter\Session\Handlers\FileHandler' driver.
INFO - 2024-06-11 20:47:07 --> Session: Class initialized using 'CodeIgniter\Session\Handlers\FileHandler' driver.
ERROR - 2024-06-11 20:47:07 --> mysqli_sql_exception: Column 'id_perfil' cannot be null in A:\xampp\htdocs\proyecto_parras_alan\system\Database\MySQLi\Connection.php:295
Stack trace:
#0 A:\xampp\htdocs\proyecto_parras_alan\system\Database\MySQLi\Connection.php(295): mysqli->query('INSERT INTO `us...', 0)
#1 A:\xampp\htdocs\proyecto_parras_alan\system\Database\BaseConnection.php(691): CodeIgniter\Database\MySQLi\Connection->execute('INSERT INTO `us...')
#2 A:\xampp\htdocs\proyecto_parras_alan\system\Database\BaseConnection.php(605): CodeIgniter\Database\BaseConnection->simpleQuery('INSERT INTO `us...')
#3 A:\xampp\htdocs\proyecto_parras_alan\system\Database\BaseBuilder.php(2309): CodeIgniter\Database\BaseConnection->query('INSERT INTO `us...', Array, false)
#4 A:\xampp\htdocs\proyecto_parras_alan\system\Model.php(330): CodeIgniter\Database\BaseBuilder->insert()
#5 A:\xampp\htdocs\proyecto_parras_alan\system\BaseModel.php(782): CodeIgniter\Model->doInsert(Array)
#6 A:\xampp\htdocs\proyecto_parras_alan\system\Model.php(730): CodeIgniter\BaseModel->insert(Array, true)
#7 A:\xampp\htdocs\proyecto_parras_alan\app\Controllers\CrudUsers.php(60): CodeIgniter\Model->insert(Array)
#8 A:\xampp\htdocs\proyecto_parras_alan\system\CodeIgniter.php(934): App\Controllers\CrudUsers->create()
#9 A:\xampp\htdocs\proyecto_parras_alan\system\CodeIgniter.php(499): CodeIgniter\CodeIgniter->runController(Object(App\Controllers\CrudUsers))
#10 A:\xampp\htdocs\proyecto_parras_alan\system\CodeIgniter.php(368): CodeIgniter\CodeIgniter->handleRequest(NULL, Object(Config\Cache), false)
#11 A:\xampp\htdocs\proyecto_parras_alan\index.php(68): CodeIgniter\CodeIgniter->run()
#12 {main}
CRITICAL - 2024-06-11 20:47:07 --> Column 'id_perfil' cannot be null
in SYSTEMPATH\Database\BaseConnection.php on line 645.
 1 SYSTEMPATH\Database\BaseBuilder.php(2309): CodeIgniter\Database\BaseConnection->query('INSERT INTO `users` (`nombre`, `apellido`, `dni`, `user`, `email`, `pass`, `id_perfil`, `active`, `created_at`) VALUES (:nombre:, :apellido:, :dni:, :user:, :email:, :pass:, :id_perfil:, :active:, :created_at:)', [...], false)
 2 SYSTEMPATH\Model.php(330): CodeIgniter\Database\BaseBuilder->insert()
 3 SYSTEMPATH\BaseModel.php(782): CodeIgniter\Model->doInsert([...])
 4 SYSTEMPATH\Model.php(730): CodeIgniter\BaseModel->insert([...], true)
 5 APPPATH\Controllers\CrudUsers.php(60): CodeIgniter\Model->insert([...])
 6 SYSTEMPATH\CodeIgniter.php(934): App\Controllers\CrudUsers->create()
 7 SYSTEMPATH\CodeIgniter.php(499): CodeIgniter\CodeIgniter->runController(Object(App\Controllers\CrudUsers))
 8 SYSTEMPATH\CodeIgniter.php(368): CodeIgniter\CodeIgniter->handleRequest(null, Object(Config\Cache), false)
 9 FCPATH\index.php(68): CodeIgniter\CodeIgniter->run()
INFO - 2024-06-11 20:48:41 --> Session: Class initialized using 'CodeIgniter\Session\Handlers\FileHandler' driver.
INFO - 2024-06-11 20:48:45 --> Session: Class initialized using 'CodeIgniter\Session\Handlers\FileHandler' driver.
CRITICAL - 2024-06-11 20:48:45 --> Undefined array key "perfil"
in APPPATH\Controllers\CrudUsers.php on line 57.
 1 APPPATH\Controllers\CrudUsers.php(57): CodeIgniter\Debug\Exceptions->errorHandler(2, 'Undefined array key "perfil"', 'APPPATH\\Controllers\\CrudUsers.php', 57)
 2 SYSTEMPATH\CodeIgniter.php(934): App\Controllers\CrudUsers->create()
 3 SYSTEMPATH\CodeIgniter.php(499): CodeIgniter\CodeIgniter->runController(Object(App\Controllers\CrudUsers))
 4 SYSTEMPATH\CodeIgniter.php(368): CodeIgniter\CodeIgniter->handleRequest(null, Object(Config\Cache), false)
 5 FCPATH\index.php(68): CodeIgniter\CodeIgniter->run()
INFO - 2024-06-11 20:49:09 --> Session: Class initialized using 'CodeIgniter\Session\Handlers\FileHandler' driver.
ERROR - 2024-06-11 20:49:09 --> mysqli_sql_exception: Cannot add or update a child row: a foreign key constraint fails (`parras_a`.`users`, CONSTRAINT `users_ibfk_1` FOREIGN KEY (`id_perfil`) REFERENCES `perfiles` (`id_perfil`)) in A:\xampp\htdocs\proyecto_parras_alan\system\Database\MySQLi\Connection.php:295
Stack trace:
#0 A:\xampp\htdocs\proyecto_parras_alan\system\Database\MySQLi\Connection.php(295): mysqli->query('INSERT INTO `us...', 0)
#1 A:\xampp\htdocs\proyecto_parras_alan\system\Database\BaseConnection.php(691): CodeIgniter\Database\MySQLi\Connection->execute('INSERT INTO `us...')
#2 A:\xampp\htdocs\proyecto_parras_alan\system\Database\BaseConnection.php(605): CodeIgniter\Database\BaseConnection->simpleQuery('INSERT INTO `us...')
#3 A:\xampp\htdocs\proyecto_parras_alan\system\Database\BaseBuilder.php(2309): CodeIgniter\Database\BaseConnection->query('INSERT INTO `us...', Array, false)
#4 A:\xampp\htdocs\proyecto_parras_alan\system\Model.php(330): CodeIgniter\Database\BaseBuilder->insert()
#5 A:\xampp\htdocs\proyecto_parras_alan\system\BaseModel.php(782): CodeIgniter\Model->doInsert(Array)
#6 A:\xampp\htdocs\proyecto_parras_alan\system\Model.php(730): CodeIgniter\BaseModel->insert(Array, true)
#7 A:\xampp\htdocs\proyecto_parras_alan\app\Controllers\CrudUsers.php(58): CodeIgniter\Model->insert(Array)
#8 A:\xampp\htdocs\proyecto_parras_alan\system\CodeIgniter.php(934): App\Controllers\CrudUsers->create()
#9 A:\xampp\htdocs\proyecto_parras_alan\system\CodeIgniter.php(499): CodeIgniter\CodeIgniter->runController(Object(App\Controllers\CrudUsers))
#10 A:\xampp\htdocs\proyecto_parras_alan\system\CodeIgniter.php(368): CodeIgniter\CodeIgniter->handleRequest(NULL, Object(Config\Cache), false)
#11 A:\xampp\htdocs\proyecto_parras_alan\index.php(68): CodeIgniter\CodeIgniter->run()
#12 {main}
CRITICAL - 2024-06-11 20:49:09 --> Cannot add or update a child row: a foreign key constraint fails (`parras_a`.`users`, CONSTRAINT `users_ibfk_1` FOREIGN KEY (`id_perfil`) REFERENCES `perfiles` (`id_perfil`))
in SYSTEMPATH\Database\BaseConnection.php on line 645.
 1 SYSTEMPATH\Database\BaseBuilder.php(2309): CodeIgniter\Database\BaseConnection->query('INSERT INTO `users` (`nombre`, `apellido`, `dni`, `user`, `email`, `pass`, `active`, `created_at`) VALUES (:nombre:, :apellido:, :dni:, :user:, :email:, :pass:, :active:, :created_at:)', [...], false)
 2 SYSTEMPATH\Model.php(330): CodeIgniter\Database\BaseBuilder->insert()
 3 SYSTEMPATH\BaseModel.php(782): CodeIgniter\Model->doInsert([...])
 4 SYSTEMPATH\Model.php(730): CodeIgniter\BaseModel->insert([...], true)
 5 APPPATH\Controllers\CrudUsers.php(58): CodeIgniter\Model->insert([...])
 6 SYSTEMPATH\CodeIgniter.php(934): App\Controllers\CrudUsers->create()
 7 SYSTEMPATH\CodeIgniter.php(499): CodeIgniter\CodeIgniter->runController(Object(App\Controllers\CrudUsers))
 8 SYSTEMPATH\CodeIgniter.php(368): CodeIgniter\CodeIgniter->handleRequest(null, Object(Config\Cache), false)
 9 FCPATH\index.php(68): CodeIgniter\CodeIgniter->run()
INFO - 2024-06-11 20:55:04 --> Session: Class initialized using 'CodeIgniter\Session\Handlers\FileHandler' driver.
ERROR - 2024-06-11 20:55:04 --> mysqli_sql_exception: Column 'id_perfil' cannot be null in A:\xampp\htdocs\proyecto_parras_alan\system\Database\MySQLi\Connection.php:295
Stack trace:
#0 A:\xampp\htdocs\proyecto_parras_alan\system\Database\MySQLi\Connection.php(295): mysqli->query('INSERT INTO `us...', 0)
#1 A:\xampp\htdocs\proyecto_parras_alan\system\Database\BaseConnection.php(691): CodeIgniter\Database\MySQLi\Connection->execute('INSERT INTO `us...')
#2 A:\xampp\htdocs\proyecto_parras_alan\system\Database\BaseConnection.php(605): CodeIgniter\Database\BaseConnection->simpleQuery('INSERT INTO `us...')
#3 A:\xampp\htdocs\proyecto_parras_alan\system\Database\BaseBuilder.php(2309): CodeIgniter\Database\BaseConnection->query('INSERT INTO `us...', Array, false)
#4 A:\xampp\htdocs\proyecto_parras_alan\system\Model.php(330): CodeIgniter\Database\BaseBuilder->insert()
#5 A:\xampp\htdocs\proyecto_parras_alan\system\BaseModel.php(782): CodeIgniter\Model->doInsert(Array)
#6 A:\xampp\htdocs\proyecto_parras_alan\system\Model.php(730): CodeIgniter\BaseModel->insert(Array, true)
#7 A:\xampp\htdocs\proyecto_parras_alan\app\Controllers\CrudUsers.php(58): CodeIgniter\Model->insert(Array)
#8 A:\xampp\htdocs\proyecto_parras_alan\system\CodeIgniter.php(934): App\Controllers\CrudUsers->create()
#9 A:\xampp\htdocs\proyecto_parras_alan\system\CodeIgniter.php(499): CodeIgniter\CodeIgniter->runController(Object(App\Controllers\CrudUsers))
#10 A:\xampp\htdocs\proyecto_parras_alan\system\CodeIgniter.php(368): CodeIgniter\CodeIgniter->handleRequest(NULL, Object(Config\Cache), false)
#11 A:\xampp\htdocs\proyecto_parras_alan\index.php(68): CodeIgniter\CodeIgniter->run()
#12 {main}
CRITICAL - 2024-06-11 20:55:04 --> Column 'id_perfil' cannot be null
in SYSTEMPATH\Database\BaseConnection.php on line 645.
 1 SYSTEMPATH\Database\BaseBuilder.php(2309): CodeIgniter\Database\BaseConnection->query('INSERT INTO `users` (`nombre`, `apellido`, `dni`, `user`, `email`, `pass`, `id_perfil`, `active`, `created_at`) VALUES (:nombre:, :apellido:, :dni:, :user:, :email:, :pass:, :id_perfil:, :active:, :created_at:)', [...], false)
 2 SYSTEMPATH\Model.php(330): CodeIgniter\Database\BaseBuilder->insert()
 3 SYSTEMPATH\BaseModel.php(782): CodeIgniter\Model->doInsert([...])
 4 SYSTEMPATH\Model.php(730): CodeIgniter\BaseModel->insert([...], true)
 5 APPPATH\Controllers\CrudUsers.php(58): CodeIgniter\Model->insert([...])
 6 SYSTEMPATH\CodeIgniter.php(934): App\Controllers\CrudUsers->create()
 7 SYSTEMPATH\CodeIgniter.php(499): CodeIgniter\CodeIgniter->runController(Object(App\Controllers\CrudUsers))
 8 SYSTEMPATH\CodeIgniter.php(368): CodeIgniter\CodeIgniter->handleRequest(null, Object(Config\Cache), false)
 9 FCPATH\index.php(68): CodeIgniter\CodeIgniter->run()
INFO - 2024-06-11 20:55:36 --> Session: Class initialized using 'CodeIgniter\Session\Handlers\FileHandler' driver.
ERROR - 2024-06-11 20:55:36 --> mysqli_sql_exception: Duplicate entry '1' for key 'perfil_id' in A:\xampp\htdocs\proyecto_parras_alan\system\Database\MySQLi\Connection.php:295
Stack trace:
#0 A:\xampp\htdocs\proyecto_parras_alan\system\Database\MySQLi\Connection.php(295): mysqli->query('INSERT INTO `us...', 0)
#1 A:\xampp\htdocs\proyecto_parras_alan\system\Database\BaseConnection.php(691): CodeIgniter\Database\MySQLi\Connection->execute('INSERT INTO `us...')
#2 A:\xampp\htdocs\proyecto_parras_alan\system\Database\BaseConnection.php(605): CodeIgniter\Database\BaseConnection->simpleQuery('INSERT INTO `us...')
#3 A:\xampp\htdocs\proyecto_parras_alan\system\Database\BaseBuilder.php(2309): CodeIgniter\Database\BaseConnection->query('INSERT INTO `us...', Array, false)
#4 A:\xampp\htdocs\proyecto_parras_alan\system\Model.php(330): CodeIgniter\Database\BaseBuilder->insert()
#5 A:\xampp\htdocs\proyecto_parras_alan\system\BaseModel.php(782): CodeIgniter\Model->doInsert(Array)
#6 A:\xampp\htdocs\proyecto_parras_alan\system\Model.php(730): CodeIgniter\BaseModel->insert(Array, true)
#7 A:\xampp\htdocs\proyecto_parras_alan\app\Controllers\CrudUsers.php(58): CodeIgniter\Model->insert(Array)
#8 A:\xampp\htdocs\proyecto_parras_alan\system\CodeIgniter.php(934): App\Controllers\CrudUsers->create()
#9 A:\xampp\htdocs\proyecto_parras_alan\system\CodeIgniter.php(499): CodeIgniter\CodeIgniter->runController(Object(App\Controllers\CrudUsers))
#10 A:\xampp\htdocs\proyecto_parras_alan\system\CodeIgniter.php(368): CodeIgniter\CodeIgniter->handleRequest(NULL, Object(Config\Cache), false)
#11 A:\xampp\htdocs\proyecto_parras_alan\index.php(68): CodeIgniter\CodeIgniter->run()
#12 {main}
CRITICAL - 2024-06-11 20:55:36 --> Duplicate entry '1' for key 'perfil_id'
in SYSTEMPATH\Database\BaseConnection.php on line 645.
 1 SYSTEMPATH\Database\BaseBuilder.php(2309): CodeIgniter\Database\BaseConnection->query('INSERT INTO `users` (`nombre`, `apellido`, `dni`, `user`, `email`, `pass`, `id_perfil`, `active`, `created_at`) VALUES (:nombre:, :apellido:, :dni:, :user:, :email:, :pass:, :id_perfil:, :active:, :created_at:)', [...], false)
 2 SYSTEMPATH\Model.php(330): CodeIgniter\Database\BaseBuilder->insert()
 3 SYSTEMPATH\BaseModel.php(782): CodeIgniter\Model->doInsert([...])
 4 SYSTEMPATH\Model.php(730): CodeIgniter\BaseModel->insert([...], true)
 5 APPPATH\Controllers\CrudUsers.php(58): CodeIgniter\Model->insert([...])
 6 SYSTEMPATH\CodeIgniter.php(934): App\Controllers\CrudUsers->create()
 7 SYSTEMPATH\CodeIgniter.php(499): CodeIgniter\CodeIgniter->runController(Object(App\Controllers\CrudUsers))
 8 SYSTEMPATH\CodeIgniter.php(368): CodeIgniter\CodeIgniter->handleRequest(null, Object(Config\Cache), false)
 9 FCPATH\index.php(68): CodeIgniter\CodeIgniter->run()
INFO - 2024-06-11 21:00:15 --> Session: Class initialized using 'CodeIgniter\Session\Handlers\FileHandler' driver.
ERROR - 2024-06-11 21:00:15 --> mysqli_sql_exception: Duplicate entry '1' for key 'perfil_id' in A:\xampp\htdocs\proyecto_parras_alan\system\Database\MySQLi\Connection.php:295
Stack trace:
#0 A:\xampp\htdocs\proyecto_parras_alan\system\Database\MySQLi\Connection.php(295): mysqli->query('INSERT INTO `us...', 0)
#1 A:\xampp\htdocs\proyecto_parras_alan\system\Database\BaseConnection.php(691): CodeIgniter\Database\MySQLi\Connection->execute('INSERT INTO `us...')
#2 A:\xampp\htdocs\proyecto_parras_alan\system\Database\BaseConnection.php(605): CodeIgniter\Database\BaseConnection->simpleQuery('INSERT INTO `us...')
#3 A:\xampp\htdocs\proyecto_parras_alan\system\Database\BaseBuilder.php(2309): CodeIgniter\Database\BaseConnection->query('INSERT INTO `us...', Array, false)
#4 A:\xampp\htdocs\proyecto_parras_alan\system\Model.php(330): CodeIgniter\Database\BaseBuilder->insert()
#5 A:\xampp\htdocs\proyecto_parras_alan\system\BaseModel.php(782): CodeIgniter\Model->doInsert(Array)
#6 A:\xampp\htdocs\proyecto_parras_alan\system\Model.php(730): CodeIgniter\BaseModel->insert(Array, true)
#7 A:\xampp\htdocs\proyecto_parras_alan\app\Controllers\CrudUsers.php(58): CodeIgniter\Model->insert(Array)
#8 A:\xampp\htdocs\proyecto_parras_alan\system\CodeIgniter.php(934): App\Controllers\CrudUsers->create()
#9 A:\xampp\htdocs\proyecto_parras_alan\system\CodeIgniter.php(499): CodeIgniter\CodeIgniter->runController(Object(App\Controllers\CrudUsers))
#10 A:\xampp\htdocs\proyecto_parras_alan\system\CodeIgniter.php(368): CodeIgniter\CodeIgniter->handleRequest(NULL, Object(Config\Cache), false)
#11 A:\xampp\htdocs\proyecto_parras_alan\index.php(68): CodeIgniter\CodeIgniter->run()
#12 {main}
CRITICAL - 2024-06-11 21:00:15 --> Duplicate entry '1' for key 'perfil_id'
in SYSTEMPATH\Database\BaseConnection.php on line 645.
 1 SYSTEMPATH\Database\BaseBuilder.php(2309): CodeIgniter\Database\BaseConnection->query('INSERT INTO `users` (`nombre`, `apellido`, `dni`, `user`, `email`, `pass`, `id_perfil`, `active`, `created_at`) VALUES (:nombre:, :apellido:, :dni:, :user:, :email:, :pass:, :id_perfil:, :active:, :created_at:)', [...], false)
 2 SYSTEMPATH\Model.php(330): CodeIgniter\Database\BaseBuilder->insert()
 3 SYSTEMPATH\BaseModel.php(782): CodeIgniter\Model->doInsert([...])
 4 SYSTEMPATH\Model.php(730): CodeIgniter\BaseModel->insert([...], true)
 5 APPPATH\Controllers\CrudUsers.php(58): CodeIgniter\Model->insert([...])
 6 SYSTEMPATH\CodeIgniter.php(934): App\Controllers\CrudUsers->create()
 7 SYSTEMPATH\CodeIgniter.php(499): CodeIgniter\CodeIgniter->runController(Object(App\Controllers\CrudUsers))
 8 SYSTEMPATH\CodeIgniter.php(368): CodeIgniter\CodeIgniter->handleRequest(null, Object(Config\Cache), false)
 9 FCPATH\index.php(68): CodeIgniter\CodeIgniter->run()
INFO - 2024-06-11 21:00:32 --> Session: Class initialized using 'CodeIgniter\Session\Handlers\FileHandler' driver.
INFO - 2024-06-11 21:00:33 --> Session: Class initialized using 'CodeIgniter\Session\Handlers\FileHandler' driver.
INFO - 2024-06-11 21:04:30 --> Session: Class initialized using 'CodeIgniter\Session\Handlers\FileHandler' driver.
INFO - 2024-06-11 21:04:42 --> Session: Class initialized using 'CodeIgniter\Session\Handlers\FileHandler' driver.
INFO - 2024-06-11 21:04:42 --> Session: Class initialized using 'CodeIgniter\Session\Handlers\FileHandler' driver.
INFO - 2024-06-11 21:05:04 --> Session: Class initialized using 'CodeIgniter\Session\Handlers\FileHandler' driver.
INFO - 2024-06-11 21:05:16 --> Session: Class initialized using 'CodeIgniter\Session\Handlers\FileHandler' driver.
INFO - 2024-06-11 21:05:16 --> Session: Class initialized using 'CodeIgniter\Session\Handlers\FileHandler' driver.
INFO - 2024-06-11 21:05:18 --> Session: Class initialized using 'CodeIgniter\Session\Handlers\FileHandler' driver.
INFO - 2024-06-11 21:05:45 --> Session: Class initialized using 'CodeIgniter\Session\Handlers\FileHandler' driver.
ERROR - 2024-06-11 21:05:45 --> mysqli_sql_exception: Duplicate entry '1' for key 'perfil_id' in A:\xampp\htdocs\proyecto_parras_alan\system\Database\MySQLi\Connection.php:295
Stack trace:
#0 A:\xampp\htdocs\proyecto_parras_alan\system\Database\MySQLi\Connection.php(295): mysqli->query('INSERT INTO `us...', 0)
#1 A:\xampp\htdocs\proyecto_parras_alan\system\Database\BaseConnection.php(691): CodeIgniter\Database\MySQLi\Connection->execute('INSERT INTO `us...')
#2 A:\xampp\htdocs\proyecto_parras_alan\system\Database\BaseConnection.php(605): CodeIgniter\Database\BaseConnection->simpleQuery('INSERT INTO `us...')
#3 A:\xampp\htdocs\proyecto_parras_alan\system\Database\BaseBuilder.php(2309): CodeIgniter\Database\BaseConnection->query('INSERT INTO `us...', Array, false)
#4 A:\xampp\htdocs\proyecto_parras_alan\system\Model.php(330): CodeIgniter\Database\BaseBuilder->insert()
#5 A:\xampp\htdocs\proyecto_parras_alan\system\BaseModel.php(782): CodeIgniter\Model->doInsert(Array)
#6 A:\xampp\htdocs\proyecto_parras_alan\system\Model.php(730): CodeIgniter\BaseModel->insert(Array, true)
#7 A:\xampp\htdocs\proyecto_parras_alan\app\Controllers\CrudUsers.php(58): CodeIgniter\Model->insert(Array)
#8 A:\xampp\htdocs\proyecto_parras_alan\system\CodeIgniter.php(934): App\Controllers\CrudUsers->create()
#9 A:\xampp\htdocs\proyecto_parras_alan\system\CodeIgniter.php(499): CodeIgniter\CodeIgniter->runController(Object(App\Controllers\CrudUsers))
#10 A:\xampp\htdocs\proyecto_parras_alan\system\CodeIgniter.php(368): CodeIgniter\CodeIgniter->handleRequest(NULL, Object(Config\Cache), false)
#11 A:\xampp\htdocs\proyecto_parras_alan\index.php(68): CodeIgniter\CodeIgniter->run()
#12 {main}
CRITICAL - 2024-06-11 21:05:45 --> Duplicate entry '1' for key 'perfil_id'
in SYSTEMPATH\Database\BaseConnection.php on line 645.
 1 SYSTEMPATH\Database\BaseBuilder.php(2309): CodeIgniter\Database\BaseConnection->query('INSERT INTO `users` (`nombre`, `apellido`, `dni`, `user`, `email`, `pass`, `id_perfil`, `active`, `created_at`) VALUES (:nombre:, :apellido:, :dni:, :user:, :email:, :pass:, :id_perfil:, :active:, :created_at:)', [...], false)
 2 SYSTEMPATH\Model.php(330): CodeIgniter\Database\BaseBuilder->insert()
 3 SYSTEMPATH\BaseModel.php(782): CodeIgniter\Model->doInsert([...])
 4 SYSTEMPATH\Model.php(730): CodeIgniter\BaseModel->insert([...], true)
 5 APPPATH\Controllers\CrudUsers.php(58): CodeIgniter\Model->insert([...])
 6 SYSTEMPATH\CodeIgniter.php(934): App\Controllers\CrudUsers->create()
 7 SYSTEMPATH\CodeIgniter.php(499): CodeIgniter\CodeIgniter->runController(Object(App\Controllers\CrudUsers))
 8 SYSTEMPATH\CodeIgniter.php(368): CodeIgniter\CodeIgniter->handleRequest(null, Object(Config\Cache), false)
 9 FCPATH\index.php(68): CodeIgniter\CodeIgniter->run()
INFO - 2024-06-11 21:07:37 --> Session: Class initialized using 'CodeIgniter\Session\Handlers\FileHandler' driver.
INFO - 2024-06-11 21:07:46 --> Session: Class initialized using 'CodeIgniter\Session\Handlers\FileHandler' driver.
ERROR - 2024-06-11 21:07:46 --> mysqli_sql_exception: Duplicate entry '1' for key 'perfil_id' in A:\xampp\htdocs\proyecto_parras_alan\system\Database\MySQLi\Connection.php:295
Stack trace:
#0 A:\xampp\htdocs\proyecto_parras_alan\system\Database\MySQLi\Connection.php(295): mysqli->query('INSERT INTO `us...', 0)
#1 A:\xampp\htdocs\proyecto_parras_alan\system\Database\BaseConnection.php(691): CodeIgniter\Database\MySQLi\Connection->execute('INSERT INTO `us...')
#2 A:\xampp\htdocs\proyecto_parras_alan\system\Database\BaseConnection.php(605): CodeIgniter\Database\BaseConnection->simpleQuery('INSERT INTO `us...')
#3 A:\xampp\htdocs\proyecto_parras_alan\system\Database\BaseBuilder.php(2309): CodeIgniter\Database\BaseConnection->query('INSERT INTO `us...', Array, false)
#4 A:\xampp\htdocs\proyecto_parras_alan\system\Model.php(330): CodeIgniter\Database\BaseBuilder->insert()
#5 A:\xampp\htdocs\proyecto_parras_alan\system\BaseModel.php(782): CodeIgniter\Model->doInsert(Array)
#6 A:\xampp\htdocs\proyecto_parras_alan\system\Model.php(730): CodeIgniter\BaseModel->insert(Array, true)
#7 A:\xampp\htdocs\proyecto_parras_alan\app\Controllers\CrudUsers.php(58): CodeIgniter\Model->insert(Array)
#8 A:\xampp\htdocs\proyecto_parras_alan\system\CodeIgniter.php(934): App\Controllers\CrudUsers->create()
#9 A:\xampp\htdocs\proyecto_parras_alan\system\CodeIgniter.php(499): CodeIgniter\CodeIgniter->runController(Object(App\Controllers\CrudUsers))
#10 A:\xampp\htdocs\proyecto_parras_alan\system\CodeIgniter.php(368): CodeIgniter\CodeIgniter->handleRequest(NULL, Object(Config\Cache), false)
#11 A:\xampp\htdocs\proyecto_parras_alan\index.php(68): CodeIgniter\CodeIgniter->run()
#12 {main}
CRITICAL - 2024-06-11 21:07:46 --> Duplicate entry '1' for key 'perfil_id'
in SYSTEMPATH\Database\BaseConnection.php on line 645.
 1 SYSTEMPATH\Database\BaseBuilder.php(2309): CodeIgniter\Database\BaseConnection->query('INSERT INTO `users` (`nombre`, `apellido`, `dni`, `user`, `email`, `pass`, `id_perfil`, `active`, `created_at`) VALUES (:nombre:, :apellido:, :dni:, :user:, :email:, :pass:, :id_perfil:, :active:, :created_at:)', [...], false)
 2 SYSTEMPATH\Model.php(330): CodeIgniter\Database\BaseBuilder->insert()
 3 SYSTEMPATH\BaseModel.php(782): CodeIgniter\Model->doInsert([...])
 4 SYSTEMPATH\Model.php(730): CodeIgniter\BaseModel->insert([...], true)
 5 APPPATH\Controllers\CrudUsers.php(58): CodeIgniter\Model->insert([...])
 6 SYSTEMPATH\CodeIgniter.php(934): App\Controllers\CrudUsers->create()
 7 SYSTEMPATH\CodeIgniter.php(499): CodeIgniter\CodeIgniter->runController(Object(App\Controllers\CrudUsers))
 8 SYSTEMPATH\CodeIgniter.php(368): CodeIgniter\CodeIgniter->handleRequest(null, Object(Config\Cache), false)
 9 FCPATH\index.php(68): CodeIgniter\CodeIgniter->run()
INFO - 2024-06-11 21:30:47 --> Session: Class initialized using 'CodeIgniter\Session\Handlers\FileHandler' driver.
ERROR - 2024-06-11 21:30:47 --> mysqli_sql_exception: Duplicate entry '1' for key 'perfil_id' in A:\xampp\htdocs\proyecto_parras_alan\system\Database\MySQLi\Connection.php:295
Stack trace:
#0 A:\xampp\htdocs\proyecto_parras_alan\system\Database\MySQLi\Connection.php(295): mysqli->query('INSERT INTO `us...', 0)
#1 A:\xampp\htdocs\proyecto_parras_alan\system\Database\BaseConnection.php(691): CodeIgniter\Database\MySQLi\Connection->execute('INSERT INTO `us...')
#2 A:\xampp\htdocs\proyecto_parras_alan\system\Database\BaseConnection.php(605): CodeIgniter\Database\BaseConnection->simpleQuery('INSERT INTO `us...')
#3 A:\xampp\htdocs\proyecto_parras_alan\system\Database\BaseBuilder.php(2309): CodeIgniter\Database\BaseConnection->query('INSERT INTO `us...', Array, false)
#4 A:\xampp\htdocs\proyecto_parras_alan\system\Model.php(330): CodeIgniter\Database\BaseBuilder->insert()
#5 A:\xampp\htdocs\proyecto_parras_alan\system\BaseModel.php(782): CodeIgniter\Model->doInsert(Array)
#6 A:\xampp\htdocs\proyecto_parras_alan\system\Model.php(730): CodeIgniter\BaseModel->insert(Array, true)
#7 A:\xampp\htdocs\proyecto_parras_alan\app\Controllers\CrudUsers.php(58): CodeIgniter\Model->insert(Array)
#8 A:\xampp\htdocs\proyecto_parras_alan\system\CodeIgniter.php(934): App\Controllers\CrudUsers->create()
#9 A:\xampp\htdocs\proyecto_parras_alan\system\CodeIgniter.php(499): CodeIgniter\CodeIgniter->runController(Object(App\Controllers\CrudUsers))
#10 A:\xampp\htdocs\proyecto_parras_alan\system\CodeIgniter.php(368): CodeIgniter\CodeIgniter->handleRequest(NULL, Object(Config\Cache), false)
#11 A:\xampp\htdocs\proyecto_parras_alan\index.php(68): CodeIgniter\CodeIgniter->run()
#12 {main}
CRITICAL - 2024-06-11 21:30:47 --> Duplicate entry '1' for key 'perfil_id'
in SYSTEMPATH\Database\BaseConnection.php on line 645.
 1 SYSTEMPATH\Database\BaseBuilder.php(2309): CodeIgniter\Database\BaseConnection->query('INSERT INTO `users` (`nombre`, `apellido`, `dni`, `user`, `email`, `pass`, `id_perfil`, `active`, `created_at`) VALUES (:nombre:, :apellido:, :dni:, :user:, :email:, :pass:, :id_perfil:, :active:, :created_at:)', [...], false)
 2 SYSTEMPATH\Model.php(330): CodeIgniter\Database\BaseBuilder->insert()
 3 SYSTEMPATH\BaseModel.php(782): CodeIgniter\Model->doInsert([...])
 4 SYSTEMPATH\Model.php(730): CodeIgniter\BaseModel->insert([...], true)
 5 APPPATH\Controllers\CrudUsers.php(58): CodeIgniter\Model->insert([...])
 6 SYSTEMPATH\CodeIgniter.php(934): App\Controllers\CrudUsers->create()
 7 SYSTEMPATH\CodeIgniter.php(499): CodeIgniter\CodeIgniter->runController(Object(App\Controllers\CrudUsers))
 8 SYSTEMPATH\CodeIgniter.php(368): CodeIgniter\CodeIgniter->handleRequest(null, Object(Config\Cache), false)
 9 FCPATH\index.php(68): CodeIgniter\CodeIgniter->run()
INFO - 2024-06-11 21:30:49 --> Session: Class initialized using 'CodeIgniter\Session\Handlers\FileHandler' driver.
INFO - 2024-06-11 21:30:51 --> Session: Class initialized using 'CodeIgniter\Session\Handlers\FileHandler' driver.
INFO - 2024-06-11 21:30:54 --> Session: Class initialized using 'CodeIgniter\Session\Handlers\FileHandler' driver.
ERROR - 2024-06-11 21:30:54 --> mysqli_sql_exception: Duplicate entry '1' for key 'perfil_id' in A:\xampp\htdocs\proyecto_parras_alan\system\Database\MySQLi\Connection.php:295
Stack trace:
#0 A:\xampp\htdocs\proyecto_parras_alan\system\Database\MySQLi\Connection.php(295): mysqli->query('INSERT INTO `us...', 0)
#1 A:\xampp\htdocs\proyecto_parras_alan\system\Database\BaseConnection.php(691): CodeIgniter\Database\MySQLi\Connection->execute('INSERT INTO `us...')
#2 A:\xampp\htdocs\proyecto_parras_alan\system\Database\BaseConnection.php(605): CodeIgniter\Database\BaseConnection->simpleQuery('INSERT INTO `us...')
#3 A:\xampp\htdocs\proyecto_parras_alan\system\Database\BaseBuilder.php(2309): CodeIgniter\Database\BaseConnection->query('INSERT INTO `us...', Array, false)
#4 A:\xampp\htdocs\proyecto_parras_alan\system\Model.php(330): CodeIgniter\Database\BaseBuilder->insert()
#5 A:\xampp\htdocs\proyecto_parras_alan\system\BaseModel.php(782): CodeIgniter\Model->doInsert(Array)
#6 A:\xampp\htdocs\proyecto_parras_alan\system\Model.php(730): CodeIgniter\BaseModel->insert(Array, true)
#7 A:\xampp\htdocs\proyecto_parras_alan\app\Controllers\CrudUsers.php(58): CodeIgniter\Model->insert(Array)
#8 A:\xampp\htdocs\proyecto_parras_alan\system\CodeIgniter.php(934): App\Controllers\CrudUsers->create()
#9 A:\xampp\htdocs\proyecto_parras_alan\system\CodeIgniter.php(499): CodeIgniter\CodeIgniter->runController(Object(App\Controllers\CrudUsers))
#10 A:\xampp\htdocs\proyecto_parras_alan\system\CodeIgniter.php(368): CodeIgniter\CodeIgniter->handleRequest(NULL, Object(Config\Cache), false)
#11 A:\xampp\htdocs\proyecto_parras_alan\index.php(68): CodeIgniter\CodeIgniter->run()
#12 {main}
CRITICAL - 2024-06-11 21:30:54 --> Duplicate entry '1' for key 'perfil_id'
in SYSTEMPATH\Database\BaseConnection.php on line 645.
 1 SYSTEMPATH\Database\BaseBuilder.php(2309): CodeIgniter\Database\BaseConnection->query('INSERT INTO `users` (`nombre`, `apellido`, `dni`, `user`, `email`, `pass`, `id_perfil`, `active`, `created_at`) VALUES (:nombre:, :apellido:, :dni:, :user:, :email:, :pass:, :id_perfil:, :active:, :created_at:)', [...], false)
 2 SYSTEMPATH\Model.php(330): CodeIgniter\Database\BaseBuilder->insert()
 3 SYSTEMPATH\BaseModel.php(782): CodeIgniter\Model->doInsert([...])
 4 SYSTEMPATH\Model.php(730): CodeIgniter\BaseModel->insert([...], true)
 5 APPPATH\Controllers\CrudUsers.php(58): CodeIgniter\Model->insert([...])
 6 SYSTEMPATH\CodeIgniter.php(934): App\Controllers\CrudUsers->create()
 7 SYSTEMPATH\CodeIgniter.php(499): CodeIgniter\CodeIgniter->runController(Object(App\Controllers\CrudUsers))
 8 SYSTEMPATH\CodeIgniter.php(368): CodeIgniter\CodeIgniter->handleRequest(null, Object(Config\Cache), false)
 9 FCPATH\index.php(68): CodeIgniter\CodeIgniter->run()
INFO - 2024-06-11 21:37:08 --> Session: Class initialized using 'CodeIgniter\Session\Handlers\FileHandler' driver.
ERROR - 2024-06-11 21:37:08 --> mysqli_sql_exception: Duplicate entry '1' for key 'perfil_id' in A:\xampp\htdocs\proyecto_parras_alan\system\Database\MySQLi\Connection.php:295
Stack trace:
#0 A:\xampp\htdocs\proyecto_parras_alan\system\Database\MySQLi\Connection.php(295): mysqli->query('INSERT INTO `us...', 0)
#1 A:\xampp\htdocs\proyecto_parras_alan\system\Database\BaseConnection.php(691): CodeIgniter\Database\MySQLi\Connection->execute('INSERT INTO `us...')
#2 A:\xampp\htdocs\proyecto_parras_alan\system\Database\BaseConnection.php(605): CodeIgniter\Database\BaseConnection->simpleQuery('INSERT INTO `us...')
#3 A:\xampp\htdocs\proyecto_parras_alan\system\Database\BaseBuilder.php(2309): CodeIgniter\Database\BaseConnection->query('INSERT INTO `us...', Array, false)
#4 A:\xampp\htdocs\proyecto_parras_alan\system\Model.php(330): CodeIgniter\Database\BaseBuilder->insert()
#5 A:\xampp\htdocs\proyecto_parras_alan\system\BaseModel.php(782): CodeIgniter\Model->doInsert(Array)
#6 A:\xampp\htdocs\proyecto_parras_alan\system\Model.php(730): CodeIgniter\BaseModel->insert(Array, true)
#7 A:\xampp\htdocs\proyecto_parras_alan\app\Controllers\CrudUsers.php(58): CodeIgniter\Model->insert(Array)
#8 A:\xampp\htdocs\proyecto_parras_alan\system\CodeIgniter.php(934): App\Controllers\CrudUsers->create()
#9 A:\xampp\htdocs\proyecto_parras_alan\system\CodeIgniter.php(499): CodeIgniter\CodeIgniter->runController(Object(App\Controllers\CrudUsers))
#10 A:\xampp\htdocs\proyecto_parras_alan\system\CodeIgniter.php(368): CodeIgniter\CodeIgniter->handleRequest(NULL, Object(Config\Cache), false)
#11 A:\xampp\htdocs\proyecto_parras_alan\index.php(68): CodeIgniter\CodeIgniter->run()
#12 {main}
CRITICAL - 2024-06-11 21:37:08 --> Duplicate entry '1' for key 'perfil_id'
in SYSTEMPATH\Database\BaseConnection.php on line 645.
 1 SYSTEMPATH\Database\BaseBuilder.php(2309): CodeIgniter\Database\BaseConnection->query('INSERT INTO `users` (`nombre`, `apellido`, `dni`, `user`, `email`, `pass`, `id_perfil`, `active`, `created_at`) VALUES (:nombre:, :apellido:, :dni:, :user:, :email:, :pass:, :id_perfil:, :active:, :created_at:)', [...], false)
 2 SYSTEMPATH\Model.php(330): CodeIgniter\Database\BaseBuilder->insert()
 3 SYSTEMPATH\BaseModel.php(782): CodeIgniter\Model->doInsert([...])
 4 SYSTEMPATH\Model.php(730): CodeIgniter\BaseModel->insert([...], true)
 5 APPPATH\Controllers\CrudUsers.php(58): CodeIgniter\Model->insert([...])
 6 SYSTEMPATH\CodeIgniter.php(934): App\Controllers\CrudUsers->create()
 7 SYSTEMPATH\CodeIgniter.php(499): CodeIgniter\CodeIgniter->runController(Object(App\Controllers\CrudUsers))
 8 SYSTEMPATH\CodeIgniter.php(368): CodeIgniter\CodeIgniter->handleRequest(null, Object(Config\Cache), false)
 9 FCPATH\index.php(68): CodeIgniter\CodeIgniter->run()
INFO - 2024-06-11 21:37:09 --> Session: Class initialized using 'CodeIgniter\Session\Handlers\FileHandler' driver.
INFO - 2024-06-11 21:37:31 --> Session: Class initialized using 'CodeIgniter\Session\Handlers\FileHandler' driver.
ERROR - 2024-06-11 21:37:31 --> mysqli_sql_exception: Duplicate entry '1' for key 'perfil_id' in A:\xampp\htdocs\proyecto_parras_alan\system\Database\MySQLi\Connection.php:295
Stack trace:
#0 A:\xampp\htdocs\proyecto_parras_alan\system\Database\MySQLi\Connection.php(295): mysqli->query('INSERT INTO `us...', 0)
#1 A:\xampp\htdocs\proyecto_parras_alan\system\Database\BaseConnection.php(691): CodeIgniter\Database\MySQLi\Connection->execute('INSERT INTO `us...')
#2 A:\xampp\htdocs\proyecto_parras_alan\system\Database\BaseConnection.php(605): CodeIgniter\Database\BaseConnection->simpleQuery('INSERT INTO `us...')
#3 A:\xampp\htdocs\proyecto_parras_alan\system\Database\BaseBuilder.php(2309): CodeIgniter\Database\BaseConnection->query('INSERT INTO `us...', Array, false)
#4 A:\xampp\htdocs\proyecto_parras_alan\system\Model.php(330): CodeIgniter\Database\BaseBuilder->insert()
#5 A:\xampp\htdocs\proyecto_parras_alan\system\BaseModel.php(782): CodeIgniter\Model->doInsert(Array)
#6 A:\xampp\htdocs\proyecto_parras_alan\system\Model.php(730): CodeIgniter\BaseModel->insert(Array, true)
#7 A:\xampp\htdocs\proyecto_parras_alan\app\Controllers\CrudUsers.php(58): CodeIgniter\Model->insert(Array)
#8 A:\xampp\htdocs\proyecto_parras_alan\system\CodeIgniter.php(934): App\Controllers\CrudUsers->create()
#9 A:\xampp\htdocs\proyecto_parras_alan\system\CodeIgniter.php(499): CodeIgniter\CodeIgniter->runController(Object(App\Controllers\CrudUsers))
#10 A:\xampp\htdocs\proyecto_parras_alan\system\CodeIgniter.php(368): CodeIgniter\CodeIgniter->handleRequest(NULL, Object(Config\Cache), false)
#11 A:\xampp\htdocs\proyecto_parras_alan\index.php(68): CodeIgniter\CodeIgniter->run()
#12 {main}
CRITICAL - 2024-06-11 21:37:31 --> Duplicate entry '1' for key 'perfil_id'
in SYSTEMPATH\Database\BaseConnection.php on line 645.
 1 SYSTEMPATH\Database\BaseBuilder.php(2309): CodeIgniter\Database\BaseConnection->query('INSERT INTO `users` (`nombre`, `apellido`, `dni`, `user`, `email`, `pass`, `id_perfil`, `active`, `created_at`) VALUES (:nombre:, :apellido:, :dni:, :user:, :email:, :pass:, :id_perfil:, :active:, :created_at:)', [...], false)
 2 SYSTEMPATH\Model.php(330): CodeIgniter\Database\BaseBuilder->insert()
 3 SYSTEMPATH\BaseModel.php(782): CodeIgniter\Model->doInsert([...])
 4 SYSTEMPATH\Model.php(730): CodeIgniter\BaseModel->insert([...], true)
 5 APPPATH\Controllers\CrudUsers.php(58): CodeIgniter\Model->insert([...])
 6 SYSTEMPATH\CodeIgniter.php(934): App\Controllers\CrudUsers->create()
 7 SYSTEMPATH\CodeIgniter.php(499): CodeIgniter\CodeIgniter->runController(Object(App\Controllers\CrudUsers))
 8 SYSTEMPATH\CodeIgniter.php(368): CodeIgniter\CodeIgniter->handleRequest(null, Object(Config\Cache), false)
 9 FCPATH\index.php(68): CodeIgniter\CodeIgniter->run()
INFO - 2024-06-11 21:37:40 --> Session: Class initialized using 'CodeIgniter\Session\Handlers\FileHandler' driver.
INFO - 2024-06-11 21:38:30 --> Session: Class initialized using 'CodeIgniter\Session\Handlers\FileHandler' driver.
INFO - 2024-06-11 21:38:34 --> Session: Class initialized using 'CodeIgniter\Session\Handlers\FileHandler' driver.
ERROR - 2024-06-11 21:38:35 --> mysqli_sql_exception: Duplicate entry '1' for key 'perfil_id' in A:\xampp\htdocs\proyecto_parras_alan\system\Database\MySQLi\Connection.php:295
Stack trace:
#0 A:\xampp\htdocs\proyecto_parras_alan\system\Database\MySQLi\Connection.php(295): mysqli->query('INSERT INTO `us...', 0)
#1 A:\xampp\htdocs\proyecto_parras_alan\system\Database\BaseConnection.php(691): CodeIgniter\Database\MySQLi\Connection->execute('INSERT INTO `us...')
#2 A:\xampp\htdocs\proyecto_parras_alan\system\Database\BaseConnection.php(605): CodeIgniter\Database\BaseConnection->simpleQuery('INSERT INTO `us...')
#3 A:\xampp\htdocs\proyecto_parras_alan\system\Database\BaseBuilder.php(2309): CodeIgniter\Database\BaseConnection->query('INSERT INTO `us...', Array, false)
#4 A:\xampp\htdocs\proyecto_parras_alan\system\Model.php(330): CodeIgniter\Database\BaseBuilder->insert()
#5 A:\xampp\htdocs\proyecto_parras_alan\system\BaseModel.php(782): CodeIgniter\Model->doInsert(Array)
#6 A:\xampp\htdocs\proyecto_parras_alan\system\Model.php(730): CodeIgniter\BaseModel->insert(Array, true)
#7 A:\xampp\htdocs\proyecto_parras_alan\app\Controllers\CrudUsers.php(58): CodeIgniter\Model->insert(Array)
#8 A:\xampp\htdocs\proyecto_parras_alan\system\CodeIgniter.php(934): App\Controllers\CrudUsers->create()
#9 A:\xampp\htdocs\proyecto_parras_alan\system\CodeIgniter.php(499): CodeIgniter\CodeIgniter->runController(Object(App\Controllers\CrudUsers))
#10 A:\xampp\htdocs\proyecto_parras_alan\system\CodeIgniter.php(368): CodeIgniter\CodeIgniter->handleRequest(NULL, Object(Config\Cache), false)
#11 A:\xampp\htdocs\proyecto_parras_alan\index.php(68): CodeIgniter\CodeIgniter->run()
#12 {main}
CRITICAL - 2024-06-11 21:38:35 --> Duplicate entry '1' for key 'perfil_id'
in SYSTEMPATH\Database\BaseConnection.php on line 645.
 1 SYSTEMPATH\Database\BaseBuilder.php(2309): CodeIgniter\Database\BaseConnection->query('INSERT INTO `users` (`nombre`, `apellido`, `dni`, `user`, `email`, `pass`, `id_perfil`, `active`, `created_at`) VALUES (:nombre:, :apellido:, :dni:, :user:, :email:, :pass:, :id_perfil:, :active:, :created_at:)', [...], false)
 2 SYSTEMPATH\Model.php(330): CodeIgniter\Database\BaseBuilder->insert()
 3 SYSTEMPATH\BaseModel.php(782): CodeIgniter\Model->doInsert([...])
 4 SYSTEMPATH\Model.php(730): CodeIgniter\BaseModel->insert([...], true)
 5 APPPATH\Controllers\CrudUsers.php(58): CodeIgniter\Model->insert([...])
 6 SYSTEMPATH\CodeIgniter.php(934): App\Controllers\CrudUsers->create()
 7 SYSTEMPATH\CodeIgniter.php(499): CodeIgniter\CodeIgniter->runController(Object(App\Controllers\CrudUsers))
 8 SYSTEMPATH\CodeIgniter.php(368): CodeIgniter\CodeIgniter->handleRequest(null, Object(Config\Cache), false)
 9 FCPATH\index.php(68): CodeIgniter\CodeIgniter->run()
INFO - 2024-06-11 21:38:46 --> Session: Class initialized using 'CodeIgniter\Session\Handlers\FileHandler' driver.
INFO - 2024-06-11 21:38:46 --> Session: Class initialized using 'CodeIgniter\Session\Handlers\FileHandler' driver.
INFO - 2024-06-11 22:39:16 --> Session: Class initialized using 'CodeIgniter\Session\Handlers\FileHandler' driver.
INFO - 2024-06-11 22:39:24 --> Session: Class initialized using 'CodeIgniter\Session\Handlers\FileHandler' driver.
INFO - 2024-06-11 22:39:48 --> Session: Class initialized using 'CodeIgniter\Session\Handlers\FileHandler' driver.
INFO - 2024-06-11 22:40:01 --> Session: Class initialized using 'CodeIgniter\Session\Handlers\FileHandler' driver.
INFO - 2024-06-11 22:40:09 --> Session: Class initialized using 'CodeIgniter\Session\Handlers\FileHandler' driver.
INFO - 2024-06-11 22:40:10 --> Session: Class initialized using 'CodeIgniter\Session\Handlers\FileHandler' driver.
INFO - 2024-06-11 22:40:12 --> Session: Class initialized using 'CodeIgniter\Session\Handlers\FileHandler' driver.
CRITICAL - 2024-06-11 22:40:12 --> Undefined index: id_usuario
in APPPATH\Views\front\crudUsers\crudUsers.php on line 45.
 1 APPPATH\Views\front\crudUsers\crudUsers.php(45): CodeIgniter\Debug\Exceptions->errorHandler(8, 'Undefined index: id_usuario', 'APPPATH\\Views\\front\\crudUsers\\crudUsers.php', 45, [...])
 2 SYSTEMPATH\View\View.php(213): include('APPPATH\\Views\\front\\crudUsers\\crudUsers.php')
 3 SYSTEMPATH\View\View.php(216): CodeIgniter\View\View->CodeIgniter\View\{closure}()
 4 SYSTEMPATH\Common.php(1184): CodeIgniter\View\View->render('front/crudUsers/crudUsers', [], true)
 5 APPPATH\Controllers\CrudUsers.php(19): view('front/crudUsers/crudUsers', [...])
 6 SYSTEMPATH\CodeIgniter.php(934): App\Controllers\CrudUsers->index()
 7 SYSTEMPATH\CodeIgniter.php(499): CodeIgniter\CodeIgniter->runController(Object(App\Controllers\CrudUsers))
 8 SYSTEMPATH\CodeIgniter.php(368): CodeIgniter\CodeIgniter->handleRequest(null, Object(Config\Cache), false)
 9 FCPATH\index.php(68): CodeIgniter\CodeIgniter->run()
INFO - 2024-06-11 22:40:27 --> Session: Class initialized using 'CodeIgniter\Session\Handlers\FileHandler' driver.
CRITICAL - 2024-06-11 22:40:27 --> Undefined index: descripcion
in APPPATH\Views\front\crudUsers\crudUsers.php on line 45.
 1 APPPATH\Views\front\crudUsers\crudUsers.php(45): CodeIgniter\Debug\Exceptions->errorHandler(8, 'Undefined index: descripcion', 'APPPATH\\Views\\front\\crudUsers\\crudUsers.php', 45, [...])
 2 SYSTEMPATH\View\View.php(213): include('APPPATH\\Views\\front\\crudUsers\\crudUsers.php')
 3 SYSTEMPATH\View\View.php(216): CodeIgniter\View\View->CodeIgniter\View\{closure}()
 4 SYSTEMPATH\Common.php(1184): CodeIgniter\View\View->render('front/crudUsers/crudUsers', [], true)
 5 APPPATH\Controllers\CrudUsers.php(19): view('front/crudUsers/crudUsers', [...])
 6 SYSTEMPATH\CodeIgniter.php(934): App\Controllers\CrudUsers->index()
 7 SYSTEMPATH\CodeIgniter.php(499): CodeIgniter\CodeIgniter->runController(Object(App\Controllers\CrudUsers))
 8 SYSTEMPATH\CodeIgniter.php(368): CodeIgniter\CodeIgniter->handleRequest(null, Object(Config\Cache), false)
 9 FCPATH\index.php(68): CodeIgniter\CodeIgniter->run()
INFO - 2024-06-11 22:40:35 --> Session: Class initialized using 'CodeIgniter\Session\Handlers\FileHandler' driver.
INFO - 2024-06-11 22:48:40 --> Session: Class initialized using 'CodeIgniter\Session\Handlers\FileHandler' driver.
INFO - 2024-06-11 22:48:42 --> Session: Class initialized using 'CodeIgniter\Session\Handlers\FileHandler' driver.
INFO - 2024-06-11 22:48:45 --> Session: Class initialized using 'CodeIgniter\Session\Handlers\FileHandler' driver.
INFO - 2024-06-11 22:48:47 --> Session: Class initialized using 'CodeIgniter\Session\Handlers\FileHandler' driver.
INFO - 2024-06-11 22:48:49 --> Session: Class initialized using 'CodeIgniter\Session\Handlers\FileHandler' driver.
INFO - 2024-06-11 22:48:52 --> Session: Class initialized using 'CodeIgniter\Session\Handlers\FileHandler' driver.
INFO - 2024-06-11 22:49:48 --> Session: Class initialized using 'CodeIgniter\Session\Handlers\FileHandler' driver.
CRITICAL - 2024-06-11 22:49:48 --> Undefined variable: perfiles
in APPPATH\Views\front\crudUsers\editUser.php on line 46.
 1 APPPATH\Views\front\crudUsers\editUser.php(46): CodeIgniter\Debug\Exceptions->errorHandler(8, 'Undefined variable: perfiles', 'APPPATH\\Views\\front\\crudUsers\\editUser.php', 46, [...])
 2 SYSTEMPATH\View\View.php(213): include('APPPATH\\Views\\front\\crudUsers\\editUser.php')
 3 SYSTEMPATH\View\View.php(216): CodeIgniter\View\View->CodeIgniter\View\{closure}()
 4 SYSTEMPATH\Common.php(1184): CodeIgniter\View\View->render('front/crudUsers/editUser', [], true)
 5 APPPATH\Controllers\CrudUsers.php(72): view('front/crudUsers/editUser', [...])
 6 SYSTEMPATH\CodeIgniter.php(934): App\Controllers\CrudUsers->edit('1')
 7 SYSTEMPATH\CodeIgniter.php(499): CodeIgniter\CodeIgniter->runController(Object(App\Controllers\CrudUsers))
 8 SYSTEMPATH\CodeIgniter.php(368): CodeIgniter\CodeIgniter->handleRequest(null, Object(Config\Cache), false)
 9 FCPATH\index.php(68): CodeIgniter\CodeIgniter->run()
INFO - 2024-06-11 22:50:23 --> Session: Class initialized using 'CodeIgniter\Session\Handlers\FileHandler' driver.
CRITICAL - 2024-06-11 22:50:23 --> Invalid file: "front/crudUsers/editUsers.php"
in SYSTEMPATH\Exceptions\FrameworkException.php on line 33.
 1 SYSTEMPATH\View\View.php(201): CodeIgniter\Exceptions\FrameworkException::forInvalidFile('front/crudUsers/editUsers.php')
 2 SYSTEMPATH\Common.php(1184): CodeIgniter\View\View->render('front/crudUsers/editUsers', [], true)
 3 APPPATH\Controllers\CrudUsers.php(76): view('front/crudUsers/editUsers', [...])
 4 SYSTEMPATH\CodeIgniter.php(934): App\Controllers\CrudUsers->edit('1')
 5 SYSTEMPATH\CodeIgniter.php(499): CodeIgniter\CodeIgniter->runController(Object(App\Controllers\CrudUsers))
 6 SYSTEMPATH\CodeIgniter.php(368): CodeIgniter\CodeIgniter->handleRequest(null, Object(Config\Cache), false)
 7 FCPATH\index.php(68): CodeIgniter\CodeIgniter->run()
INFO - 2024-06-11 22:50:56 --> Session: Class initialized using 'CodeIgniter\Session\Handlers\FileHandler' driver.
CRITICAL - 2024-06-11 22:50:56 --> Invalid file: "front/crudUsers/editUsers.php"
in SYSTEMPATH\Exceptions\FrameworkException.php on line 33.
 1 SYSTEMPATH\View\View.php(201): CodeIgniter\Exceptions\FrameworkException::forInvalidFile('front/crudUsers/editUsers.php')
 2 SYSTEMPATH\Common.php(1184): CodeIgniter\View\View->render('front/crudUsers/editUsers.php', [], true)
 3 APPPATH\Controllers\CrudUsers.php(76): view('front/crudUsers/editUsers.php', [...])
 4 SYSTEMPATH\CodeIgniter.php(934): App\Controllers\CrudUsers->edit('1')
 5 SYSTEMPATH\CodeIgniter.php(499): CodeIgniter\CodeIgniter->runController(Object(App\Controllers\CrudUsers))
 6 SYSTEMPATH\CodeIgniter.php(368): CodeIgniter\CodeIgniter->handleRequest(null, Object(Config\Cache), false)
 7 FCPATH\index.php(68): CodeIgniter\CodeIgniter->run()
INFO - 2024-06-11 22:51:17 --> Session: Class initialized using 'CodeIgniter\Session\Handlers\FileHandler' driver.
INFO - 2024-06-11 22:51:19 --> Session: Class initialized using 'CodeIgniter\Session\Handlers\FileHandler' driver.
CRITICAL - 2024-06-11 22:51:19 --> Invalid file: "front/crudUsers/editUsers.php"
in SYSTEMPATH\Exceptions\FrameworkException.php on line 33.
 1 SYSTEMPATH\View\View.php(201): CodeIgniter\Exceptions\FrameworkException::forInvalidFile('front/crudUsers/editUsers.php')
 2 SYSTEMPATH\Common.php(1184): CodeIgniter\View\View->render('front/crudUsers/editUsers.php', [], true)
 3 APPPATH\Controllers\CrudUsers.php(76): view('front/crudUsers/editUsers.php', [...])
 4 SYSTEMPATH\CodeIgniter.php(934): App\Controllers\CrudUsers->edit('1')
 5 SYSTEMPATH\CodeIgniter.php(499): CodeIgniter\CodeIgniter->runController(Object(App\Controllers\CrudUsers))
 6 SYSTEMPATH\CodeIgniter.php(368): CodeIgniter\CodeIgniter->handleRequest(null, Object(Config\Cache), false)
 7 FCPATH\index.php(68): CodeIgniter\CodeIgniter->run()
INFO - 2024-06-11 22:53:36 --> Session: Class initialized using 'CodeIgniter\Session\Handlers\FileHandler' driver.
CRITICAL - 2024-06-11 22:53:36 --> Invalid file: "front/crudUsers/editUsers.php"
in SYSTEMPATH\Exceptions\FrameworkException.php on line 33.
 1 SYSTEMPATH\View\View.php(201): CodeIgniter\Exceptions\FrameworkException::forInvalidFile('front/crudUsers/editUsers.php')
 2 SYSTEMPATH\Common.php(1184): CodeIgniter\View\View->render('front/crudUsers/editUsers', [], true)
 3 APPPATH\Controllers\CrudUsers.php(82): view('front/crudUsers/editUsers', [...])
 4 SYSTEMPATH\CodeIgniter.php(934): App\Controllers\CrudUsers->edit('1')
 5 SYSTEMPATH\CodeIgniter.php(499): CodeIgniter\CodeIgniter->runController(Object(App\Controllers\CrudUsers))
 6 SYSTEMPATH\CodeIgniter.php(368): CodeIgniter\CodeIgniter->handleRequest(null, Object(Config\Cache), false)
 7 FCPATH\index.php(68): CodeIgniter\CodeIgniter->run()
INFO - 2024-06-11 22:54:46 --> Session: Class initialized using 'CodeIgniter\Session\Handlers\FileHandler' driver.
INFO - 2024-06-11 22:54:56 --> Session: Class initialized using 'CodeIgniter\Session\Handlers\FileHandler' driver.
INFO - 2024-06-11 22:54:58 --> Session: Class initialized using 'CodeIgniter\Session\Handlers\FileHandler' driver.
INFO - 2024-06-11 22:55:29 --> Session: Class initialized using 'CodeIgniter\Session\Handlers\FileHandler' driver.
INFO - 2024-06-11 22:55:33 --> Session: Class initialized using 'CodeIgniter\Session\Handlers\FileHandler' driver.
INFO - 2024-06-11 22:55:49 --> Session: Class initialized using 'CodeIgniter\Session\Handlers\FileHandler' driver.
INFO - 2024-06-11 22:56:45 --> Session: Class initialized using 'CodeIgniter\Session\Handlers\FileHandler' driver.
INFO - 2024-06-11 22:58:08 --> Session: Class initialized using 'CodeIgniter\Session\Handlers\FileHandler' driver.
INFO - 2024-06-11 22:58:09 --> Session: Class initialized using 'CodeIgniter\Session\Handlers\FileHandler' driver.
INFO - 2024-06-11 22:59:58 --> Session: Class initialized using 'CodeIgniter\Session\Handlers\FileHandler' driver.
INFO - 2024-06-11 22:59:59 --> Session: Class initialized using 'CodeIgniter\Session\Handlers\FileHandler' driver.
INFO - 2024-06-11 23:00:54 --> Session: Class initialized using 'CodeIgniter\Session\Handlers\FileHandler' driver.
INFO - 2024-06-11 23:00:56 --> Session: Class initialized using 'CodeIgniter\Session\Handlers\FileHandler' driver.
INFO - 2024-06-11 23:00:57 --> Session: Class initialized using 'CodeIgniter\Session\Handlers\FileHandler' driver.
INFO - 2024-06-11 23:01:29 --> Session: Class initialized using 'CodeIgniter\Session\Handlers\FileHandler' driver.
INFO - 2024-06-11 23:01:31 --> Session: Class initialized using 'CodeIgniter\Session\Handlers\FileHandler' driver.
INFO - 2024-06-11 23:01:32 --> Session: Class initialized using 'CodeIgniter\Session\Handlers\FileHandler' driver.
INFO - 2024-06-11 23:01:34 --> Session: Class initialized using 'CodeIgniter\Session\Handlers\FileHandler' driver.
INFO - 2024-06-11 23:02:42 --> Session: Class initialized using 'CodeIgniter\Session\Handlers\FileHandler' driver.
INFO - 2024-06-11 23:02:44 --> Session: Class initialized using 'CodeIgniter\Session\Handlers\FileHandler' driver.
INFO - 2024-06-11 23:02:55 --> Session: Class initialized using 'CodeIgniter\Session\Handlers\FileHandler' driver.
INFO - 2024-06-11 23:02:56 --> Session: Class initialized using 'CodeIgniter\Session\Handlers\FileHandler' driver.
INFO - 2024-06-11 23:02:57 --> Session: Class initialized using 'CodeIgniter\Session\Handlers\FileHandler' driver.
INFO - 2024-06-11 23:05:13 --> Session: Class initialized using 'CodeIgniter\Session\Handlers\FileHandler' driver.
INFO - 2024-06-11 23:07:26 --> Session: Class initialized using 'CodeIgniter\Session\Handlers\FileHandler' driver.
INFO - 2024-06-11 23:07:28 --> Session: Class initialized using 'CodeIgniter\Session\Handlers\FileHandler' driver.
INFO - 2024-06-11 23:07:30 --> Session: Class initialized using 'CodeIgniter\Session\Handlers\FileHandler' driver.
INFO - 2024-06-11 23:07:38 --> Session: Class initialized using 'CodeIgniter\Session\Handlers\FileHandler' driver.
INFO - 2024-06-11 23:07:44 --> Session: Class initialized using 'CodeIgniter\Session\Handlers\FileHandler' driver.
INFO - 2024-06-11 23:07:45 --> Session: Class initialized using 'CodeIgniter\Session\Handlers\FileHandler' driver.
INFO - 2024-06-11 23:07:46 --> Session: Class initialized using 'CodeIgniter\Session\Handlers\FileHandler' driver.
INFO - 2024-06-11 23:10:02 --> Session: Class initialized using 'CodeIgniter\Session\Handlers\FileHandler' driver.
CRITICAL - 2024-06-11 23:10:02 --> Undefined variable: usuario
in APPPATH\Views\front\crudUsers\editUser.php on line 9.
 1 APPPATH\Views\front\crudUsers\editUser.php(9): CodeIgniter\Debug\Exceptions->errorHandler(8, 'Undefined variable: usuario', 'APPPATH\\Views\\front\\crudUsers\\editUser.php', 9, [...])
 2 SYSTEMPATH\View\View.php(213): include('APPPATH\\Views\\front\\crudUsers\\editUser.php')
 3 SYSTEMPATH\View\View.php(216): CodeIgniter\View\View->CodeIgniter\View\{closure}()
 4 SYSTEMPATH\Common.php(1184): CodeIgniter\View\View->render('front/crudUsers/editUser', [], true)
 5 APPPATH\Controllers\CrudUsers.php(82): view('front/crudUsers/editUser', [...])
 6 SYSTEMPATH\CodeIgniter.php(934): App\Controllers\CrudUsers->edit('1')
 7 SYSTEMPATH\CodeIgniter.php(499): CodeIgniter\CodeIgniter->runController(Object(App\Controllers\CrudUsers))
 8 SYSTEMPATH\CodeIgniter.php(368): CodeIgniter\CodeIgniter->handleRequest(null, Object(Config\Cache), false)
 9 FCPATH\index.php(68): CodeIgniter\CodeIgniter->run()
INFO - 2024-06-11 23:13:08 --> Session: Class initialized using 'CodeIgniter\Session\Handlers\FileHandler' driver.
CRITICAL - 2024-06-11 23:13:08 --> Undefined variable: usuarios
in APPPATH\Views\front\crudUsers\crudUsers.php on line 44.
 1 APPPATH\Views\front\crudUsers\crudUsers.php(44): CodeIgniter\Debug\Exceptions->errorHandler(8, 'Undefined variable: usuarios', 'APPPATH\\Views\\front\\crudUsers\\crudUsers.php', 44, [...])
 2 SYSTEMPATH\View\View.php(213): include('APPPATH\\Views\\front\\crudUsers\\crudUsers.php')
 3 SYSTEMPATH\View\View.php(216): CodeIgniter\View\View->CodeIgniter\View\{closure}()
 4 SYSTEMPATH\Common.php(1184): CodeIgniter\View\View->render('front/crudUsers/crudUsers', [], true)
 5 APPPATH\Controllers\CrudUsers.php(19): view('front/crudUsers/crudUsers', [...])
 6 SYSTEMPATH\CodeIgniter.php(934): App\Controllers\CrudUsers->index()
 7 SYSTEMPATH\CodeIgniter.php(499): CodeIgniter\CodeIgniter->runController(Object(App\Controllers\CrudUsers))
 8 SYSTEMPATH\CodeIgniter.php(368): CodeIgniter\CodeIgniter->handleRequest(null, Object(Config\Cache), false)
 9 FCPATH\index.php(68): CodeIgniter\CodeIgniter->run()
INFO - 2024-06-11 23:13:54 --> Session: Class initialized using 'CodeIgniter\Session\Handlers\FileHandler' driver.
CRITICAL - 2024-06-11 23:13:54 --> Undefined variable: usuarios
in APPPATH\Views\front\crudUsers\crudUsers.php on line 44.
 1 APPPATH\Views\front\crudUsers\crudUsers.php(44): CodeIgniter\Debug\Exceptions->errorHandler(8, 'Undefined variable: usuarios', 'APPPATH\\Views\\front\\crudUsers\\crudUsers.php', 44, [...])
 2 SYSTEMPATH\View\View.php(213): include('APPPATH\\Views\\front\\crudUsers\\crudUsers.php')
 3 SYSTEMPATH\View\View.php(216): CodeIgniter\View\View->CodeIgniter\View\{closure}()
 4 SYSTEMPATH\Common.php(1184): CodeIgniter\View\View->render('front/crudUsers/crudUsers', [], true)
 5 APPPATH\Controllers\CrudUsers.php(19): view('front/crudUsers/crudUsers', [...])
 6 SYSTEMPATH\CodeIgniter.php(934): App\Controllers\CrudUsers->index()
 7 SYSTEMPATH\CodeIgniter.php(499): CodeIgniter\CodeIgniter->runController(Object(App\Controllers\CrudUsers))
 8 SYSTEMPATH\CodeIgniter.php(368): CodeIgniter\CodeIgniter->handleRequest(null, Object(Config\Cache), false)
 9 FCPATH\index.php(68): CodeIgniter\CodeIgniter->run()
INFO - 2024-06-11 23:13:56 --> Session: Class initialized using 'CodeIgniter\Session\Handlers\FileHandler' driver.
INFO - 2024-06-11 23:13:58 --> Session: Class initialized using 'CodeIgniter\Session\Handlers\FileHandler' driver.
CRITICAL - 2024-06-11 23:13:58 --> Undefined variable: usuarios
in APPPATH\Views\front\crudUsers\crudUsers.php on line 44.
 1 APPPATH\Views\front\crudUsers\crudUsers.php(44): CodeIgniter\Debug\Exceptions->errorHandler(8, 'Undefined variable: usuarios', 'APPPATH\\Views\\front\\crudUsers\\crudUsers.php', 44, [...])
 2 SYSTEMPATH\View\View.php(213): include('APPPATH\\Views\\front\\crudUsers\\crudUsers.php')
 3 SYSTEMPATH\View\View.php(216): CodeIgniter\View\View->CodeIgniter\View\{closure}()
 4 SYSTEMPATH\Common.php(1184): CodeIgniter\View\View->render('front/crudUsers/crudUsers', [], true)
 5 APPPATH\Controllers\CrudUsers.php(19): view('front/crudUsers/crudUsers', [...])
 6 SYSTEMPATH\CodeIgniter.php(934): App\Controllers\CrudUsers->index()
 7 SYSTEMPATH\CodeIgniter.php(499): CodeIgniter\CodeIgniter->runController(Object(App\Controllers\CrudUsers))
 8 SYSTEMPATH\CodeIgniter.php(368): CodeIgniter\CodeIgniter->handleRequest(null, Object(Config\Cache), false)
 9 FCPATH\index.php(68): CodeIgniter\CodeIgniter->run()
INFO - 2024-06-11 23:14:28 --> Session: Class initialized using 'CodeIgniter\Session\Handlers\FileHandler' driver.
INFO - 2024-06-11 23:14:32 --> Session: Class initialized using 'CodeIgniter\Session\Handlers\FileHandler' driver.
INFO - 2024-06-11 23:14:34 --> Session: Class initialized using 'CodeIgniter\Session\Handlers\FileHandler' driver.
INFO - 2024-06-11 23:15:19 --> Session: Class initialized using 'CodeIgniter\Session\Handlers\FileHandler' driver.
CRITICAL - 2024-06-11 23:15:19 --> Undefined variable: usuario
in APPPATH\Views\front\crudUsers\editUser.php on line 9.
 1 APPPATH\Views\front\crudUsers\editUser.php(9): CodeIgniter\Debug\Exceptions->errorHandler(8, 'Undefined variable: usuario', 'APPPATH\\Views\\front\\crudUsers\\editUser.php', 9, [...])
 2 SYSTEMPATH\View\View.php(213): include('APPPATH\\Views\\front\\crudUsers\\editUser.php')
 3 SYSTEMPATH\View\View.php(216): CodeIgniter\View\View->CodeIgniter\View\{closure}()
 4 SYSTEMPATH\Common.php(1184): CodeIgniter\View\View->render('front/crudUsers/editUser', [], true)
 5 APPPATH\Controllers\CrudUsers.php(82): view('front/crudUsers/editUser', [...])
 6 SYSTEMPATH\CodeIgniter.php(934): App\Controllers\CrudUsers->edit('1')
 7 SYSTEMPATH\CodeIgniter.php(499): CodeIgniter\CodeIgniter->runController(Object(App\Controllers\CrudUsers))
 8 SYSTEMPATH\CodeIgniter.php(368): CodeIgniter\CodeIgniter->handleRequest(null, Object(Config\Cache), false)
 9 FCPATH\index.php(68): CodeIgniter\CodeIgniter->run()
INFO - 2024-06-11 23:16:19 --> Session: Class initialized using 'CodeIgniter\Session\Handlers\FileHandler' driver.
CRITICAL - 2024-06-11 23:16:19 --> Undefined index: id
in APPPATH\Views\front\crudUsers\editUser.php on line 9.
 1 APPPATH\Views\front\crudUsers\editUser.php(9): CodeIgniter\Debug\Exceptions->errorHandler(8, 'Undefined index: id', 'APPPATH\\Views\\front\\crudUsers\\editUser.php', 9, [...])
 2 SYSTEMPATH\View\View.php(213): include('APPPATH\\Views\\front\\crudUsers\\editUser.php')
 3 SYSTEMPATH\View\View.php(216): CodeIgniter\View\View->CodeIgniter\View\{closure}()
 4 SYSTEMPATH\Common.php(1184): CodeIgniter\View\View->render('front/crudUsers/editUser', [], true)
 5 APPPATH\Controllers\CrudUsers.php(84): view('front/crudUsers/editUser', [...])
 6 SYSTEMPATH\CodeIgniter.php(934): App\Controllers\CrudUsers->edit('1')
 7 SYSTEMPATH\CodeIgniter.php(499): CodeIgniter\CodeIgniter->runController(Object(App\Controllers\CrudUsers))
 8 SYSTEMPATH\CodeIgniter.php(368): CodeIgniter\CodeIgniter->handleRequest(null, Object(Config\Cache), false)
 9 FCPATH\index.php(68): CodeIgniter\CodeIgniter->run()
INFO - 2024-06-11 23:16:30 --> Session: Class initialized using 'CodeIgniter\Session\Handlers\FileHandler' driver.
INFO - 2024-06-11 23:16:52 --> Session: Class initialized using 'CodeIgniter\Session\Handlers\FileHandler' driver.
INFO - 2024-06-11 23:17:38 --> Session: Class initialized using 'CodeIgniter\Session\Handlers\FileHandler' driver.
INFO - 2024-06-11 23:18:33 --> Session: Class initialized using 'CodeIgniter\Session\Handlers\FileHandler' driver.
INFO - 2024-06-11 23:19:28 --> Session: Class initialized using 'CodeIgniter\Session\Handlers\FileHandler' driver.
INFO - 2024-06-11 23:19:30 --> Session: Class initialized using 'CodeIgniter\Session\Handlers\FileHandler' driver.
INFO - 2024-06-11 23:19:31 --> Session: Class initialized using 'CodeIgniter\Session\Handlers\FileHandler' driver.
INFO - 2024-06-11 23:19:48 --> Session: Class initialized using 'CodeIgniter\Session\Handlers\FileHandler' driver.
INFO - 2024-06-11 23:20:10 --> Session: Class initialized using 'CodeIgniter\Session\Handlers\FileHandler' driver.
INFO - 2024-06-11 23:20:12 --> Session: Class initialized using 'CodeIgniter\Session\Handlers\FileHandler' driver.
INFO - 2024-06-11 23:20:14 --> Session: Class initialized using 'CodeIgniter\Session\Handlers\FileHandler' driver.
INFO - 2024-06-11 23:20:18 --> Session: Class initialized using 'CodeIgniter\Session\Handlers\FileHandler' driver.
INFO - 2024-06-11 23:20:51 --> Session: Class initialized using 'CodeIgniter\Session\Handlers\FileHandler' driver.
INFO - 2024-06-11 23:20:53 --> Session: Class initialized using 'CodeIgniter\Session\Handlers\FileHandler' driver.
INFO - 2024-06-11 23:20:54 --> Session: Class initialized using 'CodeIgniter\Session\Handlers\FileHandler' driver.
INFO - 2024-06-11 23:20:55 --> Session: Class initialized using 'CodeIgniter\Session\Handlers\FileHandler' driver.
INFO - 2024-06-11 23:20:56 --> Session: Class initialized using 'CodeIgniter\Session\Handlers\FileHandler' driver.
INFO - 2024-06-11 23:20:57 --> Session: Class initialized using 'CodeIgniter\Session\Handlers\FileHandler' driver.
INFO - 2024-06-11 23:20:58 --> Session: Class initialized using 'CodeIgniter\Session\Handlers\FileHandler' driver.
INFO - 2024-06-11 23:21:01 --> Session: Class initialized using 'CodeIgniter\Session\Handlers\FileHandler' driver.
INFO - 2024-06-11 23:22:15 --> Session: Class initialized using 'CodeIgniter\Session\Handlers\FileHandler' driver.
INFO - 2024-06-11 23:22:53 --> Session: Class initialized using 'CodeIgniter\Session\Handlers\FileHandler' driver.
INFO - 2024-06-11 23:22:54 --> Session: Class initialized using 'CodeIgniter\Session\Handlers\FileHandler' driver.
INFO - 2024-06-11 23:23:18 --> Session: Class initialized using 'CodeIgniter\Session\Handlers\FileHandler' driver.
INFO - 2024-06-11 23:24:31 --> Session: Class initialized using 'CodeIgniter\Session\Handlers\FileHandler' driver.
INFO - 2024-06-11 23:26:10 --> Session: Class initialized using 'CodeIgniter\Session\Handlers\FileHandler' driver.
INFO - 2024-06-11 23:26:12 --> Session: Class initialized using 'CodeIgniter\Session\Handlers\FileHandler' driver.
INFO - 2024-06-11 23:26:14 --> Session: Class initialized using 'CodeIgniter\Session\Handlers\FileHandler' driver.
INFO - 2024-06-11 23:26:47 --> Session: Class initialized using 'CodeIgniter\Session\Handlers\FileHandler' driver.
INFO - 2024-06-11 23:26:49 --> Session: Class initialized using 'CodeIgniter\Session\Handlers\FileHandler' driver.
INFO - 2024-06-11 23:26:52 --> Session: Class initialized using 'CodeIgniter\Session\Handlers\FileHandler' driver.
INFO - 2024-06-11 23:28:28 --> Session: Class initialized using 'CodeIgniter\Session\Handlers\FileHandler' driver.
INFO - 2024-06-11 23:28:33 --> Session: Class initialized using 'CodeIgniter\Session\Handlers\FileHandler' driver.
INFO - 2024-06-11 23:29:33 --> Session: Class initialized using 'CodeIgniter\Session\Handlers\FileHandler' driver.
INFO - 2024-06-11 23:29:39 --> Session: Class initialized using 'CodeIgniter\Session\Handlers\FileHandler' driver.
INFO - 2024-06-11 23:30:41 --> Session: Class initialized using 'CodeIgniter\Session\Handlers\FileHandler' driver.
INFO - 2024-06-11 23:30:50 --> Session: Class initialized using 'CodeIgniter\Session\Handlers\FileHandler' driver.
INFO - 2024-06-11 23:31:27 --> Session: Class initialized using 'CodeIgniter\Session\Handlers\FileHandler' driver.
INFO - 2024-06-11 23:31:28 --> Session: Class initialized using 'CodeIgniter\Session\Handlers\FileHandler' driver.
INFO - 2024-06-11 23:31:30 --> Session: Class initialized using 'CodeIgniter\Session\Handlers\FileHandler' driver.
INFO - 2024-06-11 23:31:31 --> Session: Class initialized using 'CodeIgniter\Session\Handlers\FileHandler' driver.
INFO - 2024-06-11 23:31:32 --> Session: Class initialized using 'CodeIgniter\Session\Handlers\FileHandler' driver.
INFO - 2024-06-11 23:31:33 --> Session: Class initialized using 'CodeIgniter\Session\Handlers\FileHandler' driver.
INFO - 2024-06-11 23:31:34 --> Session: Class initialized using 'CodeIgniter\Session\Handlers\FileHandler' driver.
INFO - 2024-06-11 23:31:34 --> Session: Class initialized using 'CodeIgniter\Session\Handlers\FileHandler' driver.
INFO - 2024-06-11 23:31:36 --> Session: Class initialized using 'CodeIgniter\Session\Handlers\FileHandler' driver.
INFO - 2024-06-11 23:32:38 --> Session: Class initialized using 'CodeIgniter\Session\Handlers\FileHandler' driver.
INFO - 2024-06-11 23:32:46 --> Session: Class initialized using 'CodeIgniter\Session\Handlers\FileHandler' driver.
INFO - 2024-06-11 23:33:16 --> Session: Class initialized using 'CodeIgniter\Session\Handlers\FileHandler' driver.
INFO - 2024-06-11 23:33:18 --> Session: Class initialized using 'CodeIgniter\Session\Handlers\FileHandler' driver.
INFO - 2024-06-11 23:37:15 --> Session: Class initialized using 'CodeIgniter\Session\Handlers\FileHandler' driver.
INFO - 2024-06-11 23:37:17 --> Session: Class initialized using 'CodeIgniter\Session\Handlers\FileHandler' driver.
INFO - 2024-06-11 23:37:18 --> Session: Class initialized using 'CodeIgniter\Session\Handlers\FileHandler' driver.
INFO - 2024-06-11 23:37:20 --> Session: Class initialized using 'CodeIgniter\Session\Handlers\FileHandler' driver.
INFO - 2024-06-11 23:37:49 --> Session: Class initialized using 'CodeIgniter\Session\Handlers\FileHandler' driver.
INFO - 2024-06-11 23:37:52 --> Session: Class initialized using 'CodeIgniter\Session\Handlers\FileHandler' driver.
INFO - 2024-06-11 23:45:53 --> Session: Class initialized using 'CodeIgniter\Session\Handlers\FileHandler' driver.
INFO - 2024-06-11 23:45:58 --> Session: Class initialized using 'CodeIgniter\Session\Handlers\FileHandler' driver.
INFO - 2024-06-11 23:54:03 --> Session: Class initialized using 'CodeIgniter\Session\Handlers\FileHandler' driver.
CRITICAL - 2024-06-11 23:54:03 --> Trying to access array offset on value of type null
in APPPATH\Views\front\crudUsers\editUser.php on line 19.
 1 APPPATH\Views\front\crudUsers\editUser.php(19): CodeIgniter\Debug\Exceptions->errorHandler(8, 'Trying to access array offset on value of type null', 'APPPATH\\Views\\front\\crudUsers\\editUser.php', 19, [...])
 2 SYSTEMPATH\View\View.php(213): include('APPPATH\\Views\\front\\crudUsers\\editUser.php')
 3 SYSTEMPATH\View\View.php(216): CodeIgniter\View\View->CodeIgniter\View\{closure}()
 4 SYSTEMPATH\Common.php(1184): CodeIgniter\View\View->render('front/crudUsers/editUser', [], true)
 5 APPPATH\Controllers\CrudUsers.php(84): view('front/crudUsers/editUser', [...])
 6 SYSTEMPATH\CodeIgniter.php(934): App\Controllers\CrudUsers->edit('$1')
 7 SYSTEMPATH\CodeIgniter.php(499): CodeIgniter\CodeIgniter->runController(Object(App\Controllers\CrudUsers))
 8 SYSTEMPATH\CodeIgniter.php(368): CodeIgniter\CodeIgniter->handleRequest(null, Object(Config\Cache), false)
 9 FCPATH\index.php(68): CodeIgniter\CodeIgniter->run()
INFO - 2024-06-11 23:55:01 --> Session: Class initialized using 'CodeIgniter\Session\Handlers\FileHandler' driver.
CRITICAL - 2024-06-11 23:55:01 --> Trying to access array offset on value of type null
in APPPATH\Views\front\crudUsers\editUser.php on line 19.
 1 APPPATH\Views\front\crudUsers\editUser.php(19): CodeIgniter\Debug\Exceptions->errorHandler(8, 'Trying to access array offset on value of type null', 'APPPATH\\Views\\front\\crudUsers\\editUser.php', 19, [...])
 2 SYSTEMPATH\View\View.php(213): include('APPPATH\\Views\\front\\crudUsers\\editUser.php')
 3 SYSTEMPATH\View\View.php(216): CodeIgniter\View\View->CodeIgniter\View\{closure}()
 4 SYSTEMPATH\Common.php(1184): CodeIgniter\View\View->render('front/crudUsers/editUser', [], true)
 5 APPPATH\Controllers\CrudUsers.php(84): view('front/crudUsers/editUser', [...])
 6 SYSTEMPATH\CodeIgniter.php(934): App\Controllers\CrudUsers->edit('$1')
 7 SYSTEMPATH\CodeIgniter.php(499): CodeIgniter\CodeIgniter->runController(Object(App\Controllers\CrudUsers))
 8 SYSTEMPATH\CodeIgniter.php(368): CodeIgniter\CodeIgniter->handleRequest(null, Object(Config\Cache), false)
 9 FCPATH\index.php(68): CodeIgniter\CodeIgniter->run()
INFO - 2024-06-11 23:56:05 --> Session: Class initialized using 'CodeIgniter\Session\Handlers\FileHandler' driver.
INFO - 2024-06-11 23:56:08 --> Session: Class initialized using 'CodeIgniter\Session\Handlers\FileHandler' driver.
INFO - 2024-06-11 23:56:31 --> Session: Class initialized using 'CodeIgniter\Session\Handlers\FileHandler' driver.
INFO - 2024-06-11 23:56:31 --> Session: Class initialized using 'CodeIgniter\Session\Handlers\FileHandler' driver.
INFO - 2024-06-11 23:56:35 --> Session: Class initialized using 'CodeIgniter\Session\Handlers\FileHandler' driver.
INFO - 2024-06-11 23:56:37 --> Session: Class initialized using 'CodeIgniter\Session\Handlers\FileHandler' driver.
INFO - 2024-06-11 23:56:40 --> Session: Class initialized using 'CodeIgniter\Session\Handlers\FileHandler' driver.
INFO - 2024-06-11 23:56:41 --> Session: Class initialized using 'CodeIgniter\Session\Handlers\FileHandler' driver.
INFO - 2024-06-11 23:56:47 --> Session: Class initialized using 'CodeIgniter\Session\Handlers\FileHandler' driver.
INFO - 2024-06-11 23:57:22 --> Session: Class initialized using 'CodeIgniter\Session\Handlers\FileHandler' driver.
INFO - 2024-06-11 23:58:26 --> Session: Class initialized using 'CodeIgniter\Session\Handlers\FileHandler' driver.
INFO - 2024-06-11 23:58:29 --> Session: Class initialized using 'CodeIgniter\Session\Handlers\FileHandler' driver.
INFO - 2024-06-11 23:59:46 --> Session: Class initialized using 'CodeIgniter\Session\Handlers\FileHandler' driver.
INFO - 2024-06-11 23:59:49 --> Session: Class initialized using 'CodeIgniter\Session\Handlers\FileHandler' driver.
