INFO - 2024-06-24 00:39:16 --> Session: Class initialized using 'CodeIgniter\Session\Handlers\FileHandler' driver.
CRITICAL - 2024-06-24 00:39:16 --> Call to undefined function set_value()
in APPPATH\Views\front\contact.php on line 45.
 1 SYSTEMPATH\View\View.php(213): include()
 2 SYSTEMPATH\View\View.php(216): CodeIgniter\View\View->CodeIgniter\View\{closure}()
 3 SYSTEMPATH\Common.php(1184): CodeIgniter\View\View->render('front/contact', [], true)
 4 APPPATH\Controllers\Contact.php(10): view('front/contact', [...])
 5 SYSTEMPATH\CodeIgniter.php(934): App\Controllers\Contact->index()
 6 SYSTEMPATH\CodeIgniter.php(499): CodeIgniter\CodeIgniter->runController(Object(App\Controllers\Contact))
 7 SYSTEMPATH\CodeIgniter.php(368): CodeIgniter\CodeIgniter->handleRequest(null, Object(Config\Cache), false)
 8 FCPATH\index.php(68): CodeIgniter\CodeIgniter->run()
INFO - 2024-06-24 00:39:18 --> Session: Class initialized using 'CodeIgniter\Session\Handlers\FileHandler' driver.
CRITICAL - 2024-06-24 00:39:18 --> Call to undefined function set_value()
in APPPATH\Views\front\contact.php on line 45.
 1 SYSTEMPATH\View\View.php(213): include()
 2 SYSTEMPATH\View\View.php(216): CodeIgniter\View\View->CodeIgniter\View\{closure}()
 3 SYSTEMPATH\Common.php(1184): CodeIgniter\View\View->render('front/contact', [], true)
 4 APPPATH\Controllers\Contact.php(10): view('front/contact', [...])
 5 SYSTEMPATH\CodeIgniter.php(934): App\Controllers\Contact->index()
 6 SYSTEMPATH\CodeIgniter.php(499): CodeIgniter\CodeIgniter->runController(Object(App\Controllers\Contact))
 7 SYSTEMPATH\CodeIgniter.php(368): CodeIgniter\CodeIgniter->handleRequest(null, Object(Config\Cache), false)
 8 FCPATH\index.php(68): CodeIgniter\CodeIgniter->run()
INFO - 2024-06-24 00:39:19 --> Session: Class initialized using 'CodeIgniter\Session\Handlers\FileHandler' driver.
INFO - 2024-06-24 00:39:20 --> Session: Class initialized using 'CodeIgniter\Session\Handlers\FileHandler' driver.
CRITICAL - 2024-06-24 00:39:20 --> Call to undefined function set_value()
in APPPATH\Views\front\contact.php on line 45.
 1 SYSTEMPATH\View\View.php(213): include()
 2 SYSTEMPATH\View\View.php(216): CodeIgniter\View\View->CodeIgniter\View\{closure}()
 3 SYSTEMPATH\Common.php(1184): CodeIgniter\View\View->render('front/contact', [], true)
 4 APPPATH\Controllers\Contact.php(10): view('front/contact', [...])
 5 SYSTEMPATH\CodeIgniter.php(934): App\Controllers\Contact->index()
 6 SYSTEMPATH\CodeIgniter.php(499): CodeIgniter\CodeIgniter->runController(Object(App\Controllers\Contact))
 7 SYSTEMPATH\CodeIgniter.php(368): CodeIgniter\CodeIgniter->handleRequest(null, Object(Config\Cache), false)
 8 FCPATH\index.php(68): CodeIgniter\CodeIgniter->run()
INFO - 2024-06-24 00:39:55 --> Session: Class initialized using 'CodeIgniter\Session\Handlers\FileHandler' driver.
CRITICAL - 2024-06-24 00:39:55 --> Call to undefined function set_value()
in APPPATH\Views\front\contact.php on line 45.
 1 SYSTEMPATH\View\View.php(213): include()
 2 SYSTEMPATH\View\View.php(216): CodeIgniter\View\View->CodeIgniter\View\{closure}()
 3 SYSTEMPATH\Common.php(1184): CodeIgniter\View\View->render('front/contact', [], true)
 4 APPPATH\Controllers\Contact.php(10): view('front/contact', [...])
 5 SYSTEMPATH\CodeIgniter.php(934): App\Controllers\Contact->index()
 6 SYSTEMPATH\CodeIgniter.php(499): CodeIgniter\CodeIgniter->runController(Object(App\Controllers\Contact))
 7 SYSTEMPATH\CodeIgniter.php(368): CodeIgniter\CodeIgniter->handleRequest(null, Object(Config\Cache), false)
 8 FCPATH\index.php(68): CodeIgniter\CodeIgniter->run()
INFO - 2024-06-24 00:41:50 --> Session: Class initialized using 'CodeIgniter\Session\Handlers\FileHandler' driver.
CRITICAL - 2024-06-24 00:41:50 --> Call to undefined function set_value()
in APPPATH\Views\front\contact.php on line 45.
 1 SYSTEMPATH\View\View.php(213): include()
 2 SYSTEMPATH\View\View.php(216): CodeIgniter\View\View->CodeIgniter\View\{closure}()
 3 SYSTEMPATH\Common.php(1184): CodeIgniter\View\View->render('front/contact', [], true)
 4 APPPATH\Controllers\Contact.php(10): view('front/contact', [...])
 5 SYSTEMPATH\CodeIgniter.php(934): App\Controllers\Contact->index()
 6 SYSTEMPATH\CodeIgniter.php(499): CodeIgniter\CodeIgniter->runController(Object(App\Controllers\Contact))
 7 SYSTEMPATH\CodeIgniter.php(368): CodeIgniter\CodeIgniter->handleRequest(null, Object(Config\Cache), false)
 8 FCPATH\index.php(68): CodeIgniter\CodeIgniter->run()
INFO - 2024-06-24 00:57:57 --> Session: Class initialized using 'CodeIgniter\Session\Handlers\FileHandler' driver.
CRITICAL - 2024-06-24 00:57:57 --> Call to undefined function set_value()
in APPPATH\Views\front\contact.php on line 45.
 1 SYSTEMPATH\View\View.php(213): include()
 2 SYSTEMPATH\View\View.php(216): CodeIgniter\View\View->CodeIgniter\View\{closure}()
 3 SYSTEMPATH\Common.php(1184): CodeIgniter\View\View->render('front/contact', [], true)
 4 APPPATH\Controllers\Contact.php(12): view('front/contact', [...])
 5 SYSTEMPATH\CodeIgniter.php(934): App\Controllers\Contact->index()
 6 SYSTEMPATH\CodeIgniter.php(499): CodeIgniter\CodeIgniter->runController(Object(App\Controllers\Contact))
 7 SYSTEMPATH\CodeIgniter.php(368): CodeIgniter\CodeIgniter->handleRequest(null, Object(Config\Cache), false)
 8 FCPATH\index.php(68): CodeIgniter\CodeIgniter->run()
INFO - 2024-06-24 00:59:37 --> Session: Class initialized using 'CodeIgniter\Session\Handlers\FileHandler' driver.
CRITICAL - 2024-06-24 00:59:37 --> Call to undefined function set_value()
in APPPATH\Views\front\contact.php on line 45.
 1 SYSTEMPATH\View\View.php(213): include()
 2 SYSTEMPATH\View\View.php(216): CodeIgniter\View\View->CodeIgniter\View\{closure}()
 3 SYSTEMPATH\Common.php(1184): CodeIgniter\View\View->render('front/contact', [], true)
 4 APPPATH\Controllers\Contact.php(12): view('front/contact', [...])
 5 SYSTEMPATH\CodeIgniter.php(934): App\Controllers\Contact->index()
 6 SYSTEMPATH\CodeIgniter.php(499): CodeIgniter\CodeIgniter->runController(Object(App\Controllers\Contact))
 7 SYSTEMPATH\CodeIgniter.php(368): CodeIgniter\CodeIgniter->handleRequest(null, Object(Config\Cache), false)
 8 FCPATH\index.php(68): CodeIgniter\CodeIgniter->run()
INFO - 2024-06-24 00:59:37 --> Session: Class initialized using 'CodeIgniter\Session\Handlers\FileHandler' driver.
CRITICAL - 2024-06-24 00:59:37 --> Call to undefined function set_value()
in APPPATH\Views\front\contact.php on line 45.
 1 SYSTEMPATH\View\View.php(213): include()
 2 SYSTEMPATH\View\View.php(216): CodeIgniter\View\View->CodeIgniter\View\{closure}()
 3 SYSTEMPATH\Common.php(1184): CodeIgniter\View\View->render('front/contact', [], true)
 4 APPPATH\Controllers\Contact.php(12): view('front/contact', [...])
 5 SYSTEMPATH\CodeIgniter.php(934): App\Controllers\Contact->index()
 6 SYSTEMPATH\CodeIgniter.php(499): CodeIgniter\CodeIgniter->runController(Object(App\Controllers\Contact))
 7 SYSTEMPATH\CodeIgniter.php(368): CodeIgniter\CodeIgniter->handleRequest(null, Object(Config\Cache), false)
 8 FCPATH\index.php(68): CodeIgniter\CodeIgniter->run()
INFO - 2024-06-24 00:59:38 --> Session: Class initialized using 'CodeIgniter\Session\Handlers\FileHandler' driver.
CRITICAL - 2024-06-24 00:59:38 --> Call to undefined function set_value()
in APPPATH\Views\front\contact.php on line 45.
 1 SYSTEMPATH\View\View.php(213): include()
 2 SYSTEMPATH\View\View.php(216): CodeIgniter\View\View->CodeIgniter\View\{closure}()
 3 SYSTEMPATH\Common.php(1184): CodeIgniter\View\View->render('front/contact', [], true)
 4 APPPATH\Controllers\Contact.php(12): view('front/contact', [...])
 5 SYSTEMPATH\CodeIgniter.php(934): App\Controllers\Contact->index()
 6 SYSTEMPATH\CodeIgniter.php(499): CodeIgniter\CodeIgniter->runController(Object(App\Controllers\Contact))
 7 SYSTEMPATH\CodeIgniter.php(368): CodeIgniter\CodeIgniter->handleRequest(null, Object(Config\Cache), false)
 8 FCPATH\index.php(68): CodeIgniter\CodeIgniter->run()
INFO - 2024-06-24 01:01:46 --> Session: Class initialized using 'CodeIgniter\Session\Handlers\FileHandler' driver.
INFO - 2024-06-24 01:02:17 --> Session: Class initialized using 'CodeIgniter\Session\Handlers\FileHandler' driver.
INFO - 2024-06-24 01:02:39 --> Session: Class initialized using 'CodeIgniter\Session\Handlers\FileHandler' driver.
CRITICAL - 2024-06-24 01:02:39 --> Undefined array key "dni"
in APPPATH\Controllers\Contact.php on line 37.
 1 APPPATH\Controllers\Contact.php(37): CodeIgniter\Debug\Exceptions->errorHandler(2, 'Undefined array key "dni"', 'APPPATH\\Controllers\\Contact.php', 37)
 2 SYSTEMPATH\CodeIgniter.php(934): App\Controllers\Contact->send()
 3 SYSTEMPATH\CodeIgniter.php(499): CodeIgniter\CodeIgniter->runController(Object(App\Controllers\Contact))
 4 SYSTEMPATH\CodeIgniter.php(368): CodeIgniter\CodeIgniter->handleRequest(null, Object(Config\Cache), false)
 5 FCPATH\index.php(68): CodeIgniter\CodeIgniter->run()
INFO - 2024-06-24 01:02:49 --> Session: Class initialized using 'CodeIgniter\Session\Handlers\FileHandler' driver.
INFO - 2024-06-24 01:02:50 --> Session: Class initialized using 'CodeIgniter\Session\Handlers\FileHandler' driver.
INFO - 2024-06-24 01:02:50 --> Session: Class initialized using 'CodeIgniter\Session\Handlers\FileHandler' driver.
INFO - 2024-06-24 01:03:52 --> Session: Class initialized using 'CodeIgniter\Session\Handlers\FileHandler' driver.
INFO - 2024-06-24 01:03:55 --> Session: Class initialized using 'CodeIgniter\Session\Handlers\FileHandler' driver.
INFO - 2024-06-24 01:03:55 --> Session: Class initialized using 'CodeIgniter\Session\Handlers\FileHandler' driver.
INFO - 2024-06-24 01:04:49 --> Session: Class initialized using 'CodeIgniter\Session\Handlers\FileHandler' driver.
INFO - 2024-06-24 01:04:52 --> Session: Class initialized using 'CodeIgniter\Session\Handlers\FileHandler' driver.
INFO - 2024-06-24 01:04:52 --> Session: Class initialized using 'CodeIgniter\Session\Handlers\FileHandler' driver.
INFO - 2024-06-24 01:04:52 --> Cart Class Initialized
INFO - 2024-06-24 01:04:58 --> Session: Class initialized using 'CodeIgniter\Session\Handlers\FileHandler' driver.
INFO - 2024-06-24 01:04:58 --> Cart Class Initialized
INFO - 2024-06-24 01:05:04 --> Session: Class initialized using 'CodeIgniter\Session\Handlers\FileHandler' driver.
INFO - 2024-06-24 01:05:04 --> Session: Class initialized using 'CodeIgniter\Session\Handlers\FileHandler' driver.
INFO - 2024-06-24 01:05:04 --> Cart Class Initialized
INFO - 2024-06-24 01:05:07 --> Session: Class initialized using 'CodeIgniter\Session\Handlers\FileHandler' driver.
INFO - 2024-06-24 01:05:07 --> Cart Class Initialized
INFO - 2024-06-24 01:05:51 --> Session: Class initialized using 'CodeIgniter\Session\Handlers\FileHandler' driver.
INFO - 2024-06-24 01:05:51 --> Session: Class initialized using 'CodeIgniter\Session\Handlers\FileHandler' driver.
INFO - 2024-06-24 01:05:51 --> Cart Class Initialized
INFO - 2024-06-24 01:10:34 --> Session: Class initialized using 'CodeIgniter\Session\Handlers\FileHandler' driver.
INFO - 2024-06-24 01:10:34 --> Cart Class Initialized
INFO - 2024-06-24 01:10:43 --> Session: Class initialized using 'CodeIgniter\Session\Handlers\FileHandler' driver.
INFO - 2024-06-24 01:10:43 --> Session: Class initialized using 'CodeIgniter\Session\Handlers\FileHandler' driver.
INFO - 2024-06-24 01:10:43 --> Cart Class Initialized
INFO - 2024-06-24 01:12:03 --> Session: Class initialized using 'CodeIgniter\Session\Handlers\FileHandler' driver.
INFO - 2024-06-24 01:12:03 --> Cart Class Initialized
INFO - 2024-06-24 01:12:12 --> Session: Class initialized using 'CodeIgniter\Session\Handlers\FileHandler' driver.
INFO - 2024-06-24 01:12:12 --> Session: Class initialized using 'CodeIgniter\Session\Handlers\FileHandler' driver.
INFO - 2024-06-24 01:12:12 --> Cart Class Initialized
INFO - 2024-06-24 01:12:19 --> Session: Class initialized using 'CodeIgniter\Session\Handlers\FileHandler' driver.
INFO - 2024-06-24 01:12:19 --> Session: Class initialized using 'CodeIgniter\Session\Handlers\FileHandler' driver.
INFO - 2024-06-24 01:12:19 --> Cart Class Initialized
INFO - 2024-06-24 01:12:44 --> Session: Class initialized using 'CodeIgniter\Session\Handlers\FileHandler' driver.
INFO - 2024-06-24 01:12:44 --> Session: Class initialized using 'CodeIgniter\Session\Handlers\FileHandler' driver.
INFO - 2024-06-24 01:12:44 --> Cart Class Initialized
INFO - 2024-06-24 01:12:54 --> Session: Class initialized using 'CodeIgniter\Session\Handlers\FileHandler' driver.
INFO - 2024-06-24 01:12:54 --> Cart Class Initialized
INFO - 2024-06-24 01:13:02 --> Session: Class initialized using 'CodeIgniter\Session\Handlers\FileHandler' driver.
INFO - 2024-06-24 01:13:02 --> Session: Class initialized using 'CodeIgniter\Session\Handlers\FileHandler' driver.
INFO - 2024-06-24 01:13:02 --> Cart Class Initialized
INFO - 2024-06-24 01:13:11 --> Session: Class initialized using 'CodeIgniter\Session\Handlers\FileHandler' driver.
INFO - 2024-06-24 01:13:11 --> Cart Class Initialized
INFO - 2024-06-24 01:13:16 --> Session: Class initialized using 'CodeIgniter\Session\Handlers\FileHandler' driver.
INFO - 2024-06-24 01:13:16 --> Session: Class initialized using 'CodeIgniter\Session\Handlers\FileHandler' driver.
INFO - 2024-06-24 01:13:16 --> Cart Class Initialized
INFO - 2024-06-24 01:13:33 --> Session: Class initialized using 'CodeIgniter\Session\Handlers\FileHandler' driver.
INFO - 2024-06-24 01:13:33 --> Session: Class initialized using 'CodeIgniter\Session\Handlers\FileHandler' driver.
INFO - 2024-06-24 01:13:33 --> Cart Class Initialized
INFO - 2024-06-24 01:14:37 --> Session: Class initialized using 'CodeIgniter\Session\Handlers\FileHandler' driver.
INFO - 2024-06-24 01:14:37 --> Cart Class Initialized
INFO - 2024-06-24 01:14:48 --> Session: Class initialized using 'CodeIgniter\Session\Handlers\FileHandler' driver.
INFO - 2024-06-24 01:14:48 --> Session: Class initialized using 'CodeIgniter\Session\Handlers\FileHandler' driver.
INFO - 2024-06-24 01:14:48 --> Cart Class Initialized
INFO - 2024-06-24 01:15:04 --> Session: Class initialized using 'CodeIgniter\Session\Handlers\FileHandler' driver.
INFO - 2024-06-24 01:15:04 --> Session: Class initialized using 'CodeIgniter\Session\Handlers\FileHandler' driver.
INFO - 2024-06-24 01:15:05 --> Session: Class initialized using 'CodeIgniter\Session\Handlers\FileHandler' driver.
INFO - 2024-06-24 01:15:09 --> Session: Class initialized using 'CodeIgniter\Session\Handlers\FileHandler' driver.
INFO - 2024-06-24 01:15:09 --> Session: Class initialized using 'CodeIgniter\Session\Handlers\FileHandler' driver.
INFO - 2024-06-24 01:15:09 --> Cart Class Initialized
INFO - 2024-06-24 01:16:58 --> Session: Class initialized using 'CodeIgniter\Session\Handlers\FileHandler' driver.
INFO - 2024-06-24 01:16:58 --> Cart Class Initialized
INFO - 2024-06-24 01:16:59 --> Session: Class initialized using 'CodeIgniter\Session\Handlers\FileHandler' driver.
CRITICAL - 2024-06-24 01:17:00 --> Archivo inválido: front/crudContacto/crudContacto.php
in SYSTEMPATH\Exceptions\FrameworkException.php on line 33.
 1 SYSTEMPATH\View\View.php(201): CodeIgniter\Exceptions\FrameworkException::forInvalidFile('front/crudContacto/crudContacto.php')
 2 SYSTEMPATH\Common.php(1184): CodeIgniter\View\View->render('front/crudContacto/crudContacto', [], true)
 3 APPPATH\Controllers\CrudConsultas.php(30): view('front/crudContacto/crudContacto', [...])
 4 SYSTEMPATH\CodeIgniter.php(934): App\Controllers\CrudConsultas->index()
 5 SYSTEMPATH\CodeIgniter.php(499): CodeIgniter\CodeIgniter->runController(Object(App\Controllers\CrudConsultas))
 6 SYSTEMPATH\CodeIgniter.php(368): CodeIgniter\CodeIgniter->handleRequest(null, Object(Config\Cache), false)
 7 FCPATH\index.php(68): CodeIgniter\CodeIgniter->run()
INFO - 2024-06-24 01:17:37 --> Session: Class initialized using 'CodeIgniter\Session\Handlers\FileHandler' driver.
INFO - 2024-06-24 01:17:37 --> Cart Class Initialized
INFO - 2024-06-24 01:17:47 --> Session: Class initialized using 'CodeIgniter\Session\Handlers\FileHandler' driver.
INFO - 2024-06-24 01:17:47 --> Cart Class Initialized
INFO - 2024-06-24 01:20:30 --> Session: Class initialized using 'CodeIgniter\Session\Handlers\FileHandler' driver.
CRITICAL - 2024-06-24 01:20:30 --> Undefined variable $consultas
in APPPATH\Views\front\crudConsultas\crudConsultas.php on line 32.
 1 APPPATH\Views\front\crudConsultas\crudConsultas.php(32): CodeIgniter\Debug\Exceptions->errorHandler(2, 'Undefined variable $consultas', 'APPPATH\\Views\\front\\crudConsultas\\crudConsultas.php', 32)
 2 SYSTEMPATH\View\View.php(213): include('APPPATH\\Views\\front\\crudConsultas\\crudConsultas.php')
 3 SYSTEMPATH\View\View.php(216): CodeIgniter\View\View->CodeIgniter\View\{closure}()
 4 SYSTEMPATH\Common.php(1184): CodeIgniter\View\View->render('front/crudConsultas/crudConsultas', [], true)
 5 APPPATH\Controllers\CrudConsultas.php(21): view('front/crudConsultas/crudConsultas', [...])
 6 SYSTEMPATH\CodeIgniter.php(934): App\Controllers\CrudConsultas->index()
 7 SYSTEMPATH\CodeIgniter.php(499): CodeIgniter\CodeIgniter->runController(Object(App\Controllers\CrudConsultas))
 8 SYSTEMPATH\CodeIgniter.php(368): CodeIgniter\CodeIgniter->handleRequest(null, Object(Config\Cache), false)
 9 FCPATH\index.php(68): CodeIgniter\CodeIgniter->run()
INFO - 2024-06-24 01:21:12 --> Session: Class initialized using 'CodeIgniter\Session\Handlers\FileHandler' driver.
CRITICAL - 2024-06-24 01:21:12 --> Undefined variable $consultas
in APPPATH\Views\front\crudConsultas\crudConsultas.php on line 32.
 1 APPPATH\Views\front\crudConsultas\crudConsultas.php(32): CodeIgniter\Debug\Exceptions->errorHandler(2, 'Undefined variable $consultas', 'APPPATH\\Views\\front\\crudConsultas\\crudConsultas.php', 32)
 2 SYSTEMPATH\View\View.php(213): include('APPPATH\\Views\\front\\crudConsultas\\crudConsultas.php')
 3 SYSTEMPATH\View\View.php(216): CodeIgniter\View\View->CodeIgniter\View\{closure}()
 4 SYSTEMPATH\Common.php(1184): CodeIgniter\View\View->render('front/crudConsultas/crudConsultas', [], true)
 5 APPPATH\Controllers\CrudConsultas.php(21): view('front/crudConsultas/crudConsultas', [...])
 6 SYSTEMPATH\CodeIgniter.php(934): App\Controllers\CrudConsultas->index()
 7 SYSTEMPATH\CodeIgniter.php(499): CodeIgniter\CodeIgniter->runController(Object(App\Controllers\CrudConsultas))
 8 SYSTEMPATH\CodeIgniter.php(368): CodeIgniter\CodeIgniter->handleRequest(null, Object(Config\Cache), false)
 9 FCPATH\index.php(68): CodeIgniter\CodeIgniter->run()
INFO - 2024-06-24 01:21:13 --> Session: Class initialized using 'CodeIgniter\Session\Handlers\FileHandler' driver.
CRITICAL - 2024-06-24 01:21:13 --> Undefined variable $consultas
in APPPATH\Views\front\crudConsultas\crudConsultas.php on line 32.
 1 APPPATH\Views\front\crudConsultas\crudConsultas.php(32): CodeIgniter\Debug\Exceptions->errorHandler(2, 'Undefined variable $consultas', 'APPPATH\\Views\\front\\crudConsultas\\crudConsultas.php', 32)
 2 SYSTEMPATH\View\View.php(213): include('APPPATH\\Views\\front\\crudConsultas\\crudConsultas.php')
 3 SYSTEMPATH\View\View.php(216): CodeIgniter\View\View->CodeIgniter\View\{closure}()
 4 SYSTEMPATH\Common.php(1184): CodeIgniter\View\View->render('front/crudConsultas/crudConsultas', [], true)
 5 APPPATH\Controllers\CrudConsultas.php(21): view('front/crudConsultas/crudConsultas', [...])
 6 SYSTEMPATH\CodeIgniter.php(934): App\Controllers\CrudConsultas->index()
 7 SYSTEMPATH\CodeIgniter.php(499): CodeIgniter\CodeIgniter->runController(Object(App\Controllers\CrudConsultas))
 8 SYSTEMPATH\CodeIgniter.php(368): CodeIgniter\CodeIgniter->handleRequest(null, Object(Config\Cache), false)
 9 FCPATH\index.php(68): CodeIgniter\CodeIgniter->run()
INFO - 2024-06-24 01:21:56 --> Session: Class initialized using 'CodeIgniter\Session\Handlers\FileHandler' driver.
CRITICAL - 2024-06-24 01:21:56 --> Undefined array key "id_consulta"
in APPPATH\Views\front\crudConsultas\crudConsultas.php on line 34.
 1 APPPATH\Views\front\crudConsultas\crudConsultas.php(34): CodeIgniter\Debug\Exceptions->errorHandler(2, 'Undefined array key "id_consulta"', 'APPPATH\\Views\\front\\crudConsultas\\crudConsultas.php', 34)
 2 SYSTEMPATH\View\View.php(213): include('APPPATH\\Views\\front\\crudConsultas\\crudConsultas.php')
 3 SYSTEMPATH\View\View.php(216): CodeIgniter\View\View->CodeIgniter\View\{closure}()
 4 SYSTEMPATH\Common.php(1184): CodeIgniter\View\View->render('front/crudConsultas/crudConsultas', [], true)
 5 APPPATH\Controllers\CrudConsultas.php(21): view('front/crudConsultas/crudConsultas', [...])
 6 SYSTEMPATH\CodeIgniter.php(934): App\Controllers\CrudConsultas->index()
 7 SYSTEMPATH\CodeIgniter.php(499): CodeIgniter\CodeIgniter->runController(Object(App\Controllers\CrudConsultas))
 8 SYSTEMPATH\CodeIgniter.php(368): CodeIgniter\CodeIgniter->handleRequest(null, Object(Config\Cache), false)
 9 FCPATH\index.php(68): CodeIgniter\CodeIgniter->run()
INFO - 2024-06-24 01:22:12 --> Session: Class initialized using 'CodeIgniter\Session\Handlers\FileHandler' driver.
INFO - 2024-06-24 01:22:12 --> Cart Class Initialized
INFO - 2024-06-24 01:23:17 --> Session: Class initialized using 'CodeIgniter\Session\Handlers\FileHandler' driver.
INFO - 2024-06-24 01:23:17 --> Session: Class initialized using 'CodeIgniter\Session\Handlers\FileHandler' driver.
INFO - 2024-06-24 01:23:19 --> Session: Class initialized using 'CodeIgniter\Session\Handlers\FileHandler' driver.
INFO - 2024-06-24 01:23:27 --> Session: Class initialized using 'CodeIgniter\Session\Handlers\FileHandler' driver.
INFO - 2024-06-24 01:23:27 --> Session: Class initialized using 'CodeIgniter\Session\Handlers\FileHandler' driver.
INFO - 2024-06-24 01:23:46 --> Session: Class initialized using 'CodeIgniter\Session\Handlers\FileHandler' driver.
INFO - 2024-06-24 01:24:01 --> Session: Class initialized using 'CodeIgniter\Session\Handlers\FileHandler' driver.
INFO - 2024-06-24 01:24:18 --> Session: Class initialized using 'CodeIgniter\Session\Handlers\FileHandler' driver.
INFO - 2024-06-24 01:24:28 --> Session: Class initialized using 'CodeIgniter\Session\Handlers\FileHandler' driver.
INFO - 2024-06-24 01:24:28 --> Session: Class initialized using 'CodeIgniter\Session\Handlers\FileHandler' driver.
INFO - 2024-06-24 01:24:42 --> Session: Class initialized using 'CodeIgniter\Session\Handlers\FileHandler' driver.
INFO - 2024-06-24 01:26:09 --> Session: Class initialized using 'CodeIgniter\Session\Handlers\FileHandler' driver.
INFO - 2024-06-24 01:26:15 --> Session: Class initialized using 'CodeIgniter\Session\Handlers\FileHandler' driver.
INFO - 2024-06-24 01:26:15 --> Session: Class initialized using 'CodeIgniter\Session\Handlers\FileHandler' driver.
INFO - 2024-06-24 01:26:15 --> Cart Class Initialized
INFO - 2024-06-24 01:26:16 --> Session: Class initialized using 'CodeIgniter\Session\Handlers\FileHandler' driver.
INFO - 2024-06-24 01:26:16 --> Cart Class Initialized
INFO - 2024-06-24 01:26:18 --> Session: Class initialized using 'CodeIgniter\Session\Handlers\FileHandler' driver.
INFO - 2024-06-24 01:26:18 --> Cart Class Initialized
INFO - 2024-06-24 01:26:39 --> Session: Class initialized using 'CodeIgniter\Session\Handlers\FileHandler' driver.
INFO - 2024-06-24 01:26:39 --> Cart Class Initialized
INFO - 2024-06-24 01:27:41 --> Session: Class initialized using 'CodeIgniter\Session\Handlers\FileHandler' driver.
INFO - 2024-06-24 01:27:41 --> Cart Class Initialized
INFO - 2024-06-24 01:27:42 --> Session: Class initialized using 'CodeIgniter\Session\Handlers\FileHandler' driver.
INFO - 2024-06-24 01:27:42 --> Cart Class Initialized
INFO - 2024-06-24 01:27:43 --> Session: Class initialized using 'CodeIgniter\Session\Handlers\FileHandler' driver.
INFO - 2024-06-24 01:27:43 --> Cart Class Initialized
INFO - 2024-06-24 01:27:57 --> Session: Class initialized using 'CodeIgniter\Session\Handlers\FileHandler' driver.
INFO - 2024-06-24 01:27:57 --> Cart Class Initialized
INFO - 2024-06-24 01:27:58 --> Session: Class initialized using 'CodeIgniter\Session\Handlers\FileHandler' driver.
INFO - 2024-06-24 01:27:58 --> Cart Class Initialized
INFO - 2024-06-24 01:27:59 --> Session: Class initialized using 'CodeIgniter\Session\Handlers\FileHandler' driver.
INFO - 2024-06-24 01:27:59 --> Cart Class Initialized
INFO - 2024-06-24 01:28:15 --> Session: Class initialized using 'CodeIgniter\Session\Handlers\FileHandler' driver.
INFO - 2024-06-24 01:28:15 --> Cart Class Initialized
INFO - 2024-06-24 01:28:28 --> Session: Class initialized using 'CodeIgniter\Session\Handlers\FileHandler' driver.
INFO - 2024-06-24 01:28:28 --> Cart Class Initialized
INFO - 2024-06-24 01:28:35 --> Session: Class initialized using 'CodeIgniter\Session\Handlers\FileHandler' driver.
INFO - 2024-06-24 01:28:36 --> Session: Class initialized using 'CodeIgniter\Session\Handlers\FileHandler' driver.
INFO - 2024-06-24 01:28:36 --> Cart Class Initialized
INFO - 2024-06-24 01:29:06 --> Session: Class initialized using 'CodeIgniter\Session\Handlers\FileHandler' driver.
INFO - 2024-06-24 01:29:06 --> Cart Class Initialized
INFO - 2024-06-24 01:29:57 --> Session: Class initialized using 'CodeIgniter\Session\Handlers\FileHandler' driver.
INFO - 2024-06-24 01:29:59 --> Session: Class initialized using 'CodeIgniter\Session\Handlers\FileHandler' driver.
INFO - 2024-06-24 01:30:00 --> Session: Class initialized using 'CodeIgniter\Session\Handlers\FileHandler' driver.
INFO - 2024-06-24 01:30:00 --> Cart Class Initialized
INFO - 2024-06-24 01:30:01 --> Session: Class initialized using 'CodeIgniter\Session\Handlers\FileHandler' driver.
INFO - 2024-06-24 01:32:51 --> Session: Class initialized using 'CodeIgniter\Session\Handlers\FileHandler' driver.
INFO - 2024-06-24 01:32:52 --> Session: Class initialized using 'CodeIgniter\Session\Handlers\FileHandler' driver.
INFO - 2024-06-24 01:32:53 --> Session: Class initialized using 'CodeIgniter\Session\Handlers\FileHandler' driver.
INFO - 2024-06-24 01:33:47 --> Session: Class initialized using 'CodeIgniter\Session\Handlers\FileHandler' driver.
CRITICAL - 2024-06-24 01:33:47 --> Archivo inválido: front/crudProductos/addProductos.php
in SYSTEMPATH\Exceptions\FrameworkException.php on line 33.
 1 SYSTEMPATH\View\View.php(201): CodeIgniter\Exceptions\FrameworkException::forInvalidFile('front/crudProductos/addProductos.php')
 2 SYSTEMPATH\Common.php(1184): CodeIgniter\View\View->render('front/crudProductos/addProductos', [], true)
 3 APPPATH\Controllers\CrudProductos.php(39): view('front/crudProductos/addProductos', [...])
 4 SYSTEMPATH\CodeIgniter.php(934): App\Controllers\CrudProductos->new()
 5 SYSTEMPATH\CodeIgniter.php(499): CodeIgniter\CodeIgniter->runController(Object(App\Controllers\CrudProductos))
 6 SYSTEMPATH\CodeIgniter.php(368): CodeIgniter\CodeIgniter->handleRequest(null, Object(Config\Cache), false)
 7 FCPATH\index.php(68): CodeIgniter\CodeIgniter->run()
INFO - 2024-06-24 01:34:07 --> Session: Class initialized using 'CodeIgniter\Session\Handlers\FileHandler' driver.
CRITICAL - 2024-06-24 01:34:07 --> Undefined variable $perfiles
in APPPATH\Views\front\crudProductos\addProducto.php on line 46.
 1 APPPATH\Views\front\crudProductos\addProducto.php(46): CodeIgniter\Debug\Exceptions->errorHandler(2, 'Undefined variable $perfiles', 'APPPATH\\Views\\front\\crudProductos\\addProducto.php', 46)
 2 SYSTEMPATH\View\View.php(213): include('APPPATH\\Views\\front\\crudProductos\\addProducto.php')
 3 SYSTEMPATH\View\View.php(216): CodeIgniter\View\View->CodeIgniter\View\{closure}()
 4 SYSTEMPATH\Common.php(1184): CodeIgniter\View\View->render('front/crudProductos/addProducto', [], true)
 5 APPPATH\Controllers\CrudProductos.php(39): view('front/crudProductos/addProducto', [...])
 6 SYSTEMPATH\CodeIgniter.php(934): App\Controllers\CrudProductos->new()
 7 SYSTEMPATH\CodeIgniter.php(499): CodeIgniter\CodeIgniter->runController(Object(App\Controllers\CrudProductos))
 8 SYSTEMPATH\CodeIgniter.php(368): CodeIgniter\CodeIgniter->handleRequest(null, Object(Config\Cache), false)
 9 FCPATH\index.php(68): CodeIgniter\CodeIgniter->run()
INFO - 2024-06-24 01:35:49 --> Session: Class initialized using 'CodeIgniter\Session\Handlers\FileHandler' driver.
INFO - 2024-06-24 01:35:49 --> Cart Class Initialized
INFO - 2024-06-24 01:40:19 --> Session: Class initialized using 'CodeIgniter\Session\Handlers\FileHandler' driver.
INFO - 2024-06-24 01:40:19 --> Cart Class Initialized
INFO - 2024-06-24 01:40:27 --> Session: Class initialized using 'CodeIgniter\Session\Handlers\FileHandler' driver.
INFO - 2024-06-24 01:40:27 --> Cart Class Initialized
INFO - 2024-06-24 01:42:28 --> Session: Class initialized using 'CodeIgniter\Session\Handlers\FileHandler' driver.
INFO - 2024-06-24 01:42:28 --> Cart Class Initialized
INFO - 2024-06-24 01:42:40 --> Session: Class initialized using 'CodeIgniter\Session\Handlers\FileHandler' driver.
INFO - 2024-06-24 01:42:40 --> Cart Class Initialized
INFO - 2024-06-24 01:43:51 --> Session: Class initialized using 'CodeIgniter\Session\Handlers\FileHandler' driver.
INFO - 2024-06-24 01:43:51 --> Cart Class Initialized
INFO - 2024-06-24 01:43:52 --> Session: Class initialized using 'CodeIgniter\Session\Handlers\FileHandler' driver.
INFO - 2024-06-24 01:43:52 --> Cart Class Initialized
INFO - 2024-06-24 01:44:03 --> Session: Class initialized using 'CodeIgniter\Session\Handlers\FileHandler' driver.
INFO - 2024-06-24 01:44:03 --> Cart Class Initialized
INFO - 2024-06-24 01:44:04 --> Session: Class initialized using 'CodeIgniter\Session\Handlers\FileHandler' driver.
INFO - 2024-06-24 01:44:04 --> Cart Class Initialized
INFO - 2024-06-24 01:47:10 --> Session: Class initialized using 'CodeIgniter\Session\Handlers\FileHandler' driver.
INFO - 2024-06-24 01:47:10 --> Cart Class Initialized
INFO - 2024-06-24 01:52:25 --> Session: Class initialized using 'CodeIgniter\Session\Handlers\FileHandler' driver.
INFO - 2024-06-24 01:52:25 --> Cart Class Initialized
INFO - 2024-06-24 01:58:00 --> Session: Class initialized using 'CodeIgniter\Session\Handlers\FileHandler' driver.
INFO - 2024-06-24 01:58:01 --> Cart Class Initialized
INFO - 2024-06-24 01:58:25 --> Session: Class initialized using 'CodeIgniter\Session\Handlers\FileHandler' driver.
INFO - 2024-06-24 01:58:25 --> Cart Class Initialized
INFO - 2024-06-24 01:59:23 --> Session: Class initialized using 'CodeIgniter\Session\Handlers\FileHandler' driver.
INFO - 2024-06-24 01:59:23 --> Cart Class Initialized
INFO - 2024-06-24 01:59:31 --> Session: Class initialized using 'CodeIgniter\Session\Handlers\FileHandler' driver.
INFO - 2024-06-24 01:59:31 --> Cart Class Initialized
INFO - 2024-06-24 01:59:39 --> Session: Class initialized using 'CodeIgniter\Session\Handlers\FileHandler' driver.
INFO - 2024-06-24 01:59:39 --> Cart Class Initialized
INFO - 2024-06-24 02:01:28 --> Session: Class initialized using 'CodeIgniter\Session\Handlers\FileHandler' driver.
INFO - 2024-06-24 02:01:28 --> Cart Class Initialized
INFO - 2024-06-24 02:01:29 --> Session: Class initialized using 'CodeIgniter\Session\Handlers\FileHandler' driver.
INFO - 2024-06-24 02:01:29 --> Cart Class Initialized
INFO - 2024-06-24 02:01:33 --> Session: Class initialized using 'CodeIgniter\Session\Handlers\FileHandler' driver.
INFO - 2024-06-24 02:01:33 --> Cart Class Initialized
INFO - 2024-06-24 02:02:20 --> Session: Class initialized using 'CodeIgniter\Session\Handlers\FileHandler' driver.
INFO - 2024-06-24 02:02:20 --> Cart Class Initialized
INFO - 2024-06-24 02:03:38 --> Session: Class initialized using 'CodeIgniter\Session\Handlers\FileHandler' driver.
INFO - 2024-06-24 02:03:38 --> Cart Class Initialized
INFO - 2024-06-24 02:07:26 --> Session: Class initialized using 'CodeIgniter\Session\Handlers\FileHandler' driver.
INFO - 2024-06-24 02:07:26 --> Cart Class Initialized
INFO - 2024-06-24 02:14:04 --> Session: Class initialized using 'CodeIgniter\Session\Handlers\FileHandler' driver.
INFO - 2024-06-24 02:14:04 --> Cart Class Initialized
INFO - 2024-06-24 03:51:23 --> Session: Class initialized using 'CodeIgniter\Session\Handlers\FileHandler' driver.
INFO - 2024-06-24 03:51:23 --> Cart Class Initialized
INFO - 2024-06-24 03:53:03 --> Session: Class initialized using 'CodeIgniter\Session\Handlers\FileHandler' driver.
INFO - 2024-06-24 03:53:03 --> Cart Class Initialized
INFO - 2024-06-24 03:53:07 --> Session: Class initialized using 'CodeIgniter\Session\Handlers\FileHandler' driver.
INFO - 2024-06-24 03:53:07 --> Cart Class Initialized
INFO - 2024-06-24 03:57:15 --> Session: Class initialized using 'CodeIgniter\Session\Handlers\FileHandler' driver.
INFO - 2024-06-24 03:57:15 --> Cart Class Initialized
INFO - 2024-06-24 03:59:48 --> Session: Class initialized using 'CodeIgniter\Session\Handlers\FileHandler' driver.
INFO - 2024-06-24 03:59:48 --> Cart Class Initialized
INFO - 2024-06-24 04:04:00 --> Session: Class initialized using 'CodeIgniter\Session\Handlers\FileHandler' driver.
INFO - 2024-06-24 04:04:01 --> Cart Class Initialized
INFO - 2024-06-24 04:04:33 --> Session: Class initialized using 'CodeIgniter\Session\Handlers\FileHandler' driver.
INFO - 2024-06-24 04:04:33 --> Cart Class Initialized
INFO - 2024-06-24 04:04:51 --> Session: Class initialized using 'CodeIgniter\Session\Handlers\FileHandler' driver.
INFO - 2024-06-24 04:04:51 --> Cart Class Initialized
INFO - 2024-06-24 04:04:57 --> Session: Class initialized using 'CodeIgniter\Session\Handlers\FileHandler' driver.
INFO - 2024-06-24 04:04:57 --> Session: Class initialized using 'CodeIgniter\Session\Handlers\FileHandler' driver.
INFO - 2024-06-24 04:04:57 --> Cart Class Initialized
INFO - 2024-06-24 04:05:09 --> Session: Class initialized using 'CodeIgniter\Session\Handlers\FileHandler' driver.
INFO - 2024-06-24 04:05:09 --> Session: Class initialized using 'CodeIgniter\Session\Handlers\FileHandler' driver.
INFO - 2024-06-24 04:05:09 --> Cart Class Initialized
INFO - 2024-06-24 04:05:30 --> Session: Class initialized using 'CodeIgniter\Session\Handlers\FileHandler' driver.
INFO - 2024-06-24 04:05:30 --> Cart Class Initialized
INFO - 2024-06-24 04:05:41 --> Session: Class initialized using 'CodeIgniter\Session\Handlers\FileHandler' driver.
ERROR - 2024-06-24 04:05:41 --> mysqli_sql_exception: Cannot add or update a child row: a foreign key constraint fails (`parras_a`.`productos`, CONSTRAINT `productos_marca` FOREIGN KEY (`id_marca`) REFERENCES `marcas` (`id_marca`)) in A:\xampp\htdocs\proyecto_parras_alan\system\Database\MySQLi\Connection.php:295
Stack trace:
#0 A:\xampp\htdocs\proyecto_parras_alan\system\Database\MySQLi\Connection.php(295): mysqli->query('INSERT INTO `pr...', 0)
#1 A:\xampp\htdocs\proyecto_parras_alan\system\Database\BaseConnection.php(691): CodeIgniter\Database\MySQLi\Connection->execute('INSERT INTO `pr...')
#2 A:\xampp\htdocs\proyecto_parras_alan\system\Database\BaseConnection.php(605): CodeIgniter\Database\BaseConnection->simpleQuery('INSERT INTO `pr...')
#3 A:\xampp\htdocs\proyecto_parras_alan\system\Database\BaseBuilder.php(2309): CodeIgniter\Database\BaseConnection->query('INSERT INTO `pr...', Array, false)
#4 A:\xampp\htdocs\proyecto_parras_alan\system\Model.php(330): CodeIgniter\Database\BaseBuilder->insert()
#5 A:\xampp\htdocs\proyecto_parras_alan\system\BaseModel.php(782): CodeIgniter\Model->doInsert(Array)
#6 A:\xampp\htdocs\proyecto_parras_alan\system\Model.php(730): CodeIgniter\BaseModel->insert(Array, true)
#7 A:\xampp\htdocs\proyecto_parras_alan\app\Controllers\CrudProductos.php(67): CodeIgniter\Model->insert(Array)
#8 A:\xampp\htdocs\proyecto_parras_alan\system\CodeIgniter.php(934): App\Controllers\CrudProductos->create()
#9 A:\xampp\htdocs\proyecto_parras_alan\system\CodeIgniter.php(499): CodeIgniter\CodeIgniter->runController(Object(App\Controllers\CrudProductos))
#10 A:\xampp\htdocs\proyecto_parras_alan\system\CodeIgniter.php(368): CodeIgniter\CodeIgniter->handleRequest(NULL, Object(Config\Cache), false)
#11 A:\xampp\htdocs\proyecto_parras_alan\index.php(68): CodeIgniter\CodeIgniter->run()
#12 {main}
CRITICAL - 2024-06-24 04:05:41 --> Cannot add or update a child row: a foreign key constraint fails (`parras_a`.`productos`, CONSTRAINT `productos_marca` FOREIGN KEY (`id_marca`) REFERENCES `marcas` (`id_marca`))
in SYSTEMPATH\Database\BaseConnection.php on line 645.
 1 SYSTEMPATH\Database\BaseBuilder.php(2309): CodeIgniter\Database\BaseConnection->query('INSERT INTO `productos` (`nombre`, `descripcion`, `precio`, `stock`, `id_marca`, `activo`) VALUES (:nombre:, :descripcion:, :precio:, :stock:, :id_marca:, :activo:)', [...], false)
 2 SYSTEMPATH\Model.php(330): CodeIgniter\Database\BaseBuilder->insert()
 3 SYSTEMPATH\BaseModel.php(782): CodeIgniter\Model->doInsert([...])
 4 SYSTEMPATH\Model.php(730): CodeIgniter\BaseModel->insert([...], true)
 5 APPPATH\Controllers\CrudProductos.php(67): CodeIgniter\Model->insert([...])
 6 SYSTEMPATH\CodeIgniter.php(934): App\Controllers\CrudProductos->create()
 7 SYSTEMPATH\CodeIgniter.php(499): CodeIgniter\CodeIgniter->runController(Object(App\Controllers\CrudProductos))
 8 SYSTEMPATH\CodeIgniter.php(368): CodeIgniter\CodeIgniter->handleRequest(null, Object(Config\Cache), false)
 9 FCPATH\index.php(68): CodeIgniter\CodeIgniter->run()
INFO - 2024-06-24 04:06:08 --> Session: Class initialized using 'CodeIgniter\Session\Handlers\FileHandler' driver.
INFO - 2024-06-24 04:06:08 --> Cart Class Initialized
INFO - 2024-06-24 04:06:43 --> Session: Class initialized using 'CodeIgniter\Session\Handlers\FileHandler' driver.
INFO - 2024-06-24 04:06:43 --> Cart Class Initialized
INFO - 2024-06-24 04:07:06 --> Session: Class initialized using 'CodeIgniter\Session\Handlers\FileHandler' driver.
INFO - 2024-06-24 04:07:06 --> Session: Class initialized using 'CodeIgniter\Session\Handlers\FileHandler' driver.
INFO - 2024-06-24 04:07:06 --> Cart Class Initialized
INFO - 2024-06-24 04:09:57 --> Session: Class initialized using 'CodeIgniter\Session\Handlers\FileHandler' driver.
INFO - 2024-06-24 04:09:57 --> Session: Class initialized using 'CodeIgniter\Session\Handlers\FileHandler' driver.
INFO - 2024-06-24 04:09:57 --> Cart Class Initialized
INFO - 2024-06-24 04:10:05 --> Session: Class initialized using 'CodeIgniter\Session\Handlers\FileHandler' driver.
INFO - 2024-06-24 04:10:05 --> Session: Class initialized using 'CodeIgniter\Session\Handlers\FileHandler' driver.
INFO - 2024-06-24 04:10:07 --> Session: Class initialized using 'CodeIgniter\Session\Handlers\FileHandler' driver.
INFO - 2024-06-24 04:10:10 --> Session: Class initialized using 'CodeIgniter\Session\Handlers\FileHandler' driver.
INFO - 2024-06-24 04:10:12 --> Session: Class initialized using 'CodeIgniter\Session\Handlers\FileHandler' driver.
INFO - 2024-06-24 04:10:26 --> Session: Class initialized using 'CodeIgniter\Session\Handlers\FileHandler' driver.
INFO - 2024-06-24 04:17:09 --> Session: Class initialized using 'CodeIgniter\Session\Handlers\FileHandler' driver.
INFO - 2024-06-24 04:19:49 --> Session: Class initialized using 'CodeIgniter\Session\Handlers\FileHandler' driver.
INFO - 2024-06-24 04:19:53 --> Session: Class initialized using 'CodeIgniter\Session\Handlers\FileHandler' driver.
INFO - 2024-06-24 04:19:53 --> Session: Class initialized using 'CodeIgniter\Session\Handlers\FileHandler' driver.
INFO - 2024-06-24 04:19:53 --> Cart Class Initialized
INFO - 2024-06-24 04:20:32 --> Session: Class initialized using 'CodeIgniter\Session\Handlers\FileHandler' driver.
INFO - 2024-06-24 04:20:32 --> Cart Class Initialized
INFO - 2024-06-24 04:21:01 --> Session: Class initialized using 'CodeIgniter\Session\Handlers\FileHandler' driver.
INFO - 2024-06-24 04:21:01 --> Cart Class Initialized
INFO - 2024-06-24 04:21:15 --> Session: Class initialized using 'CodeIgniter\Session\Handlers\FileHandler' driver.
INFO - 2024-06-24 04:21:15 --> Cart Class Initialized
INFO - 2024-06-24 04:21:47 --> Session: Class initialized using 'CodeIgniter\Session\Handlers\FileHandler' driver.
INFO - 2024-06-24 04:21:47 --> Cart Class Initialized
INFO - 2024-06-24 04:22:04 --> Session: Class initialized using 'CodeIgniter\Session\Handlers\FileHandler' driver.
INFO - 2024-06-24 04:22:04 --> Cart Class Initialized
INFO - 2024-06-24 04:22:11 --> Session: Class initialized using 'CodeIgniter\Session\Handlers\FileHandler' driver.
INFO - 2024-06-24 04:22:11 --> Cart Class Initialized
INFO - 2024-06-24 04:22:45 --> Session: Class initialized using 'CodeIgniter\Session\Handlers\FileHandler' driver.
INFO - 2024-06-24 04:22:45 --> Cart Class Initialized
INFO - 2024-06-24 04:22:51 --> Session: Class initialized using 'CodeIgniter\Session\Handlers\FileHandler' driver.
INFO - 2024-06-24 04:22:51 --> Cart Class Initialized
INFO - 2024-06-24 04:23:43 --> Session: Class initialized using 'CodeIgniter\Session\Handlers\FileHandler' driver.
INFO - 2024-06-24 04:23:43 --> Cart Class Initialized
INFO - 2024-06-24 04:23:50 --> Session: Class initialized using 'CodeIgniter\Session\Handlers\FileHandler' driver.
INFO - 2024-06-24 04:23:50 --> Cart Class Initialized
INFO - 2024-06-24 04:24:02 --> Session: Class initialized using 'CodeIgniter\Session\Handlers\FileHandler' driver.
INFO - 2024-06-24 04:24:02 --> Cart Class Initialized
INFO - 2024-06-24 04:24:09 --> Session: Class initialized using 'CodeIgniter\Session\Handlers\FileHandler' driver.
INFO - 2024-06-24 04:24:09 --> Cart Class Initialized
INFO - 2024-06-24 04:26:20 --> Session: Class initialized using 'CodeIgniter\Session\Handlers\FileHandler' driver.
INFO - 2024-06-24 04:26:20 --> Cart Class Initialized
INFO - 2024-06-24 04:26:22 --> Session: Class initialized using 'CodeIgniter\Session\Handlers\FileHandler' driver.
INFO - 2024-06-24 04:26:22 --> Cart Class Initialized
INFO - 2024-06-24 04:26:43 --> Session: Class initialized using 'CodeIgniter\Session\Handlers\FileHandler' driver.
INFO - 2024-06-24 04:26:43 --> Cart Class Initialized
INFO - 2024-06-24 04:26:44 --> Session: Class initialized using 'CodeIgniter\Session\Handlers\FileHandler' driver.
INFO - 2024-06-24 04:26:44 --> Cart Class Initialized
INFO - 2024-06-24 04:26:50 --> Session: Class initialized using 'CodeIgniter\Session\Handlers\FileHandler' driver.
INFO - 2024-06-24 04:26:50 --> Cart Class Initialized
INFO - 2024-06-24 04:27:01 --> Session: Class initialized using 'CodeIgniter\Session\Handlers\FileHandler' driver.
INFO - 2024-06-24 04:27:01 --> Cart Class Initialized
INFO - 2024-06-24 04:27:03 --> Session: Class initialized using 'CodeIgniter\Session\Handlers\FileHandler' driver.
INFO - 2024-06-24 04:27:03 --> Cart Class Initialized
INFO - 2024-06-24 04:27:10 --> Session: Class initialized using 'CodeIgniter\Session\Handlers\FileHandler' driver.
INFO - 2024-06-24 04:27:10 --> Cart Class Initialized
INFO - 2024-06-24 04:27:18 --> Session: Class initialized using 'CodeIgniter\Session\Handlers\FileHandler' driver.
INFO - 2024-06-24 04:27:18 --> Cart Class Initialized
INFO - 2024-06-24 04:27:22 --> Session: Class initialized using 'CodeIgniter\Session\Handlers\FileHandler' driver.
INFO - 2024-06-24 04:27:22 --> Cart Class Initialized
INFO - 2024-06-24 04:27:29 --> Session: Class initialized using 'CodeIgniter\Session\Handlers\FileHandler' driver.
INFO - 2024-06-24 04:27:29 --> Cart Class Initialized
INFO - 2024-06-24 04:27:36 --> Session: Class initialized using 'CodeIgniter\Session\Handlers\FileHandler' driver.
INFO - 2024-06-24 04:27:36 --> Cart Class Initialized
INFO - 2024-06-24 04:28:30 --> Session: Class initialized using 'CodeIgniter\Session\Handlers\FileHandler' driver.
INFO - 2024-06-24 04:28:30 --> Cart Class Initialized
INFO - 2024-06-24 04:28:33 --> Session: Class initialized using 'CodeIgniter\Session\Handlers\FileHandler' driver.
INFO - 2024-06-24 04:28:33 --> Cart Class Initialized
INFO - 2024-06-24 04:29:00 --> Session: Class initialized using 'CodeIgniter\Session\Handlers\FileHandler' driver.
INFO - 2024-06-24 04:29:00 --> Cart Class Initialized
INFO - 2024-06-24 04:29:09 --> Session: Class initialized using 'CodeIgniter\Session\Handlers\FileHandler' driver.
INFO - 2024-06-24 04:29:09 --> Cart Class Initialized
INFO - 2024-06-24 04:29:17 --> Session: Class initialized using 'CodeIgniter\Session\Handlers\FileHandler' driver.
INFO - 2024-06-24 04:29:17 --> Cart Class Initialized
INFO - 2024-06-24 04:29:48 --> Session: Class initialized using 'CodeIgniter\Session\Handlers\FileHandler' driver.
INFO - 2024-06-24 04:29:48 --> Cart Class Initialized
INFO - 2024-06-24 04:29:57 --> Session: Class initialized using 'CodeIgniter\Session\Handlers\FileHandler' driver.
INFO - 2024-06-24 04:29:57 --> Cart Class Initialized
INFO - 2024-06-24 04:30:10 --> Session: Class initialized using 'CodeIgniter\Session\Handlers\FileHandler' driver.
INFO - 2024-06-24 04:30:10 --> Cart Class Initialized
INFO - 2024-06-24 04:30:17 --> Session: Class initialized using 'CodeIgniter\Session\Handlers\FileHandler' driver.
INFO - 2024-06-24 04:30:17 --> Cart Class Initialized
INFO - 2024-06-24 04:30:45 --> Session: Class initialized using 'CodeIgniter\Session\Handlers\FileHandler' driver.
INFO - 2024-06-24 04:30:45 --> Cart Class Initialized
INFO - 2024-06-24 04:30:46 --> Session: Class initialized using 'CodeIgniter\Session\Handlers\FileHandler' driver.
INFO - 2024-06-24 04:30:46 --> Cart Class Initialized
INFO - 2024-06-24 04:30:53 --> Session: Class initialized using 'CodeIgniter\Session\Handlers\FileHandler' driver.
INFO - 2024-06-24 04:30:53 --> Cart Class Initialized
INFO - 2024-06-24 04:31:01 --> Session: Class initialized using 'CodeIgniter\Session\Handlers\FileHandler' driver.
INFO - 2024-06-24 04:31:01 --> Cart Class Initialized
INFO - 2024-06-24 04:31:26 --> Session: Class initialized using 'CodeIgniter\Session\Handlers\FileHandler' driver.
INFO - 2024-06-24 04:31:26 --> Cart Class Initialized
INFO - 2024-06-24 04:31:27 --> Session: Class initialized using 'CodeIgniter\Session\Handlers\FileHandler' driver.
INFO - 2024-06-24 04:31:27 --> Cart Class Initialized
INFO - 2024-06-24 04:31:33 --> Session: Class initialized using 'CodeIgniter\Session\Handlers\FileHandler' driver.
INFO - 2024-06-24 04:31:33 --> Cart Class Initialized
INFO - 2024-06-24 04:31:41 --> Session: Class initialized using 'CodeIgniter\Session\Handlers\FileHandler' driver.
INFO - 2024-06-24 04:31:41 --> Cart Class Initialized
INFO - 2024-06-24 04:31:44 --> Session: Class initialized using 'CodeIgniter\Session\Handlers\FileHandler' driver.
INFO - 2024-06-24 04:31:44 --> Cart Class Initialized
INFO - 2024-06-24 04:33:02 --> Session: Class initialized using 'CodeIgniter\Session\Handlers\FileHandler' driver.
INFO - 2024-06-24 04:33:02 --> Cart Class Initialized
INFO - 2024-06-24 04:33:03 --> Session: Class initialized using 'CodeIgniter\Session\Handlers\FileHandler' driver.
INFO - 2024-06-24 04:33:03 --> Cart Class Initialized
INFO - 2024-06-24 04:33:42 --> Session: Class initialized using 'CodeIgniter\Session\Handlers\FileHandler' driver.
INFO - 2024-06-24 04:33:42 --> Cart Class Initialized
INFO - 2024-06-24 04:34:01 --> Session: Class initialized using 'CodeIgniter\Session\Handlers\FileHandler' driver.
INFO - 2024-06-24 04:34:01 --> Cart Class Initialized
INFO - 2024-06-24 04:35:18 --> Session: Class initialized using 'CodeIgniter\Session\Handlers\FileHandler' driver.
INFO - 2024-06-24 04:35:18 --> Cart Class Initialized
INFO - 2024-06-24 04:35:40 --> Session: Class initialized using 'CodeIgniter\Session\Handlers\FileHandler' driver.
INFO - 2024-06-24 04:35:40 --> Cart Class Initialized
INFO - 2024-06-24 04:35:58 --> Session: Class initialized using 'CodeIgniter\Session\Handlers\FileHandler' driver.
INFO - 2024-06-24 04:35:58 --> Cart Class Initialized
INFO - 2024-06-24 04:36:03 --> Session: Class initialized using 'CodeIgniter\Session\Handlers\FileHandler' driver.
INFO - 2024-06-24 04:36:03 --> Cart Class Initialized
INFO - 2024-06-24 04:36:09 --> Session: Class initialized using 'CodeIgniter\Session\Handlers\FileHandler' driver.
INFO - 2024-06-24 04:36:09 --> Cart Class Initialized
INFO - 2024-06-24 04:36:16 --> Session: Class initialized using 'CodeIgniter\Session\Handlers\FileHandler' driver.
INFO - 2024-06-24 04:36:16 --> Cart Class Initialized
INFO - 2024-06-24 04:36:34 --> Session: Class initialized using 'CodeIgniter\Session\Handlers\FileHandler' driver.
INFO - 2024-06-24 04:36:34 --> Cart Class Initialized
INFO - 2024-06-24 04:36:40 --> Session: Class initialized using 'CodeIgniter\Session\Handlers\FileHandler' driver.
INFO - 2024-06-24 04:36:40 --> Cart Class Initialized
INFO - 2024-06-24 04:37:08 --> Session: Class initialized using 'CodeIgniter\Session\Handlers\FileHandler' driver.
INFO - 2024-06-24 04:37:08 --> Cart Class Initialized
INFO - 2024-06-24 04:37:22 --> Session: Class initialized using 'CodeIgniter\Session\Handlers\FileHandler' driver.
INFO - 2024-06-24 04:37:22 --> Cart Class Initialized
INFO - 2024-06-24 04:37:28 --> Session: Class initialized using 'CodeIgniter\Session\Handlers\FileHandler' driver.
INFO - 2024-06-24 04:37:28 --> Cart Class Initialized
INFO - 2024-06-24 04:37:51 --> Session: Class initialized using 'CodeIgniter\Session\Handlers\FileHandler' driver.
INFO - 2024-06-24 04:37:51 --> Cart Class Initialized
INFO - 2024-06-24 04:37:56 --> Session: Class initialized using 'CodeIgniter\Session\Handlers\FileHandler' driver.
INFO - 2024-06-24 04:37:56 --> Cart Class Initialized
INFO - 2024-06-24 04:38:21 --> Session: Class initialized using 'CodeIgniter\Session\Handlers\FileHandler' driver.
INFO - 2024-06-24 04:38:21 --> Cart Class Initialized
INFO - 2024-06-24 04:38:53 --> Session: Class initialized using 'CodeIgniter\Session\Handlers\FileHandler' driver.
INFO - 2024-06-24 04:38:53 --> Cart Class Initialized
INFO - 2024-06-24 04:39:29 --> Session: Class initialized using 'CodeIgniter\Session\Handlers\FileHandler' driver.
INFO - 2024-06-24 04:39:29 --> Cart Class Initialized
INFO - 2024-06-24 04:39:32 --> Session: Class initialized using 'CodeIgniter\Session\Handlers\FileHandler' driver.
INFO - 2024-06-24 04:39:32 --> Cart Class Initialized
INFO - 2024-06-24 04:39:55 --> Session: Class initialized using 'CodeIgniter\Session\Handlers\FileHandler' driver.
INFO - 2024-06-24 04:39:55 --> Cart Class Initialized
INFO - 2024-06-24 04:40:18 --> Session: Class initialized using 'CodeIgniter\Session\Handlers\FileHandler' driver.
INFO - 2024-06-24 04:40:18 --> Cart Class Initialized
INFO - 2024-06-24 04:40:20 --> Session: Class initialized using 'CodeIgniter\Session\Handlers\FileHandler' driver.
INFO - 2024-06-24 04:40:20 --> Cart Class Initialized
INFO - 2024-06-24 04:40:20 --> Session: Class initialized using 'CodeIgniter\Session\Handlers\FileHandler' driver.
INFO - 2024-06-24 04:40:20 --> Cart Class Initialized
INFO - 2024-06-24 04:40:47 --> Session: Class initialized using 'CodeIgniter\Session\Handlers\FileHandler' driver.
INFO - 2024-06-24 04:40:47 --> Cart Class Initialized
INFO - 2024-06-24 04:40:52 --> Session: Class initialized using 'CodeIgniter\Session\Handlers\FileHandler' driver.
INFO - 2024-06-24 04:40:52 --> Cart Class Initialized
INFO - 2024-06-24 04:41:33 --> Session: Class initialized using 'CodeIgniter\Session\Handlers\FileHandler' driver.
INFO - 2024-06-24 04:41:33 --> Cart Class Initialized
INFO - 2024-06-24 04:41:49 --> Session: Class initialized using 'CodeIgniter\Session\Handlers\FileHandler' driver.
INFO - 2024-06-24 04:41:49 --> Cart Class Initialized
INFO - 2024-06-24 04:42:00 --> Session: Class initialized using 'CodeIgniter\Session\Handlers\FileHandler' driver.
INFO - 2024-06-24 04:42:00 --> Cart Class Initialized
INFO - 2024-06-24 04:42:13 --> Session: Class initialized using 'CodeIgniter\Session\Handlers\FileHandler' driver.
INFO - 2024-06-24 04:42:13 --> Cart Class Initialized
INFO - 2024-06-24 04:42:22 --> Session: Class initialized using 'CodeIgniter\Session\Handlers\FileHandler' driver.
INFO - 2024-06-24 04:42:22 --> Cart Class Initialized
INFO - 2024-06-24 04:42:29 --> Session: Class initialized using 'CodeIgniter\Session\Handlers\FileHandler' driver.
INFO - 2024-06-24 04:42:29 --> Cart Class Initialized
INFO - 2024-06-24 04:43:04 --> Session: Class initialized using 'CodeIgniter\Session\Handlers\FileHandler' driver.
INFO - 2024-06-24 04:43:04 --> Cart Class Initialized
INFO - 2024-06-24 04:44:02 --> Session: Class initialized using 'CodeIgniter\Session\Handlers\FileHandler' driver.
INFO - 2024-06-24 04:44:02 --> Cart Class Initialized
INFO - 2024-06-24 04:44:13 --> Session: Class initialized using 'CodeIgniter\Session\Handlers\FileHandler' driver.
INFO - 2024-06-24 04:44:13 --> Cart Class Initialized
INFO - 2024-06-24 04:44:26 --> Session: Class initialized using 'CodeIgniter\Session\Handlers\FileHandler' driver.
INFO - 2024-06-24 04:44:26 --> Cart Class Initialized
INFO - 2024-06-24 04:44:38 --> Session: Class initialized using 'CodeIgniter\Session\Handlers\FileHandler' driver.
INFO - 2024-06-24 04:44:38 --> Cart Class Initialized
INFO - 2024-06-24 04:44:47 --> Session: Class initialized using 'CodeIgniter\Session\Handlers\FileHandler' driver.
INFO - 2024-06-24 04:44:47 --> Cart Class Initialized
INFO - 2024-06-24 04:44:59 --> Session: Class initialized using 'CodeIgniter\Session\Handlers\FileHandler' driver.
INFO - 2024-06-24 04:44:59 --> Cart Class Initialized
INFO - 2024-06-24 04:45:12 --> Session: Class initialized using 'CodeIgniter\Session\Handlers\FileHandler' driver.
INFO - 2024-06-24 04:45:12 --> Cart Class Initialized
INFO - 2024-06-24 04:45:18 --> Session: Class initialized using 'CodeIgniter\Session\Handlers\FileHandler' driver.
INFO - 2024-06-24 04:45:18 --> Cart Class Initialized
INFO - 2024-06-24 04:45:26 --> Session: Class initialized using 'CodeIgniter\Session\Handlers\FileHandler' driver.
INFO - 2024-06-24 04:45:26 --> Cart Class Initialized
INFO - 2024-06-24 04:45:35 --> Session: Class initialized using 'CodeIgniter\Session\Handlers\FileHandler' driver.
INFO - 2024-06-24 04:45:35 --> Cart Class Initialized
INFO - 2024-06-24 04:45:47 --> Session: Class initialized using 'CodeIgniter\Session\Handlers\FileHandler' driver.
INFO - 2024-06-24 04:45:47 --> Cart Class Initialized
INFO - 2024-06-24 04:45:57 --> Session: Class initialized using 'CodeIgniter\Session\Handlers\FileHandler' driver.
INFO - 2024-06-24 04:45:57 --> Cart Class Initialized
INFO - 2024-06-24 04:46:12 --> Session: Class initialized using 'CodeIgniter\Session\Handlers\FileHandler' driver.
INFO - 2024-06-24 04:46:12 --> Cart Class Initialized
INFO - 2024-06-24 04:46:16 --> Session: Class initialized using 'CodeIgniter\Session\Handlers\FileHandler' driver.
INFO - 2024-06-24 04:46:16 --> Cart Class Initialized
INFO - 2024-06-24 04:46:23 --> Session: Class initialized using 'CodeIgniter\Session\Handlers\FileHandler' driver.
INFO - 2024-06-24 04:46:23 --> Cart Class Initialized
INFO - 2024-06-24 04:46:34 --> Session: Class initialized using 'CodeIgniter\Session\Handlers\FileHandler' driver.
INFO - 2024-06-24 04:46:34 --> Cart Class Initialized
INFO - 2024-06-24 04:47:03 --> Session: Class initialized using 'CodeIgniter\Session\Handlers\FileHandler' driver.
INFO - 2024-06-24 04:47:03 --> Cart Class Initialized
INFO - 2024-06-24 04:47:08 --> Session: Class initialized using 'CodeIgniter\Session\Handlers\FileHandler' driver.
INFO - 2024-06-24 04:47:08 --> Cart Class Initialized
INFO - 2024-06-24 04:47:22 --> Session: Class initialized using 'CodeIgniter\Session\Handlers\FileHandler' driver.
INFO - 2024-06-24 04:47:22 --> Cart Class Initialized
INFO - 2024-06-24 04:47:30 --> Session: Class initialized using 'CodeIgniter\Session\Handlers\FileHandler' driver.
INFO - 2024-06-24 04:47:30 --> Cart Class Initialized
INFO - 2024-06-24 04:47:36 --> Session: Class initialized using 'CodeIgniter\Session\Handlers\FileHandler' driver.
INFO - 2024-06-24 04:47:36 --> Cart Class Initialized
INFO - 2024-06-24 04:47:44 --> Session: Class initialized using 'CodeIgniter\Session\Handlers\FileHandler' driver.
INFO - 2024-06-24 04:47:44 --> Cart Class Initialized
INFO - 2024-06-24 04:47:50 --> Session: Class initialized using 'CodeIgniter\Session\Handlers\FileHandler' driver.
INFO - 2024-06-24 04:47:50 --> Cart Class Initialized
INFO - 2024-06-24 04:48:23 --> Session: Class initialized using 'CodeIgniter\Session\Handlers\FileHandler' driver.
INFO - 2024-06-24 04:48:23 --> Cart Class Initialized
INFO - 2024-06-24 04:48:30 --> Session: Class initialized using 'CodeIgniter\Session\Handlers\FileHandler' driver.
INFO - 2024-06-24 04:48:30 --> Cart Class Initialized
INFO - 2024-06-24 04:48:44 --> Session: Class initialized using 'CodeIgniter\Session\Handlers\FileHandler' driver.
INFO - 2024-06-24 04:48:44 --> Cart Class Initialized
INFO - 2024-06-24 04:49:00 --> Session: Class initialized using 'CodeIgniter\Session\Handlers\FileHandler' driver.
INFO - 2024-06-24 04:49:00 --> Cart Class Initialized
INFO - 2024-06-24 04:49:11 --> Session: Class initialized using 'CodeIgniter\Session\Handlers\FileHandler' driver.
INFO - 2024-06-24 04:49:11 --> Cart Class Initialized
INFO - 2024-06-24 04:49:27 --> Session: Class initialized using 'CodeIgniter\Session\Handlers\FileHandler' driver.
INFO - 2024-06-24 04:49:27 --> Cart Class Initialized
INFO - 2024-06-24 04:49:39 --> Session: Class initialized using 'CodeIgniter\Session\Handlers\FileHandler' driver.
INFO - 2024-06-24 04:49:39 --> Cart Class Initialized
INFO - 2024-06-24 04:51:29 --> Session: Class initialized using 'CodeIgniter\Session\Handlers\FileHandler' driver.
INFO - 2024-06-24 04:51:29 --> Cart Class Initialized
INFO - 2024-06-24 04:51:39 --> Session: Class initialized using 'CodeIgniter\Session\Handlers\FileHandler' driver.
INFO - 2024-06-24 04:51:39 --> Cart Class Initialized
INFO - 2024-06-24 04:51:53 --> Session: Class initialized using 'CodeIgniter\Session\Handlers\FileHandler' driver.
INFO - 2024-06-24 04:51:53 --> Cart Class Initialized
INFO - 2024-06-24 04:52:12 --> Session: Class initialized using 'CodeIgniter\Session\Handlers\FileHandler' driver.
INFO - 2024-06-24 04:52:12 --> Session: Class initialized using 'CodeIgniter\Session\Handlers\FileHandler' driver.
INFO - 2024-06-24 04:52:45 --> Session: Class initialized using 'CodeIgniter\Session\Handlers\FileHandler' driver.
INFO - 2024-06-24 04:52:50 --> Session: Class initialized using 'CodeIgniter\Session\Handlers\FileHandler' driver.
INFO - 2024-06-24 04:52:55 --> Session: Class initialized using 'CodeIgniter\Session\Handlers\FileHandler' driver.
INFO - 2024-06-24 04:53:00 --> Session: Class initialized using 'CodeIgniter\Session\Handlers\FileHandler' driver.
INFO - 2024-06-24 04:53:11 --> Session: Class initialized using 'CodeIgniter\Session\Handlers\FileHandler' driver.
INFO - 2024-06-24 04:53:11 --> Cart Class Initialized
CRITICAL - 2024-06-24 04:53:11 --> Object of class CodeIgniterCart\Cart could not be converted to string
in APPPATH\Views\front\plantilla\layout.php on line 103.
 1 SYSTEMPATH\View\View.php(213): include()
 2 SYSTEMPATH\View\View.php(216): CodeIgniter\View\View->CodeIgniter\View\{closure}()
 3 SYSTEMPATH\View\View.php(229): CodeIgniter\View\View->render('front/plantilla/layout', [], true)
 4 SYSTEMPATH\Common.php(1184): CodeIgniter\View\View->render('front/carrito', [], true)
 5 APPPATH\Controllers\Cart.php(27): view('front/carrito', [...])
 6 SYSTEMPATH\CodeIgniter.php(934): App\Controllers\Cart->index()
 7 SYSTEMPATH\CodeIgniter.php(499): CodeIgniter\CodeIgniter->runController(Object(App\Controllers\Cart))
 8 SYSTEMPATH\CodeIgniter.php(368): CodeIgniter\CodeIgniter->handleRequest(null, Object(Config\Cache), false)
 9 FCPATH\index.php(68): CodeIgniter\CodeIgniter->run()
INFO - 2024-06-24 04:53:24 --> Session: Class initialized using 'CodeIgniter\Session\Handlers\FileHandler' driver.
INFO - 2024-06-24 04:53:24 --> Cart Class Initialized
CRITICAL - 2024-06-24 04:53:24 --> Object of class CodeIgniterCart\Cart could not be converted to string
in APPPATH\Views\front\plantilla\layout.php on line 103.
 1 SYSTEMPATH\View\View.php(213): include()
 2 SYSTEMPATH\View\View.php(216): CodeIgniter\View\View->CodeIgniter\View\{closure}()
 3 SYSTEMPATH\View\View.php(229): CodeIgniter\View\View->render('front/plantilla/layout', [], true)
 4 SYSTEMPATH\Common.php(1184): CodeIgniter\View\View->render('front/carrito', [], true)
 5 APPPATH\Controllers\Cart.php(27): view('front/carrito', [...])
 6 SYSTEMPATH\CodeIgniter.php(934): App\Controllers\Cart->index()
 7 SYSTEMPATH\CodeIgniter.php(499): CodeIgniter\CodeIgniter->runController(Object(App\Controllers\Cart))
 8 SYSTEMPATH\CodeIgniter.php(368): CodeIgniter\CodeIgniter->handleRequest(null, Object(Config\Cache), false)
 9 FCPATH\index.php(68): CodeIgniter\CodeIgniter->run()
INFO - 2024-06-24 04:53:25 --> Session: Class initialized using 'CodeIgniter\Session\Handlers\FileHandler' driver.
INFO - 2024-06-24 04:53:27 --> Session: Class initialized using 'CodeIgniter\Session\Handlers\FileHandler' driver.
INFO - 2024-06-24 04:53:27 --> Cart Class Initialized
CRITICAL - 2024-06-24 04:53:27 --> Object of class CodeIgniterCart\Cart could not be converted to string
in APPPATH\Views\front\plantilla\layout.php on line 103.
 1 SYSTEMPATH\View\View.php(213): include()
 2 SYSTEMPATH\View\View.php(216): CodeIgniter\View\View->CodeIgniter\View\{closure}()
 3 SYSTEMPATH\View\View.php(229): CodeIgniter\View\View->render('front/plantilla/layout', [], true)
 4 SYSTEMPATH\Common.php(1184): CodeIgniter\View\View->render('front/carrito', [], true)
 5 APPPATH\Controllers\Cart.php(27): view('front/carrito', [...])
 6 SYSTEMPATH\CodeIgniter.php(934): App\Controllers\Cart->index()
 7 SYSTEMPATH\CodeIgniter.php(499): CodeIgniter\CodeIgniter->runController(Object(App\Controllers\Cart))
 8 SYSTEMPATH\CodeIgniter.php(368): CodeIgniter\CodeIgniter->handleRequest(null, Object(Config\Cache), false)
 9 FCPATH\index.php(68): CodeIgniter\CodeIgniter->run()
INFO - 2024-06-24 04:53:28 --> Session: Class initialized using 'CodeIgniter\Session\Handlers\FileHandler' driver.
INFO - 2024-06-24 04:53:58 --> Session: Class initialized using 'CodeIgniter\Session\Handlers\FileHandler' driver.
INFO - 2024-06-24 04:54:00 --> Session: Class initialized using 'CodeIgniter\Session\Handlers\FileHandler' driver.
INFO - 2024-06-24 04:54:01 --> Session: Class initialized using 'CodeIgniter\Session\Handlers\FileHandler' driver.
INFO - 2024-06-24 04:54:01 --> Cart Class Initialized
INFO - 2024-06-24 04:54:01 --> Session: Class initialized using 'CodeIgniter\Session\Handlers\FileHandler' driver.
INFO - 2024-06-24 04:54:33 --> Session: Class initialized using 'CodeIgniter\Session\Handlers\FileHandler' driver.
INFO - 2024-06-24 04:54:38 --> Session: Class initialized using 'CodeIgniter\Session\Handlers\FileHandler' driver.
INFO - 2024-06-24 04:54:38 --> Cart Class Initialized
INFO - 2024-06-24 04:54:38 --> Session: Class initialized using 'CodeIgniter\Session\Handlers\FileHandler' driver.
INFO - 2024-06-24 04:54:39 --> Session: Class initialized using 'CodeIgniter\Session\Handlers\FileHandler' driver.
INFO - 2024-06-24 04:54:39 --> Cart Class Initialized
INFO - 2024-06-24 04:54:40 --> Session: Class initialized using 'CodeIgniter\Session\Handlers\FileHandler' driver.
INFO - 2024-06-24 04:54:41 --> Session: Class initialized using 'CodeIgniter\Session\Handlers\FileHandler' driver.
INFO - 2024-06-24 04:54:49 --> Session: Class initialized using 'CodeIgniter\Session\Handlers\FileHandler' driver.
INFO - 2024-06-24 04:54:49 --> Session: Class initialized using 'CodeIgniter\Session\Handlers\FileHandler' driver.
INFO - 2024-06-24 04:54:49 --> Cart Class Initialized
INFO - 2024-06-24 04:55:00 --> Session: Class initialized using 'CodeIgniter\Session\Handlers\FileHandler' driver.
INFO - 2024-06-24 04:55:00 --> Cart Class Initialized
INFO - 2024-06-24 04:55:03 --> Session: Class initialized using 'CodeIgniter\Session\Handlers\FileHandler' driver.
INFO - 2024-06-24 04:55:03 --> Session: Class initialized using 'CodeIgniter\Session\Handlers\FileHandler' driver.
INFO - 2024-06-24 04:55:12 --> Session: Class initialized using 'CodeIgniter\Session\Handlers\FileHandler' driver.
INFO - 2024-06-24 04:55:14 --> Session: Class initialized using 'CodeIgniter\Session\Handlers\FileHandler' driver.
INFO - 2024-06-24 04:55:14 --> Cart Class Initialized
INFO - 2024-06-24 04:55:14 --> Session: Class initialized using 'CodeIgniter\Session\Handlers\FileHandler' driver.
INFO - 2024-06-24 04:56:41 --> Session: Class initialized using 'CodeIgniter\Session\Handlers\FileHandler' driver.
INFO - 2024-06-24 04:56:41 --> Cart Class Initialized
INFO - 2024-06-24 04:56:41 --> Session: Class initialized using 'CodeIgniter\Session\Handlers\FileHandler' driver.
INFO - 2024-06-24 04:56:44 --> Session: Class initialized using 'CodeIgniter\Session\Handlers\FileHandler' driver.
INFO - 2024-06-24 04:56:44 --> Cart Class Initialized
INFO - 2024-06-24 04:56:44 --> Session: Class initialized using 'CodeIgniter\Session\Handlers\FileHandler' driver.
INFO - 2024-06-24 04:56:56 --> Session: Class initialized using 'CodeIgniter\Session\Handlers\FileHandler' driver.
INFO - 2024-06-24 04:58:21 --> Session: Class initialized using 'CodeIgniter\Session\Handlers\FileHandler' driver.
INFO - 2024-06-24 04:58:21 --> Cart Class Initialized
INFO - 2024-06-24 04:58:23 --> Session: Class initialized using 'CodeIgniter\Session\Handlers\FileHandler' driver.
INFO - 2024-06-24 04:58:23 --> Cart Class Initialized
INFO - 2024-06-24 05:44:37 --> Session: Class initialized using 'CodeIgniter\Session\Handlers\FileHandler' driver.
INFO - 2024-06-24 05:44:37 --> Cart Class Initialized
INFO - 2024-06-24 05:44:42 --> Session: Class initialized using 'CodeIgniter\Session\Handlers\FileHandler' driver.
INFO - 2024-06-24 05:44:42 --> Cart Class Initialized
INFO - 2024-06-24 07:13:55 --> Session: Class initialized using 'CodeIgniter\Session\Handlers\FileHandler' driver.
INFO - 2024-06-24 07:13:55 --> Cart Class Initialized
INFO - 2024-06-24 07:14:04 --> Session: Class initialized using 'CodeIgniter\Session\Handlers\FileHandler' driver.
INFO - 2024-06-24 07:14:04 --> Cart Class Initialized
INFO - 2024-06-24 07:14:19 --> Session: Class initialized using 'CodeIgniter\Session\Handlers\FileHandler' driver.
INFO - 2024-06-24 07:14:19 --> Cart Class Initialized
INFO - 2024-06-24 07:14:20 --> Session: Class initialized using 'CodeIgniter\Session\Handlers\FileHandler' driver.
INFO - 2024-06-24 07:14:20 --> Cart Class Initialized
INFO - 2024-06-24 07:14:22 --> Session: Class initialized using 'CodeIgniter\Session\Handlers\FileHandler' driver.
INFO - 2024-06-24 07:14:22 --> Cart Class Initialized
INFO - 2024-06-24 07:14:29 --> Session: Class initialized using 'CodeIgniter\Session\Handlers\FileHandler' driver.
INFO - 2024-06-24 07:14:29 --> Cart Class Initialized
INFO - 2024-06-24 07:14:32 --> Session: Class initialized using 'CodeIgniter\Session\Handlers\FileHandler' driver.
INFO - 2024-06-24 07:14:32 --> Cart Class Initialized
INFO - 2024-06-24 07:14:34 --> Session: Class initialized using 'CodeIgniter\Session\Handlers\FileHandler' driver.
INFO - 2024-06-24 07:14:34 --> Cart Class Initialized
INFO - 2024-06-24 07:14:38 --> Session: Class initialized using 'CodeIgniter\Session\Handlers\FileHandler' driver.
INFO - 2024-06-24 07:14:38 --> Cart Class Initialized
INFO - 2024-06-24 07:14:46 --> Session: Class initialized using 'CodeIgniter\Session\Handlers\FileHandler' driver.
INFO - 2024-06-24 07:14:46 --> Cart Class Initialized
INFO - 2024-06-24 07:15:57 --> Session: Class initialized using 'CodeIgniter\Session\Handlers\FileHandler' driver.
INFO - 2024-06-24 07:15:57 --> Cart Class Initialized
INFO - 2024-06-24 07:16:30 --> Session: Class initialized using 'CodeIgniter\Session\Handlers\FileHandler' driver.
INFO - 2024-06-24 07:16:30 --> Cart Class Initialized
INFO - 2024-06-24 07:17:02 --> Session: Class initialized using 'CodeIgniter\Session\Handlers\FileHandler' driver.
INFO - 2024-06-24 07:17:02 --> Cart Class Initialized
INFO - 2024-06-24 15:42:09 --> Session: Class initialized using 'CodeIgniter\Session\Handlers\FileHandler' driver.
INFO - 2024-06-24 15:42:09 --> Cart Class Initialized
INFO - 2024-06-24 15:45:02 --> Session: Class initialized using 'CodeIgniter\Session\Handlers\FileHandler' driver.
INFO - 2024-06-24 15:45:02 --> Cart Class Initialized
INFO - 2024-06-24 15:45:04 --> Session: Class initialized using 'CodeIgniter\Session\Handlers\FileHandler' driver.
INFO - 2024-06-24 15:45:04 --> Cart Class Initialized
INFO - 2024-06-24 15:50:33 --> Session: Class initialized using 'CodeIgniter\Session\Handlers\FileHandler' driver.
INFO - 2024-06-24 15:50:33 --> Cart Class Initialized
INFO - 2024-06-24 15:50:33 --> Session: Class initialized using 'CodeIgniter\Session\Handlers\FileHandler' driver.
INFO - 2024-06-24 15:50:33 --> Cart Class Initialized
INFO - 2024-06-24 15:50:34 --> Session: Class initialized using 'CodeIgniter\Session\Handlers\FileHandler' driver.
INFO - 2024-06-24 15:50:34 --> Cart Class Initialized
INFO - 2024-06-24 15:50:34 --> Session: Class initialized using 'CodeIgniter\Session\Handlers\FileHandler' driver.
INFO - 2024-06-24 15:50:34 --> Cart Class Initialized
INFO - 2024-06-24 15:52:13 --> Session: Class initialized using 'CodeIgniter\Session\Handlers\FileHandler' driver.
INFO - 2024-06-24 15:52:13 --> Cart Class Initialized
INFO - 2024-06-24 15:52:17 --> Session: Class initialized using 'CodeIgniter\Session\Handlers\FileHandler' driver.
INFO - 2024-06-24 15:52:17 --> Cart Class Initialized
CRITICAL - 2024-06-24 15:52:17 --> Trying to access array offset on value of type bool
in APPPATH\Controllers\Cart.php on line 54.
 1 APPPATH\Controllers\Cart.php(54): CodeIgniter\Debug\Exceptions->errorHandler(2, 'Trying to access array offset on value of type bool', 'APPPATH\\Controllers\\Cart.php', 54)
 2 SYSTEMPATH\CodeIgniter.php(934): App\Controllers\Cart->add('1')
 3 SYSTEMPATH\CodeIgniter.php(499): CodeIgniter\CodeIgniter->runController(Object(App\Controllers\Cart))
 4 SYSTEMPATH\CodeIgniter.php(368): CodeIgniter\CodeIgniter->handleRequest(null, Object(Config\Cache), false)
 5 FCPATH\index.php(68): CodeIgniter\CodeIgniter->run()
INFO - 2024-06-24 15:53:39 --> Session: Class initialized using 'CodeIgniter\Session\Handlers\FileHandler' driver.
INFO - 2024-06-24 15:53:40 --> Cart Class Initialized
INFO - 2024-06-24 15:55:42 --> Session: Class initialized using 'CodeIgniter\Session\Handlers\FileHandler' driver.
INFO - 2024-06-24 15:55:42 --> Cart Class Initialized
CRITICAL - 2024-06-24 15:55:42 --> Trying to access array offset on value of type bool
in APPPATH\Controllers\Cart.php on line 54.
 1 APPPATH\Controllers\Cart.php(54): CodeIgniter\Debug\Exceptions->errorHandler(2, 'Trying to access array offset on value of type bool', 'APPPATH\\Controllers\\Cart.php', 54)
 2 SYSTEMPATH\CodeIgniter.php(934): App\Controllers\Cart->add('1')
 3 SYSTEMPATH\CodeIgniter.php(499): CodeIgniter\CodeIgniter->runController(Object(App\Controllers\Cart))
 4 SYSTEMPATH\CodeIgniter.php(368): CodeIgniter\CodeIgniter->handleRequest(null, Object(Config\Cache), false)
 5 FCPATH\index.php(68): CodeIgniter\CodeIgniter->run()
INFO - 2024-06-24 15:59:05 --> Session: Class initialized using 'CodeIgniter\Session\Handlers\FileHandler' driver.
INFO - 2024-06-24 15:59:05 --> Cart Class Initialized
INFO - 2024-06-24 15:59:58 --> Session: Class initialized using 'CodeIgniter\Session\Handlers\FileHandler' driver.
INFO - 2024-06-24 15:59:58 --> Cart Class Initialized
INFO - 2024-06-24 16:00:06 --> Session: Class initialized using 'CodeIgniter\Session\Handlers\FileHandler' driver.
INFO - 2024-06-24 16:00:06 --> Cart Class Initialized
INFO - 2024-06-24 16:00:07 --> Session: Class initialized using 'CodeIgniter\Session\Handlers\FileHandler' driver.
INFO - 2024-06-24 16:00:07 --> Cart Class Initialized
INFO - 2024-06-24 16:01:10 --> Session: Class initialized using 'CodeIgniter\Session\Handlers\FileHandler' driver.
CRITICAL - 2024-06-24 16:01:10 --> Undefined variable $producto2
in APPPATH\Views\front\catalogue.php on line 28.
 1 APPPATH\Views\front\catalogue.php(28): CodeIgniter\Debug\Exceptions->errorHandler(2, 'Undefined variable $producto2', 'APPPATH\\Views\\front\\catalogue.php', 28)
 2 SYSTEMPATH\View\View.php(213): include('APPPATH\\Views\\front\\catalogue.php')
 3 SYSTEMPATH\View\View.php(216): CodeIgniter\View\View->CodeIgniter\View\{closure}()
 4 SYSTEMPATH\Common.php(1184): CodeIgniter\View\View->render('front/catalogue', [], true)
 5 APPPATH\Controllers\Catalogue.php(15): view('front/catalogue', [...])
 6 SYSTEMPATH\CodeIgniter.php(934): App\Controllers\Catalogue->index()
 7 SYSTEMPATH\CodeIgniter.php(499): CodeIgniter\CodeIgniter->runController(Object(App\Controllers\Catalogue))
 8 SYSTEMPATH\CodeIgniter.php(368): CodeIgniter\CodeIgniter->handleRequest(null, Object(Config\Cache), false)
 9 FCPATH\index.php(68): CodeIgniter\CodeIgniter->run()
INFO - 2024-06-24 16:01:36 --> Session: Class initialized using 'CodeIgniter\Session\Handlers\FileHandler' driver.
CRITICAL - 2024-06-24 16:01:36 --> Undefined variable $producto2
in APPPATH\Views\front\catalogue.php on line 28.
 1 APPPATH\Views\front\catalogue.php(28): CodeIgniter\Debug\Exceptions->errorHandler(2, 'Undefined variable $producto2', 'APPPATH\\Views\\front\\catalogue.php', 28)
 2 SYSTEMPATH\View\View.php(213): include('APPPATH\\Views\\front\\catalogue.php')
 3 SYSTEMPATH\View\View.php(216): CodeIgniter\View\View->CodeIgniter\View\{closure}()
 4 SYSTEMPATH\Common.php(1184): CodeIgniter\View\View->render('front/catalogue', [], true)
 5 APPPATH\Controllers\Catalogue.php(15): view('front/catalogue', [...])
 6 SYSTEMPATH\CodeIgniter.php(934): App\Controllers\Catalogue->index()
 7 SYSTEMPATH\CodeIgniter.php(499): CodeIgniter\CodeIgniter->runController(Object(App\Controllers\Catalogue))
 8 SYSTEMPATH\CodeIgniter.php(368): CodeIgniter\CodeIgniter->handleRequest(null, Object(Config\Cache), false)
 9 FCPATH\index.php(68): CodeIgniter\CodeIgniter->run()
INFO - 2024-06-24 16:01:38 --> Session: Class initialized using 'CodeIgniter\Session\Handlers\FileHandler' driver.
CRITICAL - 2024-06-24 16:01:38 --> Undefined variable $producto2
in APPPATH\Views\front\catalogue.php on line 28.
 1 APPPATH\Views\front\catalogue.php(28): CodeIgniter\Debug\Exceptions->errorHandler(2, 'Undefined variable $producto2', 'APPPATH\\Views\\front\\catalogue.php', 28)
 2 SYSTEMPATH\View\View.php(213): include('APPPATH\\Views\\front\\catalogue.php')
 3 SYSTEMPATH\View\View.php(216): CodeIgniter\View\View->CodeIgniter\View\{closure}()
 4 SYSTEMPATH\Common.php(1184): CodeIgniter\View\View->render('front/catalogue', [], true)
 5 APPPATH\Controllers\Catalogue.php(15): view('front/catalogue', [...])
 6 SYSTEMPATH\CodeIgniter.php(934): App\Controllers\Catalogue->index()
 7 SYSTEMPATH\CodeIgniter.php(499): CodeIgniter\CodeIgniter->runController(Object(App\Controllers\Catalogue))
 8 SYSTEMPATH\CodeIgniter.php(368): CodeIgniter\CodeIgniter->handleRequest(null, Object(Config\Cache), false)
 9 FCPATH\index.php(68): CodeIgniter\CodeIgniter->run()
INFO - 2024-06-24 16:01:52 --> Session: Class initialized using 'CodeIgniter\Session\Handlers\FileHandler' driver.
INFO - 2024-06-24 16:01:52 --> Cart Class Initialized
INFO - 2024-06-24 16:02:34 --> Session: Class initialized using 'CodeIgniter\Session\Handlers\FileHandler' driver.
CRITICAL - 2024-06-24 16:02:34 --> Undefined variable $producto2
in APPPATH\Views\front\catalogue.php on line 28.
 1 APPPATH\Views\front\catalogue.php(28): CodeIgniter\Debug\Exceptions->errorHandler(2, 'Undefined variable $producto2', 'APPPATH\\Views\\front\\catalogue.php', 28)
 2 SYSTEMPATH\View\View.php(213): include('APPPATH\\Views\\front\\catalogue.php')
 3 SYSTEMPATH\View\View.php(216): CodeIgniter\View\View->CodeIgniter\View\{closure}()
 4 SYSTEMPATH\Common.php(1184): CodeIgniter\View\View->render('front/catalogue', [], true)
 5 APPPATH\Controllers\Catalogue.php(15): view('front/catalogue', [...])
 6 SYSTEMPATH\CodeIgniter.php(934): App\Controllers\Catalogue->index()
 7 SYSTEMPATH\CodeIgniter.php(499): CodeIgniter\CodeIgniter->runController(Object(App\Controllers\Catalogue))
 8 SYSTEMPATH\CodeIgniter.php(368): CodeIgniter\CodeIgniter->handleRequest(null, Object(Config\Cache), false)
 9 FCPATH\index.php(68): CodeIgniter\CodeIgniter->run()
INFO - 2024-06-24 16:02:36 --> Session: Class initialized using 'CodeIgniter\Session\Handlers\FileHandler' driver.
CRITICAL - 2024-06-24 16:02:36 --> Undefined variable $producto2
in APPPATH\Views\front\catalogue.php on line 28.
 1 APPPATH\Views\front\catalogue.php(28): CodeIgniter\Debug\Exceptions->errorHandler(2, 'Undefined variable $producto2', 'APPPATH\\Views\\front\\catalogue.php', 28)
 2 SYSTEMPATH\View\View.php(213): include('APPPATH\\Views\\front\\catalogue.php')
 3 SYSTEMPATH\View\View.php(216): CodeIgniter\View\View->CodeIgniter\View\{closure}()
 4 SYSTEMPATH\Common.php(1184): CodeIgniter\View\View->render('front/catalogue', [], true)
 5 APPPATH\Controllers\Catalogue.php(15): view('front/catalogue', [...])
 6 SYSTEMPATH\CodeIgniter.php(934): App\Controllers\Catalogue->index()
 7 SYSTEMPATH\CodeIgniter.php(499): CodeIgniter\CodeIgniter->runController(Object(App\Controllers\Catalogue))
 8 SYSTEMPATH\CodeIgniter.php(368): CodeIgniter\CodeIgniter->handleRequest(null, Object(Config\Cache), false)
 9 FCPATH\index.php(68): CodeIgniter\CodeIgniter->run()
INFO - 2024-06-24 16:02:42 --> Session: Class initialized using 'CodeIgniter\Session\Handlers\FileHandler' driver.
INFO - 2024-06-24 16:02:42 --> Cart Class Initialized
INFO - 2024-06-24 16:03:01 --> Session: Class initialized using 'CodeIgniter\Session\Handlers\FileHandler' driver.
INFO - 2024-06-24 16:03:01 --> Cart Class Initialized
INFO - 2024-06-24 16:03:10 --> Session: Class initialized using 'CodeIgniter\Session\Handlers\FileHandler' driver.
CRITICAL - 2024-06-24 16:03:10 --> Undefined variable $producto2
in APPPATH\Views\front\catalogue.php on line 28.
 1 APPPATH\Views\front\catalogue.php(28): CodeIgniter\Debug\Exceptions->errorHandler(2, 'Undefined variable $producto2', 'APPPATH\\Views\\front\\catalogue.php', 28)
 2 SYSTEMPATH\View\View.php(213): include('APPPATH\\Views\\front\\catalogue.php')
 3 SYSTEMPATH\View\View.php(216): CodeIgniter\View\View->CodeIgniter\View\{closure}()
 4 SYSTEMPATH\Common.php(1184): CodeIgniter\View\View->render('front/catalogue', [], true)
 5 APPPATH\Controllers\Catalogue.php(15): view('front/catalogue', [...])
 6 SYSTEMPATH\CodeIgniter.php(934): App\Controllers\Catalogue->index()
 7 SYSTEMPATH\CodeIgniter.php(499): CodeIgniter\CodeIgniter->runController(Object(App\Controllers\Catalogue))
 8 SYSTEMPATH\CodeIgniter.php(368): CodeIgniter\CodeIgniter->handleRequest(null, Object(Config\Cache), false)
 9 FCPATH\index.php(68): CodeIgniter\CodeIgniter->run()
INFO - 2024-06-24 16:05:18 --> Session: Class initialized using 'CodeIgniter\Session\Handlers\FileHandler' driver.
CRITICAL - 2024-06-24 16:05:18 --> Undefined variable $producto2
in APPPATH\Views\front\catalogue.php on line 28.
 1 APPPATH\Views\front\catalogue.php(28): CodeIgniter\Debug\Exceptions->errorHandler(2, 'Undefined variable $producto2', 'APPPATH\\Views\\front\\catalogue.php', 28)
 2 SYSTEMPATH\View\View.php(213): include('APPPATH\\Views\\front\\catalogue.php')
 3 SYSTEMPATH\View\View.php(216): CodeIgniter\View\View->CodeIgniter\View\{closure}()
 4 SYSTEMPATH\Common.php(1184): CodeIgniter\View\View->render('front/catalogue', [], true)
 5 APPPATH\Controllers\Catalogue.php(15): view('front/catalogue', [...])
 6 SYSTEMPATH\CodeIgniter.php(934): App\Controllers\Catalogue->index()
 7 SYSTEMPATH\CodeIgniter.php(499): CodeIgniter\CodeIgniter->runController(Object(App\Controllers\Catalogue))
 8 SYSTEMPATH\CodeIgniter.php(368): CodeIgniter\CodeIgniter->handleRequest(null, Object(Config\Cache), false)
 9 FCPATH\index.php(68): CodeIgniter\CodeIgniter->run()
INFO - 2024-06-24 16:05:45 --> Session: Class initialized using 'CodeIgniter\Session\Handlers\FileHandler' driver.
CRITICAL - 2024-06-24 16:05:45 --> Undefined variable $producto2
in APPPATH\Views\front\catalogue.php on line 28.
 1 APPPATH\Views\front\catalogue.php(28): CodeIgniter\Debug\Exceptions->errorHandler(2, 'Undefined variable $producto2', 'APPPATH\\Views\\front\\catalogue.php', 28)
 2 SYSTEMPATH\View\View.php(213): include('APPPATH\\Views\\front\\catalogue.php')
 3 SYSTEMPATH\View\View.php(216): CodeIgniter\View\View->CodeIgniter\View\{closure}()
 4 SYSTEMPATH\Common.php(1184): CodeIgniter\View\View->render('front/catalogue', [], true)
 5 APPPATH\Controllers\Catalogue.php(15): view('front/catalogue', [...])
 6 SYSTEMPATH\CodeIgniter.php(934): App\Controllers\Catalogue->index()
 7 SYSTEMPATH\CodeIgniter.php(499): CodeIgniter\CodeIgniter->runController(Object(App\Controllers\Catalogue))
 8 SYSTEMPATH\CodeIgniter.php(368): CodeIgniter\CodeIgniter->handleRequest(null, Object(Config\Cache), false)
 9 FCPATH\index.php(68): CodeIgniter\CodeIgniter->run()
INFO - 2024-06-24 16:05:56 --> Session: Class initialized using 'CodeIgniter\Session\Handlers\FileHandler' driver.
CRITICAL - 2024-06-24 16:05:56 --> Undefined variable $producto2
in APPPATH\Views\front\catalogue.php on line 28.
 1 APPPATH\Views\front\catalogue.php(28): CodeIgniter\Debug\Exceptions->errorHandler(2, 'Undefined variable $producto2', 'APPPATH\\Views\\front\\catalogue.php', 28)
 2 SYSTEMPATH\View\View.php(213): include('APPPATH\\Views\\front\\catalogue.php')
 3 SYSTEMPATH\View\View.php(216): CodeIgniter\View\View->CodeIgniter\View\{closure}()
 4 SYSTEMPATH\Common.php(1184): CodeIgniter\View\View->render('front/catalogue', [], true)
 5 APPPATH\Controllers\Catalogue.php(15): view('front/catalogue', [...])
 6 SYSTEMPATH\CodeIgniter.php(934): App\Controllers\Catalogue->index()
 7 SYSTEMPATH\CodeIgniter.php(499): CodeIgniter\CodeIgniter->runController(Object(App\Controllers\Catalogue))
 8 SYSTEMPATH\CodeIgniter.php(368): CodeIgniter\CodeIgniter->handleRequest(null, Object(Config\Cache), false)
 9 FCPATH\index.php(68): CodeIgniter\CodeIgniter->run()
INFO - 2024-06-24 16:07:27 --> Session: Class initialized using 'CodeIgniter\Session\Handlers\FileHandler' driver.
INFO - 2024-06-24 16:07:27 --> Cart Class Initialized
INFO - 2024-06-24 16:07:36 --> Session: Class initialized using 'CodeIgniter\Session\Handlers\FileHandler' driver.
INFO - 2024-06-24 16:07:36 --> Cart Class Initialized
INFO - 2024-06-24 16:07:37 --> Session: Class initialized using 'CodeIgniter\Session\Handlers\FileHandler' driver.
INFO - 2024-06-24 16:07:37 --> Cart Class Initialized
INFO - 2024-06-24 16:07:38 --> Session: Class initialized using 'CodeIgniter\Session\Handlers\FileHandler' driver.
INFO - 2024-06-24 16:07:38 --> Cart Class Initialized
INFO - 2024-06-24 16:07:38 --> Session: Class initialized using 'CodeIgniter\Session\Handlers\FileHandler' driver.
INFO - 2024-06-24 16:07:39 --> Cart Class Initialized
INFO - 2024-06-24 16:10:15 --> Session: Class initialized using 'CodeIgniter\Session\Handlers\FileHandler' driver.
INFO - 2024-06-24 16:10:15 --> Cart Class Initialized
INFO - 2024-06-24 16:10:25 --> Session: Class initialized using 'CodeIgniter\Session\Handlers\FileHandler' driver.
INFO - 2024-06-24 16:10:25 --> Cart Class Initialized
INFO - 2024-06-24 16:11:27 --> Session: Class initialized using 'CodeIgniter\Session\Handlers\FileHandler' driver.
INFO - 2024-06-24 16:11:27 --> Cart Class Initialized
INFO - 2024-06-24 16:11:32 --> Session: Class initialized using 'CodeIgniter\Session\Handlers\FileHandler' driver.
INFO - 2024-06-24 16:11:32 --> Cart Class Initialized
CRITICAL - 2024-06-24 16:11:32 --> Undefined array key "rowid"
in APPPATH\Controllers\Cart.php on line 45.
 1 APPPATH\Controllers\Cart.php(45): CodeIgniter\Debug\Exceptions->errorHandler(2, 'Undefined array key "rowid"', 'APPPATH\\Controllers\\Cart.php', 45)
 2 SYSTEMPATH\CodeIgniter.php(934): App\Controllers\Cart->add('1')
 3 SYSTEMPATH\CodeIgniter.php(499): CodeIgniter\CodeIgniter->runController(Object(App\Controllers\Cart))
 4 SYSTEMPATH\CodeIgniter.php(368): CodeIgniter\CodeIgniter->handleRequest(null, Object(Config\Cache), false)
 5 FCPATH\index.php(68): CodeIgniter\CodeIgniter->run()
INFO - 2024-06-24 16:11:37 --> Session: Class initialized using 'CodeIgniter\Session\Handlers\FileHandler' driver.
INFO - 2024-06-24 16:11:37 --> Cart Class Initialized
INFO - 2024-06-24 16:11:40 --> Session: Class initialized using 'CodeIgniter\Session\Handlers\FileHandler' driver.
INFO - 2024-06-24 16:11:40 --> Cart Class Initialized
CRITICAL - 2024-06-24 16:11:40 --> Undefined array key "rowid"
in APPPATH\Controllers\Cart.php on line 45.
 1 APPPATH\Controllers\Cart.php(45): CodeIgniter\Debug\Exceptions->errorHandler(2, 'Undefined array key "rowid"', 'APPPATH\\Controllers\\Cart.php', 45)
 2 SYSTEMPATH\CodeIgniter.php(934): App\Controllers\Cart->add('1')
 3 SYSTEMPATH\CodeIgniter.php(499): CodeIgniter\CodeIgniter->runController(Object(App\Controllers\Cart))
 4 SYSTEMPATH\CodeIgniter.php(368): CodeIgniter\CodeIgniter->handleRequest(null, Object(Config\Cache), false)
 5 FCPATH\index.php(68): CodeIgniter\CodeIgniter->run()
INFO - 2024-06-24 16:12:02 --> Session: Class initialized using 'CodeIgniter\Session\Handlers\FileHandler' driver.
INFO - 2024-06-24 16:12:02 --> Cart Class Initialized
INFO - 2024-06-24 16:12:18 --> Session: Class initialized using 'CodeIgniter\Session\Handlers\FileHandler' driver.
INFO - 2024-06-24 16:12:18 --> Cart Class Initialized
CRITICAL - 2024-06-24 16:12:18 --> Undefined array key "rowid"
in APPPATH\Controllers\Cart.php on line 45.
 1 APPPATH\Controllers\Cart.php(45): CodeIgniter\Debug\Exceptions->errorHandler(2, 'Undefined array key "rowid"', 'APPPATH\\Controllers\\Cart.php', 45)
 2 SYSTEMPATH\CodeIgniter.php(934): App\Controllers\Cart->add('1')
 3 SYSTEMPATH\CodeIgniter.php(499): CodeIgniter\CodeIgniter->runController(Object(App\Controllers\Cart))
 4 SYSTEMPATH\CodeIgniter.php(368): CodeIgniter\CodeIgniter->handleRequest(null, Object(Config\Cache), false)
 5 FCPATH\index.php(68): CodeIgniter\CodeIgniter->run()
INFO - 2024-06-24 16:14:23 --> Session: Class initialized using 'CodeIgniter\Session\Handlers\FileHandler' driver.
INFO - 2024-06-24 16:14:23 --> Cart Class Initialized
INFO - 2024-06-24 16:24:31 --> Session: Class initialized using 'CodeIgniter\Session\Handlers\FileHandler' driver.
INFO - 2024-06-24 16:24:31 --> Cart Class Initialized
INFO - 2024-06-24 16:24:36 --> Session: Class initialized using 'CodeIgniter\Session\Handlers\FileHandler' driver.
INFO - 2024-06-24 16:24:36 --> Cart Class Initialized
INFO - 2024-06-24 16:24:36 --> Session: Class initialized using 'CodeIgniter\Session\Handlers\FileHandler' driver.
INFO - 2024-06-24 16:24:36 --> Cart Class Initialized
INFO - 2024-06-24 16:24:37 --> Session: Class initialized using 'CodeIgniter\Session\Handlers\FileHandler' driver.
INFO - 2024-06-24 16:24:37 --> Cart Class Initialized
INFO - 2024-06-24 16:24:37 --> Session: Class initialized using 'CodeIgniter\Session\Handlers\FileHandler' driver.
INFO - 2024-06-24 16:24:37 --> Cart Class Initialized
INFO - 2024-06-24 16:24:45 --> Session: Class initialized using 'CodeIgniter\Session\Handlers\FileHandler' driver.
INFO - 2024-06-24 16:24:45 --> Cart Class Initialized
INFO - 2024-06-24 16:24:45 --> Session: Class initialized using 'CodeIgniter\Session\Handlers\FileHandler' driver.
INFO - 2024-06-24 16:24:45 --> Cart Class Initialized
INFO - 2024-06-24 16:24:46 --> Session: Class initialized using 'CodeIgniter\Session\Handlers\FileHandler' driver.
INFO - 2024-06-24 16:24:46 --> Cart Class Initialized
INFO - 2024-06-24 16:24:46 --> Session: Class initialized using 'CodeIgniter\Session\Handlers\FileHandler' driver.
INFO - 2024-06-24 16:24:46 --> Cart Class Initialized
INFO - 2024-06-24 16:24:47 --> Session: Class initialized using 'CodeIgniter\Session\Handlers\FileHandler' driver.
INFO - 2024-06-24 16:24:47 --> Cart Class Initialized
INFO - 2024-06-24 16:24:47 --> Session: Class initialized using 'CodeIgniter\Session\Handlers\FileHandler' driver.
INFO - 2024-06-24 16:24:47 --> Cart Class Initialized
INFO - 2024-06-24 16:24:47 --> Session: Class initialized using 'CodeIgniter\Session\Handlers\FileHandler' driver.
INFO - 2024-06-24 16:24:47 --> Cart Class Initialized
INFO - 2024-06-24 16:24:47 --> Session: Class initialized using 'CodeIgniter\Session\Handlers\FileHandler' driver.
INFO - 2024-06-24 16:24:48 --> Cart Class Initialized
INFO - 2024-06-24 16:24:48 --> Session: Class initialized using 'CodeIgniter\Session\Handlers\FileHandler' driver.
INFO - 2024-06-24 16:24:48 --> Cart Class Initialized
INFO - 2024-06-24 16:24:48 --> Session: Class initialized using 'CodeIgniter\Session\Handlers\FileHandler' driver.
INFO - 2024-06-24 16:24:48 --> Cart Class Initialized
INFO - 2024-06-24 16:24:49 --> Session: Class initialized using 'CodeIgniter\Session\Handlers\FileHandler' driver.
INFO - 2024-06-24 16:24:49 --> Cart Class Initialized
INFO - 2024-06-24 16:24:49 --> Session: Class initialized using 'CodeIgniter\Session\Handlers\FileHandler' driver.
INFO - 2024-06-24 16:24:49 --> Cart Class Initialized
INFO - 2024-06-24 16:25:03 --> Session: Class initialized using 'CodeIgniter\Session\Handlers\FileHandler' driver.
INFO - 2024-06-24 16:25:03 --> Cart Class Initialized
INFO - 2024-06-24 16:25:05 --> Session: Class initialized using 'CodeIgniter\Session\Handlers\FileHandler' driver.
INFO - 2024-06-24 16:25:05 --> Cart Class Initialized
INFO - 2024-06-24 16:25:05 --> Session: Class initialized using 'CodeIgniter\Session\Handlers\FileHandler' driver.
INFO - 2024-06-24 16:25:05 --> Cart Class Initialized
INFO - 2024-06-24 16:25:07 --> Session: Class initialized using 'CodeIgniter\Session\Handlers\FileHandler' driver.
INFO - 2024-06-24 16:25:07 --> Cart Class Initialized
INFO - 2024-06-24 16:26:14 --> Session: Class initialized using 'CodeIgniter\Session\Handlers\FileHandler' driver.
INFO - 2024-06-24 16:26:14 --> Cart Class Initialized
INFO - 2024-06-24 16:26:15 --> Session: Class initialized using 'CodeIgniter\Session\Handlers\FileHandler' driver.
INFO - 2024-06-24 16:26:15 --> Cart Class Initialized
INFO - 2024-06-24 16:26:15 --> Session: Class initialized using 'CodeIgniter\Session\Handlers\FileHandler' driver.
INFO - 2024-06-24 16:26:15 --> Cart Class Initialized
INFO - 2024-06-24 16:26:16 --> Session: Class initialized using 'CodeIgniter\Session\Handlers\FileHandler' driver.
INFO - 2024-06-24 16:26:16 --> Cart Class Initialized
INFO - 2024-06-24 16:26:18 --> Session: Class initialized using 'CodeIgniter\Session\Handlers\FileHandler' driver.
INFO - 2024-06-24 16:26:18 --> Cart Class Initialized
CRITICAL - 2024-06-24 16:26:18 --> Undefined variable $productoCarrito
in APPPATH\Controllers\Cart.php on line 55.
 1 APPPATH\Controllers\Cart.php(55): CodeIgniter\Debug\Exceptions->errorHandler(2, 'Undefined variable $productoCarrito', 'APPPATH\\Controllers\\Cart.php', 55)
 2 SYSTEMPATH\CodeIgniter.php(934): App\Controllers\Cart->add('1')
 3 SYSTEMPATH\CodeIgniter.php(499): CodeIgniter\CodeIgniter->runController(Object(App\Controllers\Cart))
 4 SYSTEMPATH\CodeIgniter.php(368): CodeIgniter\CodeIgniter->handleRequest(null, Object(Config\Cache), false)
 5 FCPATH\index.php(68): CodeIgniter\CodeIgniter->run()
INFO - 2024-06-24 16:26:27 --> Session: Class initialized using 'CodeIgniter\Session\Handlers\FileHandler' driver.
INFO - 2024-06-24 16:26:27 --> Cart Class Initialized
CRITICAL - 2024-06-24 16:26:27 --> Undefined variable $productoCarrito
in APPPATH\Controllers\Cart.php on line 55.
 1 APPPATH\Controllers\Cart.php(55): CodeIgniter\Debug\Exceptions->errorHandler(2, 'Undefined variable $productoCarrito', 'APPPATH\\Controllers\\Cart.php', 55)
 2 SYSTEMPATH\CodeIgniter.php(934): App\Controllers\Cart->add('1')
 3 SYSTEMPATH\CodeIgniter.php(499): CodeIgniter\CodeIgniter->runController(Object(App\Controllers\Cart))
 4 SYSTEMPATH\CodeIgniter.php(368): CodeIgniter\CodeIgniter->handleRequest(null, Object(Config\Cache), false)
 5 FCPATH\index.php(68): CodeIgniter\CodeIgniter->run()
INFO - 2024-06-24 16:26:49 --> Session: Class initialized using 'CodeIgniter\Session\Handlers\FileHandler' driver.
INFO - 2024-06-24 16:26:49 --> Cart Class Initialized
CRITICAL - 2024-06-24 16:26:49 --> Undefined variable $productoCarrito
in APPPATH\Controllers\Cart.php on line 55.
 1 APPPATH\Controllers\Cart.php(55): CodeIgniter\Debug\Exceptions->errorHandler(2, 'Undefined variable $productoCarrito', 'APPPATH\\Controllers\\Cart.php', 55)
 2 SYSTEMPATH\CodeIgniter.php(934): App\Controllers\Cart->add('1')
 3 SYSTEMPATH\CodeIgniter.php(499): CodeIgniter\CodeIgniter->runController(Object(App\Controllers\Cart))
 4 SYSTEMPATH\CodeIgniter.php(368): CodeIgniter\CodeIgniter->handleRequest(null, Object(Config\Cache), false)
 5 FCPATH\index.php(68): CodeIgniter\CodeIgniter->run()
INFO - 2024-06-24 16:26:50 --> Session: Class initialized using 'CodeIgniter\Session\Handlers\FileHandler' driver.
INFO - 2024-06-24 16:26:50 --> Cart Class Initialized
CRITICAL - 2024-06-24 16:26:50 --> Undefined variable $productoCarrito
in APPPATH\Controllers\Cart.php on line 55.
 1 APPPATH\Controllers\Cart.php(55): CodeIgniter\Debug\Exceptions->errorHandler(2, 'Undefined variable $productoCarrito', 'APPPATH\\Controllers\\Cart.php', 55)
 2 SYSTEMPATH\CodeIgniter.php(934): App\Controllers\Cart->add('1')
 3 SYSTEMPATH\CodeIgniter.php(499): CodeIgniter\CodeIgniter->runController(Object(App\Controllers\Cart))
 4 SYSTEMPATH\CodeIgniter.php(368): CodeIgniter\CodeIgniter->handleRequest(null, Object(Config\Cache), false)
 5 FCPATH\index.php(68): CodeIgniter\CodeIgniter->run()
INFO - 2024-06-24 16:26:54 --> Session: Class initialized using 'CodeIgniter\Session\Handlers\FileHandler' driver.
INFO - 2024-06-24 16:26:54 --> Cart Class Initialized
CRITICAL - 2024-06-24 16:26:54 --> Undefined array key "rowid"
in APPPATH\Controllers\Cart.php on line 51.
 1 APPPATH\Controllers\Cart.php(51): CodeIgniter\Debug\Exceptions->errorHandler(2, 'Undefined array key "rowid"', 'APPPATH\\Controllers\\Cart.php', 51)
 2 SYSTEMPATH\CodeIgniter.php(934): App\Controllers\Cart->add('1')
 3 SYSTEMPATH\CodeIgniter.php(499): CodeIgniter\CodeIgniter->runController(Object(App\Controllers\Cart))
 4 SYSTEMPATH\CodeIgniter.php(368): CodeIgniter\CodeIgniter->handleRequest(null, Object(Config\Cache), false)
 5 FCPATH\index.php(68): CodeIgniter\CodeIgniter->run()
INFO - 2024-06-24 16:27:02 --> Session: Class initialized using 'CodeIgniter\Session\Handlers\FileHandler' driver.
INFO - 2024-06-24 16:27:02 --> Cart Class Initialized
CRITICAL - 2024-06-24 16:27:02 --> Undefined variable $productoCarrito
in APPPATH\Controllers\Cart.php on line 55.
 1 APPPATH\Controllers\Cart.php(55): CodeIgniter\Debug\Exceptions->errorHandler(2, 'Undefined variable $productoCarrito', 'APPPATH\\Controllers\\Cart.php', 55)
 2 SYSTEMPATH\CodeIgniter.php(934): App\Controllers\Cart->add('1')
 3 SYSTEMPATH\CodeIgniter.php(499): CodeIgniter\CodeIgniter->runController(Object(App\Controllers\Cart))
 4 SYSTEMPATH\CodeIgniter.php(368): CodeIgniter\CodeIgniter->handleRequest(null, Object(Config\Cache), false)
 5 FCPATH\index.php(68): CodeIgniter\CodeIgniter->run()
INFO - 2024-06-24 16:27:23 --> Session: Class initialized using 'CodeIgniter\Session\Handlers\FileHandler' driver.
INFO - 2024-06-24 16:27:23 --> Cart Class Initialized
CRITICAL - 2024-06-24 16:27:23 --> Undefined variable $productoCarrito
in APPPATH\Controllers\Cart.php on line 55.
 1 APPPATH\Controllers\Cart.php(55): CodeIgniter\Debug\Exceptions->errorHandler(2, 'Undefined variable $productoCarrito', 'APPPATH\\Controllers\\Cart.php', 55)
 2 SYSTEMPATH\CodeIgniter.php(934): App\Controllers\Cart->add('1')
 3 SYSTEMPATH\CodeIgniter.php(499): CodeIgniter\CodeIgniter->runController(Object(App\Controllers\Cart))
 4 SYSTEMPATH\CodeIgniter.php(368): CodeIgniter\CodeIgniter->handleRequest(null, Object(Config\Cache), false)
 5 FCPATH\index.php(68): CodeIgniter\CodeIgniter->run()
INFO - 2024-06-24 16:27:24 --> Session: Class initialized using 'CodeIgniter\Session\Handlers\FileHandler' driver.
INFO - 2024-06-24 16:27:25 --> Cart Class Initialized
INFO - 2024-06-24 16:27:26 --> Session: Class initialized using 'CodeIgniter\Session\Handlers\FileHandler' driver.
INFO - 2024-06-24 16:27:26 --> Cart Class Initialized
CRITICAL - 2024-06-24 16:27:26 --> Undefined variable $productoCarrito
in APPPATH\Controllers\Cart.php on line 55.
 1 APPPATH\Controllers\Cart.php(55): CodeIgniter\Debug\Exceptions->errorHandler(2, 'Undefined variable $productoCarrito', 'APPPATH\\Controllers\\Cart.php', 55)
 2 SYSTEMPATH\CodeIgniter.php(934): App\Controllers\Cart->add('1')
 3 SYSTEMPATH\CodeIgniter.php(499): CodeIgniter\CodeIgniter->runController(Object(App\Controllers\Cart))
 4 SYSTEMPATH\CodeIgniter.php(368): CodeIgniter\CodeIgniter->handleRequest(null, Object(Config\Cache), false)
 5 FCPATH\index.php(68): CodeIgniter\CodeIgniter->run()
INFO - 2024-06-24 16:27:27 --> Session: Class initialized using 'CodeIgniter\Session\Handlers\FileHandler' driver.
INFO - 2024-06-24 16:27:27 --> Cart Class Initialized
INFO - 2024-06-24 16:27:28 --> Session: Class initialized using 'CodeIgniter\Session\Handlers\FileHandler' driver.
INFO - 2024-06-24 16:27:28 --> Cart Class Initialized
CRITICAL - 2024-06-24 16:27:28 --> Undefined variable $productoCarrito
in APPPATH\Controllers\Cart.php on line 55.
 1 APPPATH\Controllers\Cart.php(55): CodeIgniter\Debug\Exceptions->errorHandler(2, 'Undefined variable $productoCarrito', 'APPPATH\\Controllers\\Cart.php', 55)
 2 SYSTEMPATH\CodeIgniter.php(934): App\Controllers\Cart->add('2')
 3 SYSTEMPATH\CodeIgniter.php(499): CodeIgniter\CodeIgniter->runController(Object(App\Controllers\Cart))
 4 SYSTEMPATH\CodeIgniter.php(368): CodeIgniter\CodeIgniter->handleRequest(null, Object(Config\Cache), false)
 5 FCPATH\index.php(68): CodeIgniter\CodeIgniter->run()
INFO - 2024-06-24 16:28:12 --> Session: Class initialized using 'CodeIgniter\Session\Handlers\FileHandler' driver.
INFO - 2024-06-24 16:28:12 --> Cart Class Initialized
INFO - 2024-06-24 16:28:14 --> Session: Class initialized using 'CodeIgniter\Session\Handlers\FileHandler' driver.
INFO - 2024-06-24 16:28:14 --> Cart Class Initialized
INFO - 2024-06-24 16:28:16 --> Session: Class initialized using 'CodeIgniter\Session\Handlers\FileHandler' driver.
INFO - 2024-06-24 16:28:16 --> Cart Class Initialized
CRITICAL - 2024-06-24 16:28:16 --> Undefined variable $productoCarrito
in APPPATH\Controllers\Cart.php on line 55.
 1 APPPATH\Controllers\Cart.php(55): CodeIgniter\Debug\Exceptions->errorHandler(2, 'Undefined variable $productoCarrito', 'APPPATH\\Controllers\\Cart.php', 55)
 2 SYSTEMPATH\CodeIgniter.php(934): App\Controllers\Cart->add('3')
 3 SYSTEMPATH\CodeIgniter.php(499): CodeIgniter\CodeIgniter->runController(Object(App\Controllers\Cart))
 4 SYSTEMPATH\CodeIgniter.php(368): CodeIgniter\CodeIgniter->handleRequest(null, Object(Config\Cache), false)
 5 FCPATH\index.php(68): CodeIgniter\CodeIgniter->run()
INFO - 2024-06-24 16:28:18 --> Session: Class initialized using 'CodeIgniter\Session\Handlers\FileHandler' driver.
INFO - 2024-06-24 16:28:18 --> Cart Class Initialized
INFO - 2024-06-24 16:28:59 --> Session: Class initialized using 'CodeIgniter\Session\Handlers\FileHandler' driver.
INFO - 2024-06-24 16:28:59 --> Cart Class Initialized
INFO - 2024-06-24 16:29:01 --> Session: Class initialized using 'CodeIgniter\Session\Handlers\FileHandler' driver.
INFO - 2024-06-24 16:29:01 --> Cart Class Initialized
CRITICAL - 2024-06-24 16:29:01 --> Undefined variable $productoCarrito
in APPPATH\Controllers\Cart.php on line 55.
 1 APPPATH\Controllers\Cart.php(55): CodeIgniter\Debug\Exceptions->errorHandler(2, 'Undefined variable $productoCarrito', 'APPPATH\\Controllers\\Cart.php', 55)
 2 SYSTEMPATH\CodeIgniter.php(934): App\Controllers\Cart->add('1')
 3 SYSTEMPATH\CodeIgniter.php(499): CodeIgniter\CodeIgniter->runController(Object(App\Controllers\Cart))
 4 SYSTEMPATH\CodeIgniter.php(368): CodeIgniter\CodeIgniter->handleRequest(null, Object(Config\Cache), false)
 5 FCPATH\index.php(68): CodeIgniter\CodeIgniter->run()
INFO - 2024-06-24 16:29:09 --> Session: Class initialized using 'CodeIgniter\Session\Handlers\FileHandler' driver.
INFO - 2024-06-24 16:29:10 --> Cart Class Initialized
INFO - 2024-06-24 16:29:22 --> Session: Class initialized using 'CodeIgniter\Session\Handlers\FileHandler' driver.
INFO - 2024-06-24 16:29:22 --> Cart Class Initialized
INFO - 2024-06-24 16:29:23 --> Session: Class initialized using 'CodeIgniter\Session\Handlers\FileHandler' driver.
INFO - 2024-06-24 16:29:23 --> Cart Class Initialized
CRITICAL - 2024-06-24 16:29:23 --> Undefined variable $productoCarrito
in APPPATH\Controllers\Cart.php on line 55.
 1 APPPATH\Controllers\Cart.php(55): CodeIgniter\Debug\Exceptions->errorHandler(2, 'Undefined variable $productoCarrito', 'APPPATH\\Controllers\\Cart.php', 55)
 2 SYSTEMPATH\CodeIgniter.php(934): App\Controllers\Cart->add('1')
 3 SYSTEMPATH\CodeIgniter.php(499): CodeIgniter\CodeIgniter->runController(Object(App\Controllers\Cart))
 4 SYSTEMPATH\CodeIgniter.php(368): CodeIgniter\CodeIgniter->handleRequest(null, Object(Config\Cache), false)
 5 FCPATH\index.php(68): CodeIgniter\CodeIgniter->run()
INFO - 2024-06-24 16:30:11 --> Session: Class initialized using 'CodeIgniter\Session\Handlers\FileHandler' driver.
INFO - 2024-06-24 16:30:11 --> Cart Class Initialized
INFO - 2024-06-24 16:30:19 --> Session: Class initialized using 'CodeIgniter\Session\Handlers\FileHandler' driver.
INFO - 2024-06-24 16:30:19 --> Cart Class Initialized
INFO - 2024-06-24 16:30:29 --> Session: Class initialized using 'CodeIgniter\Session\Handlers\FileHandler' driver.
INFO - 2024-06-24 16:30:29 --> Cart Class Initialized
CRITICAL - 2024-06-24 16:30:29 --> Undefined variable $productoCarrito
in APPPATH\Controllers\Cart.php on line 55.
 1 APPPATH\Controllers\Cart.php(55): CodeIgniter\Debug\Exceptions->errorHandler(2, 'Undefined variable $productoCarrito', 'APPPATH\\Controllers\\Cart.php', 55)
 2 SYSTEMPATH\CodeIgniter.php(934): App\Controllers\Cart->add('1')
 3 SYSTEMPATH\CodeIgniter.php(499): CodeIgniter\CodeIgniter->runController(Object(App\Controllers\Cart))
 4 SYSTEMPATH\CodeIgniter.php(368): CodeIgniter\CodeIgniter->handleRequest(null, Object(Config\Cache), false)
 5 FCPATH\index.php(68): CodeIgniter\CodeIgniter->run()
INFO - 2024-06-24 16:30:32 --> Session: Class initialized using 'CodeIgniter\Session\Handlers\FileHandler' driver.
INFO - 2024-06-24 16:30:32 --> Cart Class Initialized
INFO - 2024-06-24 16:31:56 --> Session: Class initialized using 'CodeIgniter\Session\Handlers\FileHandler' driver.
INFO - 2024-06-24 16:31:56 --> Cart Class Initialized
INFO - 2024-06-24 16:33:01 --> Session: Class initialized using 'CodeIgniter\Session\Handlers\FileHandler' driver.
INFO - 2024-06-24 16:33:01 --> Cart Class Initialized
INFO - 2024-06-24 16:33:03 --> Session: Class initialized using 'CodeIgniter\Session\Handlers\FileHandler' driver.
INFO - 2024-06-24 16:33:03 --> Cart Class Initialized
CRITICAL - 2024-06-24 16:33:03 --> Undefined variable $productoCarrito
in APPPATH\Controllers\Cart.php on line 55.
 1 APPPATH\Controllers\Cart.php(55): CodeIgniter\Debug\Exceptions->errorHandler(2, 'Undefined variable $productoCarrito', 'APPPATH\\Controllers\\Cart.php', 55)
 2 SYSTEMPATH\CodeIgniter.php(934): App\Controllers\Cart->add('1')
 3 SYSTEMPATH\CodeIgniter.php(499): CodeIgniter\CodeIgniter->runController(Object(App\Controllers\Cart))
 4 SYSTEMPATH\CodeIgniter.php(368): CodeIgniter\CodeIgniter->handleRequest(null, Object(Config\Cache), false)
 5 FCPATH\index.php(68): CodeIgniter\CodeIgniter->run()
INFO - 2024-06-24 16:34:05 --> Session: Class initialized using 'CodeIgniter\Session\Handlers\FileHandler' driver.
INFO - 2024-06-24 16:34:05 --> Cart Class Initialized
CRITICAL - 2024-06-24 16:34:05 --> Undefined variable $productoCarrito
in APPPATH\Controllers\Cart.php on line 58.
 1 APPPATH\Controllers\Cart.php(58): CodeIgniter\Debug\Exceptions->errorHandler(2, 'Undefined variable $productoCarrito', 'APPPATH\\Controllers\\Cart.php', 58)
 2 SYSTEMPATH\CodeIgniter.php(934): App\Controllers\Cart->add('1')
 3 SYSTEMPATH\CodeIgniter.php(499): CodeIgniter\CodeIgniter->runController(Object(App\Controllers\Cart))
 4 SYSTEMPATH\CodeIgniter.php(368): CodeIgniter\CodeIgniter->handleRequest(null, Object(Config\Cache), false)
 5 FCPATH\index.php(68): CodeIgniter\CodeIgniter->run()
INFO - 2024-06-24 16:34:05 --> Session: Class initialized using 'CodeIgniter\Session\Handlers\FileHandler' driver.
INFO - 2024-06-24 16:34:05 --> Cart Class Initialized
INFO - 2024-06-24 16:34:07 --> Session: Class initialized using 'CodeIgniter\Session\Handlers\FileHandler' driver.
INFO - 2024-06-24 16:34:07 --> Cart Class Initialized
CRITICAL - 2024-06-24 16:34:07 --> Undefined variable $productoCarrito
in APPPATH\Controllers\Cart.php on line 58.
 1 APPPATH\Controllers\Cart.php(58): CodeIgniter\Debug\Exceptions->errorHandler(2, 'Undefined variable $productoCarrito', 'APPPATH\\Controllers\\Cart.php', 58)
 2 SYSTEMPATH\CodeIgniter.php(934): App\Controllers\Cart->add('1')
 3 SYSTEMPATH\CodeIgniter.php(499): CodeIgniter\CodeIgniter->runController(Object(App\Controllers\Cart))
 4 SYSTEMPATH\CodeIgniter.php(368): CodeIgniter\CodeIgniter->handleRequest(null, Object(Config\Cache), false)
 5 FCPATH\index.php(68): CodeIgniter\CodeIgniter->run()
INFO - 2024-06-24 16:34:24 --> Session: Class initialized using 'CodeIgniter\Session\Handlers\FileHandler' driver.
INFO - 2024-06-24 16:34:24 --> Cart Class Initialized
CRITICAL - 2024-06-24 16:34:24 --> Trying to access array offset on value of type int
in APPPATH\Controllers\Cart.php on line 56.
 1 APPPATH\Controllers\Cart.php(56): CodeIgniter\Debug\Exceptions->errorHandler(2, 'Trying to access array offset on value of type int', 'APPPATH\\Controllers\\Cart.php', 56)
 2 SYSTEMPATH\CodeIgniter.php(934): App\Controllers\Cart->add('1')
 3 SYSTEMPATH\CodeIgniter.php(499): CodeIgniter\CodeIgniter->runController(Object(App\Controllers\Cart))
 4 SYSTEMPATH\CodeIgniter.php(368): CodeIgniter\CodeIgniter->handleRequest(null, Object(Config\Cache), false)
 5 FCPATH\index.php(68): CodeIgniter\CodeIgniter->run()
INFO - 2024-06-24 16:34:25 --> Session: Class initialized using 'CodeIgniter\Session\Handlers\FileHandler' driver.
INFO - 2024-06-24 16:34:25 --> Cart Class Initialized
INFO - 2024-06-24 16:34:27 --> Session: Class initialized using 'CodeIgniter\Session\Handlers\FileHandler' driver.
INFO - 2024-06-24 16:34:27 --> Cart Class Initialized
CRITICAL - 2024-06-24 16:34:27 --> Trying to access array offset on value of type int
in APPPATH\Controllers\Cart.php on line 56.
 1 APPPATH\Controllers\Cart.php(56): CodeIgniter\Debug\Exceptions->errorHandler(2, 'Trying to access array offset on value of type int', 'APPPATH\\Controllers\\Cart.php', 56)
 2 SYSTEMPATH\CodeIgniter.php(934): App\Controllers\Cart->add('1')
 3 SYSTEMPATH\CodeIgniter.php(499): CodeIgniter\CodeIgniter->runController(Object(App\Controllers\Cart))
 4 SYSTEMPATH\CodeIgniter.php(368): CodeIgniter\CodeIgniter->handleRequest(null, Object(Config\Cache), false)
 5 FCPATH\index.php(68): CodeIgniter\CodeIgniter->run()
INFO - 2024-06-24 16:34:39 --> Session: Class initialized using 'CodeIgniter\Session\Handlers\FileHandler' driver.
INFO - 2024-06-24 16:34:39 --> Cart Class Initialized
CRITICAL - 2024-06-24 16:34:39 --> Undefined array key "qty"
in APPPATH\Controllers\Cart.php on line 56.
 1 APPPATH\Controllers\Cart.php(56): CodeIgniter\Debug\Exceptions->errorHandler(2, 'Undefined array key "qty"', 'APPPATH\\Controllers\\Cart.php', 56)
 2 SYSTEMPATH\CodeIgniter.php(934): App\Controllers\Cart->add('1')
 3 SYSTEMPATH\CodeIgniter.php(499): CodeIgniter\CodeIgniter->runController(Object(App\Controllers\Cart))
 4 SYSTEMPATH\CodeIgniter.php(368): CodeIgniter\CodeIgniter->handleRequest(null, Object(Config\Cache), false)
 5 FCPATH\index.php(68): CodeIgniter\CodeIgniter->run()
INFO - 2024-06-24 16:35:11 --> Session: Class initialized using 'CodeIgniter\Session\Handlers\FileHandler' driver.
INFO - 2024-06-24 16:35:11 --> Cart Class Initialized
CRITICAL - 2024-06-24 16:35:11 --> Undefined variable $productoCarrito
in APPPATH\Controllers\Cart.php on line 55.
 1 APPPATH\Controllers\Cart.php(55): CodeIgniter\Debug\Exceptions->errorHandler(2, 'Undefined variable $productoCarrito', 'APPPATH\\Controllers\\Cart.php', 55)
 2 SYSTEMPATH\CodeIgniter.php(934): App\Controllers\Cart->add('1')
 3 SYSTEMPATH\CodeIgniter.php(499): CodeIgniter\CodeIgniter->runController(Object(App\Controllers\Cart))
 4 SYSTEMPATH\CodeIgniter.php(368): CodeIgniter\CodeIgniter->handleRequest(null, Object(Config\Cache), false)
 5 FCPATH\index.php(68): CodeIgniter\CodeIgniter->run()
INFO - 2024-06-24 16:35:34 --> Session: Class initialized using 'CodeIgniter\Session\Handlers\FileHandler' driver.
INFO - 2024-06-24 16:35:34 --> Cart Class Initialized
CRITICAL - 2024-06-24 16:35:34 --> Undefined variable $productoCarrito
in APPPATH\Controllers\Cart.php on line 55.
 1 APPPATH\Controllers\Cart.php(55): CodeIgniter\Debug\Exceptions->errorHandler(2, 'Undefined variable $productoCarrito', 'APPPATH\\Controllers\\Cart.php', 55)
 2 SYSTEMPATH\CodeIgniter.php(934): App\Controllers\Cart->add('1')
 3 SYSTEMPATH\CodeIgniter.php(499): CodeIgniter\CodeIgniter->runController(Object(App\Controllers\Cart))
 4 SYSTEMPATH\CodeIgniter.php(368): CodeIgniter\CodeIgniter->handleRequest(null, Object(Config\Cache), false)
 5 FCPATH\index.php(68): CodeIgniter\CodeIgniter->run()
INFO - 2024-06-24 16:35:35 --> Session: Class initialized using 'CodeIgniter\Session\Handlers\FileHandler' driver.
INFO - 2024-06-24 16:35:35 --> Cart Class Initialized
INFO - 2024-06-24 16:35:37 --> Session: Class initialized using 'CodeIgniter\Session\Handlers\FileHandler' driver.
INFO - 2024-06-24 16:35:37 --> Cart Class Initialized
CRITICAL - 2024-06-24 16:35:37 --> Undefined variable $productoCarrito
in APPPATH\Controllers\Cart.php on line 55.
 1 APPPATH\Controllers\Cart.php(55): CodeIgniter\Debug\Exceptions->errorHandler(2, 'Undefined variable $productoCarrito', 'APPPATH\\Controllers\\Cart.php', 55)
 2 SYSTEMPATH\CodeIgniter.php(934): App\Controllers\Cart->add('1')
 3 SYSTEMPATH\CodeIgniter.php(499): CodeIgniter\CodeIgniter->runController(Object(App\Controllers\Cart))
 4 SYSTEMPATH\CodeIgniter.php(368): CodeIgniter\CodeIgniter->handleRequest(null, Object(Config\Cache), false)
 5 FCPATH\index.php(68): CodeIgniter\CodeIgniter->run()
INFO - 2024-06-24 16:37:40 --> Session: Class initialized using 'CodeIgniter\Session\Handlers\FileHandler' driver.
INFO - 2024-06-24 16:37:40 --> Cart Class Initialized
INFO - 2024-06-24 16:37:52 --> Session: Class initialized using 'CodeIgniter\Session\Handlers\FileHandler' driver.
INFO - 2024-06-24 16:37:52 --> Cart Class Initialized
INFO - 2024-06-24 16:41:15 --> Session: Class initialized using 'CodeIgniter\Session\Handlers\FileHandler' driver.
INFO - 2024-06-24 16:41:15 --> Cart Class Initialized
INFO - 2024-06-24 16:41:17 --> Session: Class initialized using 'CodeIgniter\Session\Handlers\FileHandler' driver.
INFO - 2024-06-24 16:41:17 --> Cart Class Initialized
INFO - 2024-06-24 16:41:17 --> Session: Class initialized using 'CodeIgniter\Session\Handlers\FileHandler' driver.
INFO - 2024-06-24 16:41:17 --> Cart Class Initialized
INFO - 2024-06-24 16:41:19 --> Session: Class initialized using 'CodeIgniter\Session\Handlers\FileHandler' driver.
INFO - 2024-06-24 16:41:19 --> Cart Class Initialized
INFO - 2024-06-24 16:41:19 --> Session: Class initialized using 'CodeIgniter\Session\Handlers\FileHandler' driver.
INFO - 2024-06-24 16:41:19 --> Cart Class Initialized
INFO - 2024-06-24 16:41:20 --> Session: Class initialized using 'CodeIgniter\Session\Handlers\FileHandler' driver.
INFO - 2024-06-24 16:41:20 --> Cart Class Initialized
INFO - 2024-06-24 16:41:20 --> Session: Class initialized using 'CodeIgniter\Session\Handlers\FileHandler' driver.
INFO - 2024-06-24 16:41:20 --> Cart Class Initialized
INFO - 2024-06-24 16:41:21 --> Session: Class initialized using 'CodeIgniter\Session\Handlers\FileHandler' driver.
INFO - 2024-06-24 16:41:21 --> Cart Class Initialized
INFO - 2024-06-24 16:41:21 --> Session: Class initialized using 'CodeIgniter\Session\Handlers\FileHandler' driver.
INFO - 2024-06-24 16:41:21 --> Cart Class Initialized
INFO - 2024-06-24 16:41:21 --> Session: Class initialized using 'CodeIgniter\Session\Handlers\FileHandler' driver.
INFO - 2024-06-24 16:41:21 --> Cart Class Initialized
INFO - 2024-06-24 16:41:21 --> Session: Class initialized using 'CodeIgniter\Session\Handlers\FileHandler' driver.
INFO - 2024-06-24 16:41:21 --> Cart Class Initialized
INFO - 2024-06-24 16:41:22 --> Session: Class initialized using 'CodeIgniter\Session\Handlers\FileHandler' driver.
INFO - 2024-06-24 16:41:22 --> Cart Class Initialized
INFO - 2024-06-24 16:41:22 --> Session: Class initialized using 'CodeIgniter\Session\Handlers\FileHandler' driver.
INFO - 2024-06-24 16:41:22 --> Cart Class Initialized
INFO - 2024-06-24 16:41:23 --> Session: Class initialized using 'CodeIgniter\Session\Handlers\FileHandler' driver.
INFO - 2024-06-24 16:41:23 --> Cart Class Initialized
INFO - 2024-06-24 16:41:23 --> Session: Class initialized using 'CodeIgniter\Session\Handlers\FileHandler' driver.
INFO - 2024-06-24 16:41:23 --> Cart Class Initialized
INFO - 2024-06-24 16:41:23 --> Session: Class initialized using 'CodeIgniter\Session\Handlers\FileHandler' driver.
INFO - 2024-06-24 16:41:23 --> Cart Class Initialized
INFO - 2024-06-24 16:41:23 --> Session: Class initialized using 'CodeIgniter\Session\Handlers\FileHandler' driver.
INFO - 2024-06-24 16:41:23 --> Cart Class Initialized
INFO - 2024-06-24 16:41:24 --> Session: Class initialized using 'CodeIgniter\Session\Handlers\FileHandler' driver.
INFO - 2024-06-24 16:41:24 --> Cart Class Initialized
INFO - 2024-06-24 16:41:24 --> Session: Class initialized using 'CodeIgniter\Session\Handlers\FileHandler' driver.
INFO - 2024-06-24 16:41:24 --> Cart Class Initialized
INFO - 2024-06-24 16:41:25 --> Session: Class initialized using 'CodeIgniter\Session\Handlers\FileHandler' driver.
INFO - 2024-06-24 16:41:25 --> Cart Class Initialized
INFO - 2024-06-24 16:41:25 --> Session: Class initialized using 'CodeIgniter\Session\Handlers\FileHandler' driver.
INFO - 2024-06-24 16:41:25 --> Cart Class Initialized
INFO - 2024-06-24 16:41:31 --> Session: Class initialized using 'CodeIgniter\Session\Handlers\FileHandler' driver.
INFO - 2024-06-24 16:41:31 --> Cart Class Initialized
INFO - 2024-06-24 16:41:32 --> Session: Class initialized using 'CodeIgniter\Session\Handlers\FileHandler' driver.
INFO - 2024-06-24 16:41:32 --> Cart Class Initialized
INFO - 2024-06-24 16:41:32 --> Session: Class initialized using 'CodeIgniter\Session\Handlers\FileHandler' driver.
INFO - 2024-06-24 16:41:32 --> Cart Class Initialized
INFO - 2024-06-24 16:41:33 --> Session: Class initialized using 'CodeIgniter\Session\Handlers\FileHandler' driver.
INFO - 2024-06-24 16:41:33 --> Cart Class Initialized
INFO - 2024-06-24 16:41:34 --> Session: Class initialized using 'CodeIgniter\Session\Handlers\FileHandler' driver.
INFO - 2024-06-24 16:41:34 --> Cart Class Initialized
INFO - 2024-06-24 16:41:35 --> Session: Class initialized using 'CodeIgniter\Session\Handlers\FileHandler' driver.
INFO - 2024-06-24 16:41:35 --> Cart Class Initialized
INFO - 2024-06-24 16:41:35 --> Session: Class initialized using 'CodeIgniter\Session\Handlers\FileHandler' driver.
INFO - 2024-06-24 16:41:35 --> Cart Class Initialized
INFO - 2024-06-24 16:41:36 --> Session: Class initialized using 'CodeIgniter\Session\Handlers\FileHandler' driver.
INFO - 2024-06-24 16:41:36 --> Cart Class Initialized
INFO - 2024-06-24 16:41:36 --> Session: Class initialized using 'CodeIgniter\Session\Handlers\FileHandler' driver.
INFO - 2024-06-24 16:41:36 --> Cart Class Initialized
INFO - 2024-06-24 16:41:37 --> Session: Class initialized using 'CodeIgniter\Session\Handlers\FileHandler' driver.
INFO - 2024-06-24 16:41:37 --> Cart Class Initialized
INFO - 2024-06-24 16:41:37 --> Session: Class initialized using 'CodeIgniter\Session\Handlers\FileHandler' driver.
INFO - 2024-06-24 16:41:37 --> Cart Class Initialized
INFO - 2024-06-24 16:41:38 --> Session: Class initialized using 'CodeIgniter\Session\Handlers\FileHandler' driver.
INFO - 2024-06-24 16:41:38 --> Cart Class Initialized
INFO - 2024-06-24 16:41:38 --> Session: Class initialized using 'CodeIgniter\Session\Handlers\FileHandler' driver.
INFO - 2024-06-24 16:41:38 --> Cart Class Initialized
INFO - 2024-06-24 16:41:38 --> Session: Class initialized using 'CodeIgniter\Session\Handlers\FileHandler' driver.
INFO - 2024-06-24 16:41:38 --> Cart Class Initialized
INFO - 2024-06-24 16:41:38 --> Session: Class initialized using 'CodeIgniter\Session\Handlers\FileHandler' driver.
INFO - 2024-06-24 16:41:38 --> Cart Class Initialized
INFO - 2024-06-24 16:41:39 --> Session: Class initialized using 'CodeIgniter\Session\Handlers\FileHandler' driver.
INFO - 2024-06-24 16:41:39 --> Cart Class Initialized
INFO - 2024-06-24 16:41:39 --> Session: Class initialized using 'CodeIgniter\Session\Handlers\FileHandler' driver.
INFO - 2024-06-24 16:41:39 --> Cart Class Initialized
INFO - 2024-06-24 16:41:39 --> Session: Class initialized using 'CodeIgniter\Session\Handlers\FileHandler' driver.
INFO - 2024-06-24 16:41:39 --> Cart Class Initialized
INFO - 2024-06-24 16:41:39 --> Session: Class initialized using 'CodeIgniter\Session\Handlers\FileHandler' driver.
INFO - 2024-06-24 16:41:40 --> Cart Class Initialized
INFO - 2024-06-24 16:41:40 --> Session: Class initialized using 'CodeIgniter\Session\Handlers\FileHandler' driver.
INFO - 2024-06-24 16:41:40 --> Cart Class Initialized
INFO - 2024-06-24 16:41:40 --> Session: Class initialized using 'CodeIgniter\Session\Handlers\FileHandler' driver.
INFO - 2024-06-24 16:41:40 --> Cart Class Initialized
INFO - 2024-06-24 16:41:41 --> Session: Class initialized using 'CodeIgniter\Session\Handlers\FileHandler' driver.
INFO - 2024-06-24 16:41:41 --> Cart Class Initialized
INFO - 2024-06-24 16:41:41 --> Session: Class initialized using 'CodeIgniter\Session\Handlers\FileHandler' driver.
INFO - 2024-06-24 16:41:41 --> Cart Class Initialized
INFO - 2024-06-24 16:41:43 --> Session: Class initialized using 'CodeIgniter\Session\Handlers\FileHandler' driver.
INFO - 2024-06-24 16:41:43 --> Cart Class Initialized
INFO - 2024-06-24 16:41:44 --> Session: Class initialized using 'CodeIgniter\Session\Handlers\FileHandler' driver.
INFO - 2024-06-24 16:41:44 --> Cart Class Initialized
INFO - 2024-06-24 16:42:29 --> Session: Class initialized using 'CodeIgniter\Session\Handlers\FileHandler' driver.
INFO - 2024-06-24 16:42:29 --> Cart Class Initialized
INFO - 2024-06-24 16:42:34 --> Session: Class initialized using 'CodeIgniter\Session\Handlers\FileHandler' driver.
INFO - 2024-06-24 16:42:34 --> Session: Class initialized using 'CodeIgniter\Session\Handlers\FileHandler' driver.
INFO - 2024-06-24 16:42:34 --> Cart Class Initialized
INFO - 2024-06-24 16:45:39 --> Session: Class initialized using 'CodeIgniter\Session\Handlers\FileHandler' driver.
INFO - 2024-06-24 16:45:39 --> Cart Class Initialized
INFO - 2024-06-24 16:45:43 --> Session: Class initialized using 'CodeIgniter\Session\Handlers\FileHandler' driver.
INFO - 2024-06-24 16:45:43 --> Cart Class Initialized
INFO - 2024-06-24 16:46:13 --> Session: Class initialized using 'CodeIgniter\Session\Handlers\FileHandler' driver.
INFO - 2024-06-24 16:46:13 --> Cart Class Initialized
INFO - 2024-06-24 16:46:14 --> Session: Class initialized using 'CodeIgniter\Session\Handlers\FileHandler' driver.
INFO - 2024-06-24 16:46:14 --> Cart Class Initialized
INFO - 2024-06-24 16:46:15 --> Session: Class initialized using 'CodeIgniter\Session\Handlers\FileHandler' driver.
INFO - 2024-06-24 16:46:15 --> Cart Class Initialized
INFO - 2024-06-24 16:46:18 --> Session: Class initialized using 'CodeIgniter\Session\Handlers\FileHandler' driver.
INFO - 2024-06-24 16:46:18 --> Cart Class Initialized
INFO - 2024-06-24 16:46:20 --> Session: Class initialized using 'CodeIgniter\Session\Handlers\FileHandler' driver.
INFO - 2024-06-24 16:46:20 --> Cart Class Initialized
INFO - 2024-06-24 16:46:21 --> Session: Class initialized using 'CodeIgniter\Session\Handlers\FileHandler' driver.
INFO - 2024-06-24 16:46:21 --> Cart Class Initialized
INFO - 2024-06-24 16:46:23 --> Session: Class initialized using 'CodeIgniter\Session\Handlers\FileHandler' driver.
INFO - 2024-06-24 16:46:23 --> Cart Class Initialized
INFO - 2024-06-24 16:46:24 --> Session: Class initialized using 'CodeIgniter\Session\Handlers\FileHandler' driver.
INFO - 2024-06-24 16:46:24 --> Cart Class Initialized
INFO - 2024-06-24 16:47:03 --> Session: Class initialized using 'CodeIgniter\Session\Handlers\FileHandler' driver.
INFO - 2024-06-24 16:47:03 --> Cart Class Initialized
INFO - 2024-06-24 16:47:04 --> Session: Class initialized using 'CodeIgniter\Session\Handlers\FileHandler' driver.
INFO - 2024-06-24 16:47:04 --> Cart Class Initialized
INFO - 2024-06-24 16:47:26 --> Session: Class initialized using 'CodeIgniter\Session\Handlers\FileHandler' driver.
INFO - 2024-06-24 16:47:26 --> Cart Class Initialized
INFO - 2024-06-24 16:47:31 --> Session: Class initialized using 'CodeIgniter\Session\Handlers\FileHandler' driver.
INFO - 2024-06-24 16:47:31 --> Cart Class Initialized
INFO - 2024-06-24 16:47:31 --> Session: Class initialized using 'CodeIgniter\Session\Handlers\FileHandler' driver.
INFO - 2024-06-24 16:47:31 --> Cart Class Initialized
INFO - 2024-06-24 16:47:33 --> Session: Class initialized using 'CodeIgniter\Session\Handlers\FileHandler' driver.
INFO - 2024-06-24 16:47:33 --> Cart Class Initialized
INFO - 2024-06-24 16:47:38 --> Session: Class initialized using 'CodeIgniter\Session\Handlers\FileHandler' driver.
INFO - 2024-06-24 16:47:38 --> Cart Class Initialized
INFO - 2024-06-24 16:47:39 --> Session: Class initialized using 'CodeIgniter\Session\Handlers\FileHandler' driver.
INFO - 2024-06-24 16:47:39 --> Cart Class Initialized
INFO - 2024-06-24 16:47:39 --> Session: Class initialized using 'CodeIgniter\Session\Handlers\FileHandler' driver.
INFO - 2024-06-24 16:47:39 --> Cart Class Initialized
INFO - 2024-06-24 16:47:40 --> Session: Class initialized using 'CodeIgniter\Session\Handlers\FileHandler' driver.
INFO - 2024-06-24 16:47:40 --> Cart Class Initialized
INFO - 2024-06-24 16:47:40 --> Session: Class initialized using 'CodeIgniter\Session\Handlers\FileHandler' driver.
INFO - 2024-06-24 16:47:40 --> Cart Class Initialized
INFO - 2024-06-24 16:50:21 --> Session: Class initialized using 'CodeIgniter\Session\Handlers\FileHandler' driver.
INFO - 2024-06-24 16:50:21 --> Cart Class Initialized
INFO - 2024-06-24 16:50:37 --> Session: Class initialized using 'CodeIgniter\Session\Handlers\FileHandler' driver.
INFO - 2024-06-24 16:50:37 --> Cart Class Initialized
INFO - 2024-06-24 16:50:38 --> Session: Class initialized using 'CodeIgniter\Session\Handlers\FileHandler' driver.
INFO - 2024-06-24 16:50:38 --> Cart Class Initialized
INFO - 2024-06-24 16:50:38 --> Session: Class initialized using 'CodeIgniter\Session\Handlers\FileHandler' driver.
INFO - 2024-06-24 16:50:38 --> Cart Class Initialized
INFO - 2024-06-24 16:50:39 --> Session: Class initialized using 'CodeIgniter\Session\Handlers\FileHandler' driver.
INFO - 2024-06-24 16:50:39 --> Cart Class Initialized
INFO - 2024-06-24 16:50:41 --> Session: Class initialized using 'CodeIgniter\Session\Handlers\FileHandler' driver.
INFO - 2024-06-24 16:50:41 --> Cart Class Initialized
INFO - 2024-06-24 16:50:42 --> Session: Class initialized using 'CodeIgniter\Session\Handlers\FileHandler' driver.
INFO - 2024-06-24 16:50:42 --> Cart Class Initialized
INFO - 2024-06-24 16:50:42 --> Session: Class initialized using 'CodeIgniter\Session\Handlers\FileHandler' driver.
INFO - 2024-06-24 16:50:42 --> Cart Class Initialized
INFO - 2024-06-24 16:50:55 --> Session: Class initialized using 'CodeIgniter\Session\Handlers\FileHandler' driver.
INFO - 2024-06-24 16:50:55 --> Cart Class Initialized
INFO - 2024-06-24 16:50:56 --> Session: Class initialized using 'CodeIgniter\Session\Handlers\FileHandler' driver.
INFO - 2024-06-24 16:50:56 --> Cart Class Initialized
INFO - 2024-06-24 16:50:56 --> Session: Class initialized using 'CodeIgniter\Session\Handlers\FileHandler' driver.
INFO - 2024-06-24 16:50:57 --> Cart Class Initialized
INFO - 2024-06-24 16:50:58 --> Session: Class initialized using 'CodeIgniter\Session\Handlers\FileHandler' driver.
INFO - 2024-06-24 16:50:58 --> Cart Class Initialized
INFO - 2024-06-24 16:51:16 --> Session: Class initialized using 'CodeIgniter\Session\Handlers\FileHandler' driver.
INFO - 2024-06-24 16:51:16 --> Cart Class Initialized
INFO - 2024-06-24 16:51:18 --> Session: Class initialized using 'CodeIgniter\Session\Handlers\FileHandler' driver.
INFO - 2024-06-24 16:51:18 --> Cart Class Initialized
INFO - 2024-06-24 16:51:18 --> Session: Class initialized using 'CodeIgniter\Session\Handlers\FileHandler' driver.
INFO - 2024-06-24 16:51:18 --> Cart Class Initialized
INFO - 2024-06-24 16:52:18 --> Session: Class initialized using 'CodeIgniter\Session\Handlers\FileHandler' driver.
INFO - 2024-06-24 16:52:18 --> Cart Class Initialized
INFO - 2024-06-24 16:52:20 --> Session: Class initialized using 'CodeIgniter\Session\Handlers\FileHandler' driver.
INFO - 2024-06-24 16:52:20 --> Cart Class Initialized
INFO - 2024-06-24 16:52:20 --> Session: Class initialized using 'CodeIgniter\Session\Handlers\FileHandler' driver.
INFO - 2024-06-24 16:52:20 --> Cart Class Initialized
INFO - 2024-06-24 16:52:23 --> Session: Class initialized using 'CodeIgniter\Session\Handlers\FileHandler' driver.
INFO - 2024-06-24 16:52:23 --> Cart Class Initialized
INFO - 2024-06-24 16:52:23 --> Session: Class initialized using 'CodeIgniter\Session\Handlers\FileHandler' driver.
INFO - 2024-06-24 16:52:24 --> Cart Class Initialized
INFO - 2024-06-24 16:52:26 --> Session: Class initialized using 'CodeIgniter\Session\Handlers\FileHandler' driver.
INFO - 2024-06-24 16:52:26 --> Cart Class Initialized
INFO - 2024-06-24 16:52:26 --> Session: Class initialized using 'CodeIgniter\Session\Handlers\FileHandler' driver.
INFO - 2024-06-24 16:52:26 --> Cart Class Initialized
INFO - 2024-06-24 16:52:26 --> Session: Class initialized using 'CodeIgniter\Session\Handlers\FileHandler' driver.
INFO - 2024-06-24 16:52:26 --> Cart Class Initialized
INFO - 2024-06-24 16:52:26 --> Session: Class initialized using 'CodeIgniter\Session\Handlers\FileHandler' driver.
INFO - 2024-06-24 16:52:26 --> Cart Class Initialized
INFO - 2024-06-24 16:52:27 --> Session: Class initialized using 'CodeIgniter\Session\Handlers\FileHandler' driver.
INFO - 2024-06-24 16:52:27 --> Cart Class Initialized
INFO - 2024-06-24 16:52:27 --> Session: Class initialized using 'CodeIgniter\Session\Handlers\FileHandler' driver.
INFO - 2024-06-24 16:52:27 --> Cart Class Initialized
INFO - 2024-06-24 16:52:28 --> Session: Class initialized using 'CodeIgniter\Session\Handlers\FileHandler' driver.
INFO - 2024-06-24 16:52:28 --> Cart Class Initialized
INFO - 2024-06-24 16:52:28 --> Session: Class initialized using 'CodeIgniter\Session\Handlers\FileHandler' driver.
INFO - 2024-06-24 16:52:28 --> Cart Class Initialized
CRITICAL - 2024-06-24 16:52:50 --> syntax error, unexpected token "}"
in APPPATH\Controllers\Cart.php on line 74.
 1 SYSTEMPATH\Autoloader\Autoloader.php(289): CodeIgniter\Autoloader\Autoloader->includeFile('APPPATH\\Controllers\\Cart.php')
 2 SYSTEMPATH\Autoloader\Autoloader.php(267): CodeIgniter\Autoloader\Autoloader->loadInNamespace('App\\Controllers\\Cart')
 3 [internal function]: CodeIgniter\Autoloader\Autoloader->loadClass('App\\Controllers\\Cart')
 4 SYSTEMPATH\CodeIgniter.php(892): class_exists('\\App\\Controllers\\Cart', true)
 5 SYSTEMPATH\CodeIgniter.php(486): CodeIgniter\CodeIgniter->startController()
 6 SYSTEMPATH\CodeIgniter.php(368): CodeIgniter\CodeIgniter->handleRequest(null, Object(Config\Cache), false)
 7 FCPATH\index.php(68): CodeIgniter\CodeIgniter->run()
INFO - 2024-06-24 16:52:57 --> Session: Class initialized using 'CodeIgniter\Session\Handlers\FileHandler' driver.
INFO - 2024-06-24 16:52:57 --> Cart Class Initialized
INFO - 2024-06-24 16:53:00 --> Session: Class initialized using 'CodeIgniter\Session\Handlers\FileHandler' driver.
INFO - 2024-06-24 16:53:00 --> Cart Class Initialized
INFO - 2024-06-24 16:53:00 --> Session: Class initialized using 'CodeIgniter\Session\Handlers\FileHandler' driver.
INFO - 2024-06-24 16:53:00 --> Cart Class Initialized
INFO - 2024-06-24 16:53:01 --> Session: Class initialized using 'CodeIgniter\Session\Handlers\FileHandler' driver.
INFO - 2024-06-24 16:53:01 --> Cart Class Initialized
INFO - 2024-06-24 16:53:01 --> Session: Class initialized using 'CodeIgniter\Session\Handlers\FileHandler' driver.
INFO - 2024-06-24 16:53:01 --> Cart Class Initialized
INFO - 2024-06-24 16:59:45 --> Session: Class initialized using 'CodeIgniter\Session\Handlers\FileHandler' driver.
INFO - 2024-06-24 16:59:45 --> Cart Class Initialized
INFO - 2024-06-24 16:59:47 --> Session: Class initialized using 'CodeIgniter\Session\Handlers\FileHandler' driver.
INFO - 2024-06-24 16:59:47 --> Cart Class Initialized
INFO - 2024-06-24 16:59:47 --> Session: Class initialized using 'CodeIgniter\Session\Handlers\FileHandler' driver.
INFO - 2024-06-24 16:59:47 --> Cart Class Initialized
INFO - 2024-06-24 16:59:48 --> Session: Class initialized using 'CodeIgniter\Session\Handlers\FileHandler' driver.
INFO - 2024-06-24 16:59:48 --> Cart Class Initialized
INFO - 2024-06-24 16:59:48 --> Session: Class initialized using 'CodeIgniter\Session\Handlers\FileHandler' driver.
INFO - 2024-06-24 16:59:48 --> Cart Class Initialized
INFO - 2024-06-24 16:59:49 --> Session: Class initialized using 'CodeIgniter\Session\Handlers\FileHandler' driver.
INFO - 2024-06-24 16:59:49 --> Cart Class Initialized
INFO - 2024-06-24 16:59:49 --> Session: Class initialized using 'CodeIgniter\Session\Handlers\FileHandler' driver.
INFO - 2024-06-24 16:59:49 --> Cart Class Initialized
INFO - 2024-06-24 16:59:49 --> Session: Class initialized using 'CodeIgniter\Session\Handlers\FileHandler' driver.
INFO - 2024-06-24 16:59:49 --> Cart Class Initialized
INFO - 2024-06-24 16:59:49 --> Session: Class initialized using 'CodeIgniter\Session\Handlers\FileHandler' driver.
INFO - 2024-06-24 16:59:49 --> Cart Class Initialized
INFO - 2024-06-24 16:59:50 --> Session: Class initialized using 'CodeIgniter\Session\Handlers\FileHandler' driver.
INFO - 2024-06-24 16:59:50 --> Cart Class Initialized
INFO - 2024-06-24 16:59:50 --> Session: Class initialized using 'CodeIgniter\Session\Handlers\FileHandler' driver.
INFO - 2024-06-24 16:59:50 --> Cart Class Initialized
INFO - 2024-06-24 17:00:43 --> Session: Class initialized using 'CodeIgniter\Session\Handlers\FileHandler' driver.
INFO - 2024-06-24 17:00:43 --> Cart Class Initialized
INFO - 2024-06-24 17:00:45 --> Session: Class initialized using 'CodeIgniter\Session\Handlers\FileHandler' driver.
INFO - 2024-06-24 17:00:45 --> Cart Class Initialized
INFO - 2024-06-24 17:00:45 --> Session: Class initialized using 'CodeIgniter\Session\Handlers\FileHandler' driver.
INFO - 2024-06-24 17:00:45 --> Cart Class Initialized
INFO - 2024-06-24 17:00:45 --> Session: Class initialized using 'CodeIgniter\Session\Handlers\FileHandler' driver.
INFO - 2024-06-24 17:00:45 --> Cart Class Initialized
INFO - 2024-06-24 17:00:46 --> Session: Class initialized using 'CodeIgniter\Session\Handlers\FileHandler' driver.
INFO - 2024-06-24 17:00:46 --> Cart Class Initialized
INFO - 2024-06-24 17:00:46 --> Session: Class initialized using 'CodeIgniter\Session\Handlers\FileHandler' driver.
INFO - 2024-06-24 17:00:46 --> Cart Class Initialized
INFO - 2024-06-24 17:00:46 --> Session: Class initialized using 'CodeIgniter\Session\Handlers\FileHandler' driver.
INFO - 2024-06-24 17:00:46 --> Cart Class Initialized
INFO - 2024-06-24 17:00:47 --> Session: Class initialized using 'CodeIgniter\Session\Handlers\FileHandler' driver.
INFO - 2024-06-24 17:00:47 --> Cart Class Initialized
INFO - 2024-06-24 17:00:47 --> Session: Class initialized using 'CodeIgniter\Session\Handlers\FileHandler' driver.
INFO - 2024-06-24 17:00:47 --> Cart Class Initialized
INFO - 2024-06-24 17:00:55 --> Session: Class initialized using 'CodeIgniter\Session\Handlers\FileHandler' driver.
INFO - 2024-06-24 17:00:55 --> Cart Class Initialized
INFO - 2024-06-24 17:00:57 --> Session: Class initialized using 'CodeIgniter\Session\Handlers\FileHandler' driver.
INFO - 2024-06-24 17:00:57 --> Cart Class Initialized
INFO - 2024-06-24 17:00:57 --> Session: Class initialized using 'CodeIgniter\Session\Handlers\FileHandler' driver.
INFO - 2024-06-24 17:00:57 --> Cart Class Initialized
INFO - 2024-06-24 17:00:57 --> Session: Class initialized using 'CodeIgniter\Session\Handlers\FileHandler' driver.
INFO - 2024-06-24 17:00:57 --> Cart Class Initialized
INFO - 2024-06-24 17:00:57 --> Session: Class initialized using 'CodeIgniter\Session\Handlers\FileHandler' driver.
INFO - 2024-06-24 17:00:57 --> Cart Class Initialized
INFO - 2024-06-24 17:01:20 --> Session: Class initialized using 'CodeIgniter\Session\Handlers\FileHandler' driver.
INFO - 2024-06-24 17:01:20 --> Cart Class Initialized
INFO - 2024-06-24 17:01:22 --> Session: Class initialized using 'CodeIgniter\Session\Handlers\FileHandler' driver.
INFO - 2024-06-24 17:01:22 --> Cart Class Initialized
INFO - 2024-06-24 17:01:22 --> Session: Class initialized using 'CodeIgniter\Session\Handlers\FileHandler' driver.
INFO - 2024-06-24 17:01:22 --> Cart Class Initialized
INFO - 2024-06-24 17:01:22 --> Session: Class initialized using 'CodeIgniter\Session\Handlers\FileHandler' driver.
INFO - 2024-06-24 17:01:22 --> Cart Class Initialized
INFO - 2024-06-24 17:01:23 --> Session: Class initialized using 'CodeIgniter\Session\Handlers\FileHandler' driver.
INFO - 2024-06-24 17:01:23 --> Cart Class Initialized
INFO - 2024-06-24 17:02:07 --> Session: Class initialized using 'CodeIgniter\Session\Handlers\FileHandler' driver.
INFO - 2024-06-24 17:02:07 --> Cart Class Initialized
INFO - 2024-06-24 17:02:08 --> Session: Class initialized using 'CodeIgniter\Session\Handlers\FileHandler' driver.
INFO - 2024-06-24 17:02:08 --> Cart Class Initialized
INFO - 2024-06-24 17:02:08 --> Session: Class initialized using 'CodeIgniter\Session\Handlers\FileHandler' driver.
INFO - 2024-06-24 17:02:08 --> Cart Class Initialized
INFO - 2024-06-24 17:02:09 --> Session: Class initialized using 'CodeIgniter\Session\Handlers\FileHandler' driver.
INFO - 2024-06-24 17:02:09 --> Cart Class Initialized
INFO - 2024-06-24 17:02:09 --> Session: Class initialized using 'CodeIgniter\Session\Handlers\FileHandler' driver.
INFO - 2024-06-24 17:02:09 --> Cart Class Initialized
INFO - 2024-06-24 17:02:15 --> Session: Class initialized using 'CodeIgniter\Session\Handlers\FileHandler' driver.
INFO - 2024-06-24 17:02:15 --> Cart Class Initialized
INFO - 2024-06-24 17:02:16 --> Session: Class initialized using 'CodeIgniter\Session\Handlers\FileHandler' driver.
INFO - 2024-06-24 17:02:16 --> Cart Class Initialized
INFO - 2024-06-24 17:02:16 --> Session: Class initialized using 'CodeIgniter\Session\Handlers\FileHandler' driver.
INFO - 2024-06-24 17:02:16 --> Cart Class Initialized
INFO - 2024-06-24 17:02:17 --> Session: Class initialized using 'CodeIgniter\Session\Handlers\FileHandler' driver.
INFO - 2024-06-24 17:02:17 --> Cart Class Initialized
INFO - 2024-06-24 17:02:17 --> Session: Class initialized using 'CodeIgniter\Session\Handlers\FileHandler' driver.
INFO - 2024-06-24 17:02:17 --> Cart Class Initialized
INFO - 2024-06-24 17:02:18 --> Session: Class initialized using 'CodeIgniter\Session\Handlers\FileHandler' driver.
INFO - 2024-06-24 17:02:18 --> Cart Class Initialized
INFO - 2024-06-24 17:02:18 --> Session: Class initialized using 'CodeIgniter\Session\Handlers\FileHandler' driver.
INFO - 2024-06-24 17:02:18 --> Cart Class Initialized
INFO - 2024-06-24 17:02:18 --> Session: Class initialized using 'CodeIgniter\Session\Handlers\FileHandler' driver.
INFO - 2024-06-24 17:02:18 --> Cart Class Initialized
INFO - 2024-06-24 17:02:19 --> Session: Class initialized using 'CodeIgniter\Session\Handlers\FileHandler' driver.
INFO - 2024-06-24 17:02:19 --> Cart Class Initialized
INFO - 2024-06-24 17:04:15 --> Session: Class initialized using 'CodeIgniter\Session\Handlers\FileHandler' driver.
INFO - 2024-06-24 17:04:15 --> Cart Class Initialized
INFO - 2024-06-24 17:04:53 --> Session: Class initialized using 'CodeIgniter\Session\Handlers\FileHandler' driver.
INFO - 2024-06-24 17:04:53 --> Cart Class Initialized
INFO - 2024-06-24 17:04:55 --> Session: Class initialized using 'CodeIgniter\Session\Handlers\FileHandler' driver.
INFO - 2024-06-24 17:04:55 --> Cart Class Initialized
INFO - 2024-06-24 17:04:55 --> Session: Class initialized using 'CodeIgniter\Session\Handlers\FileHandler' driver.
INFO - 2024-06-24 17:04:55 --> Cart Class Initialized
INFO - 2024-06-24 17:05:58 --> Session: Class initialized using 'CodeIgniter\Session\Handlers\FileHandler' driver.
INFO - 2024-06-24 17:05:58 --> Cart Class Initialized
INFO - 2024-06-24 17:06:00 --> Session: Class initialized using 'CodeIgniter\Session\Handlers\FileHandler' driver.
INFO - 2024-06-24 17:06:00 --> Cart Class Initialized
INFO - 2024-06-24 17:06:10 --> Session: Class initialized using 'CodeIgniter\Session\Handlers\FileHandler' driver.
INFO - 2024-06-24 17:06:10 --> Cart Class Initialized
INFO - 2024-06-24 17:06:11 --> Session: Class initialized using 'CodeIgniter\Session\Handlers\FileHandler' driver.
INFO - 2024-06-24 17:06:11 --> Cart Class Initialized
INFO - 2024-06-24 17:06:13 --> Session: Class initialized using 'CodeIgniter\Session\Handlers\FileHandler' driver.
INFO - 2024-06-24 17:06:13 --> Cart Class Initialized
INFO - 2024-06-24 17:06:27 --> Session: Class initialized using 'CodeIgniter\Session\Handlers\FileHandler' driver.
INFO - 2024-06-24 17:06:27 --> Cart Class Initialized
INFO - 2024-06-24 17:06:27 --> Session: Class initialized using 'CodeIgniter\Session\Handlers\FileHandler' driver.
INFO - 2024-06-24 17:06:27 --> Cart Class Initialized
INFO - 2024-06-24 17:06:27 --> Session: Class initialized using 'CodeIgniter\Session\Handlers\FileHandler' driver.
INFO - 2024-06-24 17:06:27 --> Cart Class Initialized
INFO - 2024-06-24 17:06:28 --> Session: Class initialized using 'CodeIgniter\Session\Handlers\FileHandler' driver.
INFO - 2024-06-24 17:06:28 --> Cart Class Initialized
INFO - 2024-06-24 17:06:28 --> Session: Class initialized using 'CodeIgniter\Session\Handlers\FileHandler' driver.
INFO - 2024-06-24 17:06:28 --> Cart Class Initialized
INFO - 2024-06-24 17:06:28 --> Session: Class initialized using 'CodeIgniter\Session\Handlers\FileHandler' driver.
INFO - 2024-06-24 17:06:28 --> Cart Class Initialized
INFO - 2024-06-24 17:06:28 --> Session: Class initialized using 'CodeIgniter\Session\Handlers\FileHandler' driver.
INFO - 2024-06-24 17:06:28 --> Cart Class Initialized
INFO - 2024-06-24 17:06:28 --> Session: Class initialized using 'CodeIgniter\Session\Handlers\FileHandler' driver.
INFO - 2024-06-24 17:06:28 --> Cart Class Initialized
INFO - 2024-06-24 17:06:28 --> Session: Class initialized using 'CodeIgniter\Session\Handlers\FileHandler' driver.
INFO - 2024-06-24 17:06:28 --> Cart Class Initialized
INFO - 2024-06-24 17:06:28 --> Session: Class initialized using 'CodeIgniter\Session\Handlers\FileHandler' driver.
INFO - 2024-06-24 17:06:28 --> Cart Class Initialized
INFO - 2024-06-24 17:06:28 --> Session: Class initialized using 'CodeIgniter\Session\Handlers\FileHandler' driver.
INFO - 2024-06-24 17:06:28 --> Cart Class Initialized
INFO - 2024-06-24 17:06:28 --> Session: Class initialized using 'CodeIgniter\Session\Handlers\FileHandler' driver.
INFO - 2024-06-24 17:06:28 --> Cart Class Initialized
INFO - 2024-06-24 17:06:28 --> Session: Class initialized using 'CodeIgniter\Session\Handlers\FileHandler' driver.
INFO - 2024-06-24 17:06:28 --> Cart Class Initialized
INFO - 2024-06-24 17:06:28 --> Session: Class initialized using 'CodeIgniter\Session\Handlers\FileHandler' driver.
INFO - 2024-06-24 17:06:28 --> Cart Class Initialized
INFO - 2024-06-24 17:06:28 --> Session: Class initialized using 'CodeIgniter\Session\Handlers\FileHandler' driver.
INFO - 2024-06-24 17:06:28 --> Cart Class Initialized
INFO - 2024-06-24 17:06:28 --> Session: Class initialized using 'CodeIgniter\Session\Handlers\FileHandler' driver.
INFO - 2024-06-24 17:06:28 --> Cart Class Initialized
INFO - 2024-06-24 17:06:29 --> Session: Class initialized using 'CodeIgniter\Session\Handlers\FileHandler' driver.
INFO - 2024-06-24 17:06:29 --> Cart Class Initialized
INFO - 2024-06-24 17:06:29 --> Session: Class initialized using 'CodeIgniter\Session\Handlers\FileHandler' driver.
INFO - 2024-06-24 17:06:29 --> Cart Class Initialized
INFO - 2024-06-24 17:06:29 --> Session: Class initialized using 'CodeIgniter\Session\Handlers\FileHandler' driver.
INFO - 2024-06-24 17:06:29 --> Cart Class Initialized
INFO - 2024-06-24 17:06:29 --> Session: Class initialized using 'CodeIgniter\Session\Handlers\FileHandler' driver.
INFO - 2024-06-24 17:06:29 --> Cart Class Initialized
INFO - 2024-06-24 17:06:29 --> Session: Class initialized using 'CodeIgniter\Session\Handlers\FileHandler' driver.
INFO - 2024-06-24 17:06:29 --> Cart Class Initialized
INFO - 2024-06-24 17:06:31 --> Session: Class initialized using 'CodeIgniter\Session\Handlers\FileHandler' driver.
INFO - 2024-06-24 17:06:31 --> Cart Class Initialized
INFO - 2024-06-24 17:06:31 --> Session: Class initialized using 'CodeIgniter\Session\Handlers\FileHandler' driver.
INFO - 2024-06-24 17:06:31 --> Cart Class Initialized
INFO - 2024-06-24 17:06:32 --> Session: Class initialized using 'CodeIgniter\Session\Handlers\FileHandler' driver.
INFO - 2024-06-24 17:06:32 --> Cart Class Initialized
INFO - 2024-06-24 17:06:32 --> Session: Class initialized using 'CodeIgniter\Session\Handlers\FileHandler' driver.
INFO - 2024-06-24 17:06:32 --> Cart Class Initialized
INFO - 2024-06-24 17:06:46 --> Session: Class initialized using 'CodeIgniter\Session\Handlers\FileHandler' driver.
INFO - 2024-06-24 17:06:46 --> Cart Class Initialized
INFO - 2024-06-24 17:06:48 --> Session: Class initialized using 'CodeIgniter\Session\Handlers\FileHandler' driver.
INFO - 2024-06-24 17:06:48 --> Cart Class Initialized
INFO - 2024-06-24 17:06:49 --> Session: Class initialized using 'CodeIgniter\Session\Handlers\FileHandler' driver.
INFO - 2024-06-24 17:06:49 --> Cart Class Initialized
INFO - 2024-06-24 17:07:08 --> Session: Class initialized using 'CodeIgniter\Session\Handlers\FileHandler' driver.
INFO - 2024-06-24 17:07:08 --> Cart Class Initialized
INFO - 2024-06-24 17:07:10 --> Session: Class initialized using 'CodeIgniter\Session\Handlers\FileHandler' driver.
INFO - 2024-06-24 17:07:10 --> Cart Class Initialized
INFO - 2024-06-24 17:07:10 --> Session: Class initialized using 'CodeIgniter\Session\Handlers\FileHandler' driver.
INFO - 2024-06-24 17:07:10 --> Cart Class Initialized
INFO - 2024-06-24 17:07:41 --> Session: Class initialized using 'CodeIgniter\Session\Handlers\FileHandler' driver.
INFO - 2024-06-24 17:07:41 --> Cart Class Initialized
INFO - 2024-06-24 17:07:47 --> Session: Class initialized using 'CodeIgniter\Session\Handlers\FileHandler' driver.
INFO - 2024-06-24 17:07:47 --> Cart Class Initialized
INFO - 2024-06-24 17:07:48 --> Session: Class initialized using 'CodeIgniter\Session\Handlers\FileHandler' driver.
INFO - 2024-06-24 17:07:48 --> Cart Class Initialized
INFO - 2024-06-24 17:07:48 --> Session: Class initialized using 'CodeIgniter\Session\Handlers\FileHandler' driver.
INFO - 2024-06-24 17:07:48 --> Cart Class Initialized
INFO - 2024-06-24 17:07:49 --> Session: Class initialized using 'CodeIgniter\Session\Handlers\FileHandler' driver.
INFO - 2024-06-24 17:07:49 --> Cart Class Initialized
INFO - 2024-06-24 17:07:49 --> Session: Class initialized using 'CodeIgniter\Session\Handlers\FileHandler' driver.
INFO - 2024-06-24 17:07:49 --> Cart Class Initialized
INFO - 2024-06-24 17:09:10 --> Session: Class initialized using 'CodeIgniter\Session\Handlers\FileHandler' driver.
INFO - 2024-06-24 17:09:10 --> Cart Class Initialized
INFO - 2024-06-24 17:09:11 --> Session: Class initialized using 'CodeIgniter\Session\Handlers\FileHandler' driver.
INFO - 2024-06-24 17:09:11 --> Cart Class Initialized
INFO - 2024-06-24 17:09:11 --> Session: Class initialized using 'CodeIgniter\Session\Handlers\FileHandler' driver.
INFO - 2024-06-24 17:09:12 --> Cart Class Initialized
INFO - 2024-06-24 17:09:13 --> Session: Class initialized using 'CodeIgniter\Session\Handlers\FileHandler' driver.
INFO - 2024-06-24 17:09:13 --> Cart Class Initialized
INFO - 2024-06-24 17:09:13 --> Session: Class initialized using 'CodeIgniter\Session\Handlers\FileHandler' driver.
INFO - 2024-06-24 17:09:13 --> Cart Class Initialized
INFO - 2024-06-24 17:09:14 --> Session: Class initialized using 'CodeIgniter\Session\Handlers\FileHandler' driver.
INFO - 2024-06-24 17:09:14 --> Cart Class Initialized
INFO - 2024-06-24 17:09:17 --> Session: Class initialized using 'CodeIgniter\Session\Handlers\FileHandler' driver.
INFO - 2024-06-24 17:09:17 --> Cart Class Initialized
INFO - 2024-06-24 17:09:19 --> Session: Class initialized using 'CodeIgniter\Session\Handlers\FileHandler' driver.
INFO - 2024-06-24 17:09:19 --> Cart Class Initialized
INFO - 2024-06-24 17:09:19 --> Session: Class initialized using 'CodeIgniter\Session\Handlers\FileHandler' driver.
INFO - 2024-06-24 17:09:19 --> Cart Class Initialized
INFO - 2024-06-24 17:12:59 --> Session: Class initialized using 'CodeIgniter\Session\Handlers\FileHandler' driver.
INFO - 2024-06-24 17:12:59 --> Cart Class Initialized
INFO - 2024-06-24 17:13:00 --> Session: Class initialized using 'CodeIgniter\Session\Handlers\FileHandler' driver.
INFO - 2024-06-24 17:13:00 --> Cart Class Initialized
INFO - 2024-06-24 17:13:00 --> Session: Class initialized using 'CodeIgniter\Session\Handlers\FileHandler' driver.
INFO - 2024-06-24 17:13:00 --> Cart Class Initialized
INFO - 2024-06-24 17:13:01 --> Session: Class initialized using 'CodeIgniter\Session\Handlers\FileHandler' driver.
INFO - 2024-06-24 17:13:01 --> Cart Class Initialized
INFO - 2024-06-24 17:13:01 --> Session: Class initialized using 'CodeIgniter\Session\Handlers\FileHandler' driver.
INFO - 2024-06-24 17:13:01 --> Cart Class Initialized
INFO - 2024-06-24 17:13:43 --> Session: Class initialized using 'CodeIgniter\Session\Handlers\FileHandler' driver.
INFO - 2024-06-24 17:13:43 --> Cart Class Initialized
INFO - 2024-06-24 17:13:43 --> Session: Class initialized using 'CodeIgniter\Session\Handlers\FileHandler' driver.
INFO - 2024-06-24 17:13:43 --> Cart Class Initialized
INFO - 2024-06-24 17:13:43 --> Session: Class initialized using 'CodeIgniter\Session\Handlers\FileHandler' driver.
INFO - 2024-06-24 17:13:43 --> Cart Class Initialized
INFO - 2024-06-24 17:13:43 --> Session: Class initialized using 'CodeIgniter\Session\Handlers\FileHandler' driver.
INFO - 2024-06-24 17:13:43 --> Cart Class Initialized
INFO - 2024-06-24 17:13:44 --> Session: Class initialized using 'CodeIgniter\Session\Handlers\FileHandler' driver.
INFO - 2024-06-24 17:13:44 --> Cart Class Initialized
INFO - 2024-06-24 17:13:44 --> Session: Class initialized using 'CodeIgniter\Session\Handlers\FileHandler' driver.
INFO - 2024-06-24 17:13:44 --> Cart Class Initialized
INFO - 2024-06-24 17:13:44 --> Session: Class initialized using 'CodeIgniter\Session\Handlers\FileHandler' driver.
INFO - 2024-06-24 17:13:44 --> Cart Class Initialized
INFO - 2024-06-24 17:13:44 --> Session: Class initialized using 'CodeIgniter\Session\Handlers\FileHandler' driver.
INFO - 2024-06-24 17:13:44 --> Cart Class Initialized
INFO - 2024-06-24 17:13:44 --> Session: Class initialized using 'CodeIgniter\Session\Handlers\FileHandler' driver.
INFO - 2024-06-24 17:13:44 --> Cart Class Initialized
INFO - 2024-06-24 17:13:44 --> Session: Class initialized using 'CodeIgniter\Session\Handlers\FileHandler' driver.
INFO - 2024-06-24 17:13:44 --> Cart Class Initialized
INFO - 2024-06-24 17:13:45 --> Session: Class initialized using 'CodeIgniter\Session\Handlers\FileHandler' driver.
INFO - 2024-06-24 17:13:45 --> Cart Class Initialized
INFO - 2024-06-24 17:13:45 --> Session: Class initialized using 'CodeIgniter\Session\Handlers\FileHandler' driver.
INFO - 2024-06-24 17:13:45 --> Cart Class Initialized
INFO - 2024-06-24 17:13:45 --> Session: Class initialized using 'CodeIgniter\Session\Handlers\FileHandler' driver.
INFO - 2024-06-24 17:13:45 --> Cart Class Initialized
INFO - 2024-06-24 17:13:45 --> Session: Class initialized using 'CodeIgniter\Session\Handlers\FileHandler' driver.
INFO - 2024-06-24 17:13:45 --> Cart Class Initialized
INFO - 2024-06-24 17:13:49 --> Session: Class initialized using 'CodeIgniter\Session\Handlers\FileHandler' driver.
INFO - 2024-06-24 17:13:49 --> Cart Class Initialized
INFO - 2024-06-24 17:13:49 --> Session: Class initialized using 'CodeIgniter\Session\Handlers\FileHandler' driver.
INFO - 2024-06-24 17:13:49 --> Cart Class Initialized
INFO - 2024-06-24 17:13:49 --> Session: Class initialized using 'CodeIgniter\Session\Handlers\FileHandler' driver.
INFO - 2024-06-24 17:13:49 --> Cart Class Initialized
INFO - 2024-06-24 17:13:49 --> Session: Class initialized using 'CodeIgniter\Session\Handlers\FileHandler' driver.
INFO - 2024-06-24 17:13:50 --> Cart Class Initialized
INFO - 2024-06-24 17:14:04 --> Session: Class initialized using 'CodeIgniter\Session\Handlers\FileHandler' driver.
INFO - 2024-06-24 17:14:04 --> Cart Class Initialized
INFO - 2024-06-24 17:14:06 --> Session: Class initialized using 'CodeIgniter\Session\Handlers\FileHandler' driver.
INFO - 2024-06-24 17:14:06 --> Cart Class Initialized
INFO - 2024-06-24 17:14:06 --> Session: Class initialized using 'CodeIgniter\Session\Handlers\FileHandler' driver.
INFO - 2024-06-24 17:14:06 --> Cart Class Initialized
INFO - 2024-06-24 17:14:07 --> Session: Class initialized using 'CodeIgniter\Session\Handlers\FileHandler' driver.
INFO - 2024-06-24 17:14:07 --> Cart Class Initialized
INFO - 2024-06-24 17:14:07 --> Session: Class initialized using 'CodeIgniter\Session\Handlers\FileHandler' driver.
INFO - 2024-06-24 17:14:07 --> Cart Class Initialized
INFO - 2024-06-24 17:14:21 --> Session: Class initialized using 'CodeIgniter\Session\Handlers\FileHandler' driver.
INFO - 2024-06-24 17:14:21 --> Cart Class Initialized
INFO - 2024-06-24 17:14:23 --> Session: Class initialized using 'CodeIgniter\Session\Handlers\FileHandler' driver.
INFO - 2024-06-24 17:14:23 --> Cart Class Initialized
INFO - 2024-06-24 17:14:23 --> Session: Class initialized using 'CodeIgniter\Session\Handlers\FileHandler' driver.
INFO - 2024-06-24 17:14:23 --> Cart Class Initialized
INFO - 2024-06-24 17:14:24 --> Session: Class initialized using 'CodeIgniter\Session\Handlers\FileHandler' driver.
INFO - 2024-06-24 17:14:24 --> Cart Class Initialized
INFO - 2024-06-24 17:14:24 --> Session: Class initialized using 'CodeIgniter\Session\Handlers\FileHandler' driver.
INFO - 2024-06-24 17:14:24 --> Cart Class Initialized
INFO - 2024-06-24 17:14:55 --> Session: Class initialized using 'CodeIgniter\Session\Handlers\FileHandler' driver.
INFO - 2024-06-24 17:14:55 --> Cart Class Initialized
INFO - 2024-06-24 17:14:55 --> Session: Class initialized using 'CodeIgniter\Session\Handlers\FileHandler' driver.
INFO - 2024-06-24 17:14:55 --> Cart Class Initialized
INFO - 2024-06-24 17:15:22 --> Session: Class initialized using 'CodeIgniter\Session\Handlers\FileHandler' driver.
INFO - 2024-06-24 17:15:22 --> Session: Class initialized using 'CodeIgniter\Session\Handlers\FileHandler' driver.
INFO - 2024-06-24 17:15:22 --> Cart Class Initialized
INFO - 2024-06-24 17:15:24 --> Session: Class initialized using 'CodeIgniter\Session\Handlers\FileHandler' driver.
INFO - 2024-06-24 17:15:24 --> Cart Class Initialized
INFO - 2024-06-24 17:15:40 --> Session: Class initialized using 'CodeIgniter\Session\Handlers\FileHandler' driver.
INFO - 2024-06-24 17:15:40 --> Session: Class initialized using 'CodeIgniter\Session\Handlers\FileHandler' driver.
INFO - 2024-06-24 17:15:40 --> Cart Class Initialized
INFO - 2024-06-24 17:17:34 --> Session: Class initialized using 'CodeIgniter\Session\Handlers\FileHandler' driver.
INFO - 2024-06-24 17:17:34 --> Cart Class Initialized
INFO - 2024-06-24 17:17:35 --> Session: Class initialized using 'CodeIgniter\Session\Handlers\FileHandler' driver.
INFO - 2024-06-24 17:17:35 --> Cart Class Initialized
INFO - 2024-06-24 17:17:37 --> Session: Class initialized using 'CodeIgniter\Session\Handlers\FileHandler' driver.
INFO - 2024-06-24 17:17:37 --> Cart Class Initialized
INFO - 2024-06-24 17:17:37 --> Session: Class initialized using 'CodeIgniter\Session\Handlers\FileHandler' driver.
INFO - 2024-06-24 17:17:37 --> Cart Class Initialized
INFO - 2024-06-24 17:17:37 --> Session: Class initialized using 'CodeIgniter\Session\Handlers\FileHandler' driver.
INFO - 2024-06-24 17:17:37 --> Cart Class Initialized
INFO - 2024-06-24 17:17:37 --> Session: Class initialized using 'CodeIgniter\Session\Handlers\FileHandler' driver.
INFO - 2024-06-24 17:17:37 --> Cart Class Initialized
INFO - 2024-06-24 17:17:38 --> Session: Class initialized using 'CodeIgniter\Session\Handlers\FileHandler' driver.
INFO - 2024-06-24 17:17:38 --> Cart Class Initialized
INFO - 2024-06-24 17:17:38 --> Session: Class initialized using 'CodeIgniter\Session\Handlers\FileHandler' driver.
INFO - 2024-06-24 17:17:38 --> Cart Class Initialized
INFO - 2024-06-24 17:17:39 --> Session: Class initialized using 'CodeIgniter\Session\Handlers\FileHandler' driver.
INFO - 2024-06-24 17:17:39 --> Cart Class Initialized
INFO - 2024-06-24 17:17:39 --> Session: Class initialized using 'CodeIgniter\Session\Handlers\FileHandler' driver.
INFO - 2024-06-24 17:17:39 --> Cart Class Initialized
INFO - 2024-06-24 17:17:39 --> Session: Class initialized using 'CodeIgniter\Session\Handlers\FileHandler' driver.
INFO - 2024-06-24 17:17:39 --> Cart Class Initialized
INFO - 2024-06-24 17:17:39 --> Session: Class initialized using 'CodeIgniter\Session\Handlers\FileHandler' driver.
INFO - 2024-06-24 17:17:39 --> Cart Class Initialized
INFO - 2024-06-24 17:18:01 --> Session: Class initialized using 'CodeIgniter\Session\Handlers\FileHandler' driver.
INFO - 2024-06-24 17:18:01 --> Cart Class Initialized
INFO - 2024-06-24 17:18:06 --> Session: Class initialized using 'CodeIgniter\Session\Handlers\FileHandler' driver.
INFO - 2024-06-24 17:18:06 --> Session: Class initialized using 'CodeIgniter\Session\Handlers\FileHandler' driver.
INFO - 2024-06-24 17:18:06 --> Cart Class Initialized
INFO - 2024-06-24 17:18:08 --> Session: Class initialized using 'CodeIgniter\Session\Handlers\FileHandler' driver.
INFO - 2024-06-24 17:18:08 --> Cart Class Initialized
INFO - 2024-06-24 17:18:12 --> Session: Class initialized using 'CodeIgniter\Session\Handlers\FileHandler' driver.
INFO - 2024-06-24 17:18:12 --> Cart Class Initialized
INFO - 2024-06-24 17:18:13 --> Session: Class initialized using 'CodeIgniter\Session\Handlers\FileHandler' driver.
INFO - 2024-06-24 17:18:13 --> Cart Class Initialized
INFO - 2024-06-24 17:20:35 --> Session: Class initialized using 'CodeIgniter\Session\Handlers\FileHandler' driver.
INFO - 2024-06-24 17:20:35 --> Cart Class Initialized
INFO - 2024-06-24 17:20:37 --> Session: Class initialized using 'CodeIgniter\Session\Handlers\FileHandler' driver.
INFO - 2024-06-24 17:20:37 --> Cart Class Initialized
INFO - 2024-06-24 17:20:38 --> Session: Class initialized using 'CodeIgniter\Session\Handlers\FileHandler' driver.
INFO - 2024-06-24 17:20:38 --> Cart Class Initialized
INFO - 2024-06-24 17:20:39 --> Session: Class initialized using 'CodeIgniter\Session\Handlers\FileHandler' driver.
INFO - 2024-06-24 17:20:39 --> Cart Class Initialized
INFO - 2024-06-24 17:20:39 --> Session: Class initialized using 'CodeIgniter\Session\Handlers\FileHandler' driver.
INFO - 2024-06-24 17:20:39 --> Cart Class Initialized
INFO - 2024-06-24 17:22:45 --> Session: Class initialized using 'CodeIgniter\Session\Handlers\FileHandler' driver.
INFO - 2024-06-24 17:22:45 --> Cart Class Initialized
INFO - 2024-06-24 17:22:47 --> Session: Class initialized using 'CodeIgniter\Session\Handlers\FileHandler' driver.
INFO - 2024-06-24 17:22:47 --> Cart Class Initialized
INFO - 2024-06-24 17:22:47 --> Session: Class initialized using 'CodeIgniter\Session\Handlers\FileHandler' driver.
INFO - 2024-06-24 17:22:47 --> Cart Class Initialized
INFO - 2024-06-24 17:24:20 --> Session: Class initialized using 'CodeIgniter\Session\Handlers\FileHandler' driver.
INFO - 2024-06-24 17:24:20 --> Cart Class Initialized
INFO - 2024-06-24 17:24:24 --> Session: Class initialized using 'CodeIgniter\Session\Handlers\FileHandler' driver.
INFO - 2024-06-24 17:24:24 --> Cart Class Initialized
INFO - 2024-06-24 17:24:24 --> Session: Class initialized using 'CodeIgniter\Session\Handlers\FileHandler' driver.
INFO - 2024-06-24 17:24:24 --> Cart Class Initialized
INFO - 2024-06-24 17:24:44 --> Session: Class initialized using 'CodeIgniter\Session\Handlers\FileHandler' driver.
INFO - 2024-06-24 17:24:44 --> Cart Class Initialized
INFO - 2024-06-24 17:24:48 --> Session: Class initialized using 'CodeIgniter\Session\Handlers\FileHandler' driver.
INFO - 2024-06-24 17:24:48 --> Cart Class Initialized
INFO - 2024-06-24 17:24:48 --> Session: Class initialized using 'CodeIgniter\Session\Handlers\FileHandler' driver.
INFO - 2024-06-24 17:24:48 --> Cart Class Initialized
INFO - 2024-06-24 17:29:37 --> Session: Class initialized using 'CodeIgniter\Session\Handlers\FileHandler' driver.
INFO - 2024-06-24 17:29:37 --> Cart Class Initialized
INFO - 2024-06-24 17:29:38 --> Session: Class initialized using 'CodeIgniter\Session\Handlers\FileHandler' driver.
INFO - 2024-06-24 17:29:38 --> Cart Class Initialized
INFO - 2024-06-24 17:29:38 --> Session: Class initialized using 'CodeIgniter\Session\Handlers\FileHandler' driver.
INFO - 2024-06-24 17:29:38 --> Cart Class Initialized
INFO - 2024-06-24 17:29:59 --> Session: Class initialized using 'CodeIgniter\Session\Handlers\FileHandler' driver.
INFO - 2024-06-24 17:29:59 --> Cart Class Initialized
INFO - 2024-06-24 17:30:01 --> Session: Class initialized using 'CodeIgniter\Session\Handlers\FileHandler' driver.
INFO - 2024-06-24 17:30:01 --> Cart Class Initialized
INFO - 2024-06-24 17:30:01 --> Session: Class initialized using 'CodeIgniter\Session\Handlers\FileHandler' driver.
INFO - 2024-06-24 17:30:01 --> Cart Class Initialized
INFO - 2024-06-24 17:30:56 --> Session: Class initialized using 'CodeIgniter\Session\Handlers\FileHandler' driver.
INFO - 2024-06-24 17:30:56 --> Cart Class Initialized
INFO - 2024-06-24 17:30:58 --> Session: Class initialized using 'CodeIgniter\Session\Handlers\FileHandler' driver.
INFO - 2024-06-24 17:30:58 --> Cart Class Initialized
INFO - 2024-06-24 17:30:58 --> Session: Class initialized using 'CodeIgniter\Session\Handlers\FileHandler' driver.
INFO - 2024-06-24 17:30:58 --> Cart Class Initialized
INFO - 2024-06-24 17:31:17 --> Session: Class initialized using 'CodeIgniter\Session\Handlers\FileHandler' driver.
INFO - 2024-06-24 17:31:17 --> Cart Class Initialized
INFO - 2024-06-24 17:31:20 --> Session: Class initialized using 'CodeIgniter\Session\Handlers\FileHandler' driver.
INFO - 2024-06-24 17:31:20 --> Cart Class Initialized
INFO - 2024-06-24 17:31:20 --> Session: Class initialized using 'CodeIgniter\Session\Handlers\FileHandler' driver.
INFO - 2024-06-24 17:31:20 --> Cart Class Initialized
INFO - 2024-06-24 17:32:00 --> Session: Class initialized using 'CodeIgniter\Session\Handlers\FileHandler' driver.
INFO - 2024-06-24 17:32:00 --> Cart Class Initialized
INFO - 2024-06-24 17:32:01 --> Session: Class initialized using 'CodeIgniter\Session\Handlers\FileHandler' driver.
INFO - 2024-06-24 17:32:01 --> Cart Class Initialized
INFO - 2024-06-24 17:32:02 --> Session: Class initialized using 'CodeIgniter\Session\Handlers\FileHandler' driver.
INFO - 2024-06-24 17:32:02 --> Cart Class Initialized
INFO - 2024-06-24 17:32:04 --> Session: Class initialized using 'CodeIgniter\Session\Handlers\FileHandler' driver.
INFO - 2024-06-24 17:32:04 --> Cart Class Initialized
CRITICAL - 2024-06-24 17:32:04 --> Undefined variable $productoCarrito
in APPPATH\Controllers\Cart.php on line 63.
 1 APPPATH\Controllers\Cart.php(63): CodeIgniter\Debug\Exceptions->errorHandler(2, 'Undefined variable $productoCarrito', 'APPPATH\\Controllers\\Cart.php', 63)
 2 SYSTEMPATH\CodeIgniter.php(934): App\Controllers\Cart->add('3')
 3 SYSTEMPATH\CodeIgniter.php(499): CodeIgniter\CodeIgniter->runController(Object(App\Controllers\Cart))
 4 SYSTEMPATH\CodeIgniter.php(368): CodeIgniter\CodeIgniter->handleRequest(null, Object(Config\Cache), false)
 5 FCPATH\index.php(68): CodeIgniter\CodeIgniter->run()
INFO - 2024-06-24 17:32:22 --> Session: Class initialized using 'CodeIgniter\Session\Handlers\FileHandler' driver.
INFO - 2024-06-24 17:32:22 --> Cart Class Initialized
INFO - 2024-06-24 17:32:24 --> Session: Class initialized using 'CodeIgniter\Session\Handlers\FileHandler' driver.
INFO - 2024-06-24 17:32:24 --> Cart Class Initialized
CRITICAL - 2024-06-24 17:32:24 --> Undefined variable $productoCarrito
in APPPATH\Controllers\Cart.php on line 63.
 1 APPPATH\Controllers\Cart.php(63): CodeIgniter\Debug\Exceptions->errorHandler(2, 'Undefined variable $productoCarrito', 'APPPATH\\Controllers\\Cart.php', 63)
 2 SYSTEMPATH\CodeIgniter.php(934): App\Controllers\Cart->add('4')
 3 SYSTEMPATH\CodeIgniter.php(499): CodeIgniter\CodeIgniter->runController(Object(App\Controllers\Cart))
 4 SYSTEMPATH\CodeIgniter.php(368): CodeIgniter\CodeIgniter->handleRequest(null, Object(Config\Cache), false)
 5 FCPATH\index.php(68): CodeIgniter\CodeIgniter->run()
INFO - 2024-06-24 17:32:24 --> Session: Class initialized using 'CodeIgniter\Session\Handlers\FileHandler' driver.
INFO - 2024-06-24 17:32:24 --> Cart Class Initialized
INFO - 2024-06-24 17:32:52 --> Session: Class initialized using 'CodeIgniter\Session\Handlers\FileHandler' driver.
INFO - 2024-06-24 17:32:52 --> Cart Class Initialized
INFO - 2024-06-24 17:32:54 --> Session: Class initialized using 'CodeIgniter\Session\Handlers\FileHandler' driver.
INFO - 2024-06-24 17:32:54 --> Cart Class Initialized
INFO - 2024-06-24 17:32:54 --> Session: Class initialized using 'CodeIgniter\Session\Handlers\FileHandler' driver.
INFO - 2024-06-24 17:32:54 --> Cart Class Initialized
INFO - 2024-06-24 17:32:55 --> Session: Class initialized using 'CodeIgniter\Session\Handlers\FileHandler' driver.
INFO - 2024-06-24 17:32:55 --> Cart Class Initialized
INFO - 2024-06-24 17:32:57 --> Session: Class initialized using 'CodeIgniter\Session\Handlers\FileHandler' driver.
INFO - 2024-06-24 17:32:57 --> Cart Class Initialized
INFO - 2024-06-24 17:32:57 --> Session: Class initialized using 'CodeIgniter\Session\Handlers\FileHandler' driver.
INFO - 2024-06-24 17:32:57 --> Cart Class Initialized
INFO - 2024-06-24 17:33:00 --> Session: Class initialized using 'CodeIgniter\Session\Handlers\FileHandler' driver.
INFO - 2024-06-24 17:33:00 --> Cart Class Initialized
CRITICAL - 2024-06-24 17:33:00 --> Undefined variable $productoCarrito
in APPPATH\Controllers\Cart.php on line 62.
 1 APPPATH\Controllers\Cart.php(62): CodeIgniter\Debug\Exceptions->errorHandler(2, 'Undefined variable $productoCarrito', 'APPPATH\\Controllers\\Cart.php', 62)
 2 SYSTEMPATH\CodeIgniter.php(934): App\Controllers\Cart->add('3')
 3 SYSTEMPATH\CodeIgniter.php(499): CodeIgniter\CodeIgniter->runController(Object(App\Controllers\Cart))
 4 SYSTEMPATH\CodeIgniter.php(368): CodeIgniter\CodeIgniter->handleRequest(null, Object(Config\Cache), false)
 5 FCPATH\index.php(68): CodeIgniter\CodeIgniter->run()
INFO - 2024-06-24 17:33:14 --> Session: Class initialized using 'CodeIgniter\Session\Handlers\FileHandler' driver.
INFO - 2024-06-24 17:33:14 --> Cart Class Initialized
INFO - 2024-06-24 17:33:44 --> Session: Class initialized using 'CodeIgniter\Session\Handlers\FileHandler' driver.
INFO - 2024-06-24 17:33:44 --> Cart Class Initialized
CRITICAL - 2024-06-24 17:33:44 --> Undefined variable $productoCarrito
in APPPATH\Controllers\Cart.php on line 62.
 1 APPPATH\Controllers\Cart.php(62): CodeIgniter\Debug\Exceptions->errorHandler(2, 'Undefined variable $productoCarrito', 'APPPATH\\Controllers\\Cart.php', 62)
 2 SYSTEMPATH\CodeIgniter.php(934): App\Controllers\Cart->add('1')
 3 SYSTEMPATH\CodeIgniter.php(499): CodeIgniter\CodeIgniter->runController(Object(App\Controllers\Cart))
 4 SYSTEMPATH\CodeIgniter.php(368): CodeIgniter\CodeIgniter->handleRequest(null, Object(Config\Cache), false)
 5 FCPATH\index.php(68): CodeIgniter\CodeIgniter->run()
INFO - 2024-06-24 17:33:47 --> Session: Class initialized using 'CodeIgniter\Session\Handlers\FileHandler' driver.
INFO - 2024-06-24 17:33:47 --> Cart Class Initialized
INFO - 2024-06-24 17:33:48 --> Session: Class initialized using 'CodeIgniter\Session\Handlers\FileHandler' driver.
INFO - 2024-06-24 17:33:48 --> Cart Class Initialized
INFO - 2024-06-24 17:33:48 --> Session: Class initialized using 'CodeIgniter\Session\Handlers\FileHandler' driver.
INFO - 2024-06-24 17:33:48 --> Cart Class Initialized
INFO - 2024-06-24 17:35:14 --> Session: Class initialized using 'CodeIgniter\Session\Handlers\FileHandler' driver.
INFO - 2024-06-24 17:35:14 --> Cart Class Initialized
INFO - 2024-06-24 17:35:16 --> Session: Class initialized using 'CodeIgniter\Session\Handlers\FileHandler' driver.
INFO - 2024-06-24 17:35:16 --> Cart Class Initialized
INFO - 2024-06-24 17:35:16 --> Session: Class initialized using 'CodeIgniter\Session\Handlers\FileHandler' driver.
INFO - 2024-06-24 17:35:16 --> Cart Class Initialized
INFO - 2024-06-24 17:35:16 --> Session: Class initialized using 'CodeIgniter\Session\Handlers\FileHandler' driver.
INFO - 2024-06-24 17:35:16 --> Cart Class Initialized
INFO - 2024-06-24 17:35:17 --> Session: Class initialized using 'CodeIgniter\Session\Handlers\FileHandler' driver.
INFO - 2024-06-24 17:35:17 --> Cart Class Initialized
INFO - 2024-06-24 17:35:19 --> Session: Class initialized using 'CodeIgniter\Session\Handlers\FileHandler' driver.
INFO - 2024-06-24 17:35:19 --> Cart Class Initialized
INFO - 2024-06-24 17:35:19 --> Session: Class initialized using 'CodeIgniter\Session\Handlers\FileHandler' driver.
INFO - 2024-06-24 17:35:19 --> Cart Class Initialized
INFO - 2024-06-24 17:35:21 --> Session: Class initialized using 'CodeIgniter\Session\Handlers\FileHandler' driver.
INFO - 2024-06-24 17:35:21 --> Cart Class Initialized
CRITICAL - 2024-06-24 17:35:21 --> Undefined variable $productoCarrito
in APPPATH\Controllers\Cart.php on line 63.
 1 APPPATH\Controllers\Cart.php(63): CodeIgniter\Debug\Exceptions->errorHandler(2, 'Undefined variable $productoCarrito', 'APPPATH\\Controllers\\Cart.php', 63)
 2 SYSTEMPATH\CodeIgniter.php(934): App\Controllers\Cart->add('3')
 3 SYSTEMPATH\CodeIgniter.php(499): CodeIgniter\CodeIgniter->runController(Object(App\Controllers\Cart))
 4 SYSTEMPATH\CodeIgniter.php(368): CodeIgniter\CodeIgniter->handleRequest(null, Object(Config\Cache), false)
 5 FCPATH\index.php(68): CodeIgniter\CodeIgniter->run()
INFO - 2024-06-24 17:35:29 --> Session: Class initialized using 'CodeIgniter\Session\Handlers\FileHandler' driver.
INFO - 2024-06-24 17:35:29 --> Cart Class Initialized
INFO - 2024-06-24 17:35:31 --> Session: Class initialized using 'CodeIgniter\Session\Handlers\FileHandler' driver.
INFO - 2024-06-24 17:35:31 --> Cart Class Initialized
INFO - 2024-06-24 17:35:31 --> Session: Class initialized using 'CodeIgniter\Session\Handlers\FileHandler' driver.
INFO - 2024-06-24 17:35:31 --> Cart Class Initialized
INFO - 2024-06-24 17:35:33 --> Session: Class initialized using 'CodeIgniter\Session\Handlers\FileHandler' driver.
INFO - 2024-06-24 17:35:33 --> Cart Class Initialized
CRITICAL - 2024-06-24 17:35:33 --> Undefined variable $productoCarrito
in APPPATH\Controllers\Cart.php on line 63.
 1 APPPATH\Controllers\Cart.php(63): CodeIgniter\Debug\Exceptions->errorHandler(2, 'Undefined variable $productoCarrito', 'APPPATH\\Controllers\\Cart.php', 63)
 2 SYSTEMPATH\CodeIgniter.php(934): App\Controllers\Cart->add('2')
 3 SYSTEMPATH\CodeIgniter.php(499): CodeIgniter\CodeIgniter->runController(Object(App\Controllers\Cart))
 4 SYSTEMPATH\CodeIgniter.php(368): CodeIgniter\CodeIgniter->handleRequest(null, Object(Config\Cache), false)
 5 FCPATH\index.php(68): CodeIgniter\CodeIgniter->run()
INFO - 2024-06-24 17:35:35 --> Session: Class initialized using 'CodeIgniter\Session\Handlers\FileHandler' driver.
INFO - 2024-06-24 17:35:35 --> Cart Class Initialized
INFO - 2024-06-24 17:35:36 --> Session: Class initialized using 'CodeIgniter\Session\Handlers\FileHandler' driver.
INFO - 2024-06-24 17:35:36 --> Cart Class Initialized
INFO - 2024-06-24 17:35:38 --> Session: Class initialized using 'CodeIgniter\Session\Handlers\FileHandler' driver.
INFO - 2024-06-24 17:35:38 --> Cart Class Initialized
INFO - 2024-06-24 17:35:38 --> Session: Class initialized using 'CodeIgniter\Session\Handlers\FileHandler' driver.
INFO - 2024-06-24 17:35:38 --> Cart Class Initialized
INFO - 2024-06-24 17:35:38 --> Session: Class initialized using 'CodeIgniter\Session\Handlers\FileHandler' driver.
INFO - 2024-06-24 17:35:38 --> Cart Class Initialized
INFO - 2024-06-24 17:35:39 --> Session: Class initialized using 'CodeIgniter\Session\Handlers\FileHandler' driver.
INFO - 2024-06-24 17:35:39 --> Cart Class Initialized
INFO - 2024-06-24 17:35:40 --> Session: Class initialized using 'CodeIgniter\Session\Handlers\FileHandler' driver.
INFO - 2024-06-24 17:35:40 --> Cart Class Initialized
INFO - 2024-06-24 17:35:41 --> Session: Class initialized using 'CodeIgniter\Session\Handlers\FileHandler' driver.
INFO - 2024-06-24 17:35:41 --> Cart Class Initialized
INFO - 2024-06-24 17:35:43 --> Session: Class initialized using 'CodeIgniter\Session\Handlers\FileHandler' driver.
INFO - 2024-06-24 17:35:43 --> Cart Class Initialized
INFO - 2024-06-24 17:35:43 --> Session: Class initialized using 'CodeIgniter\Session\Handlers\FileHandler' driver.
INFO - 2024-06-24 17:35:43 --> Cart Class Initialized
INFO - 2024-06-24 17:35:45 --> Session: Class initialized using 'CodeIgniter\Session\Handlers\FileHandler' driver.
INFO - 2024-06-24 17:35:45 --> Cart Class Initialized
CRITICAL - 2024-06-24 17:35:45 --> Undefined variable $productoCarrito
in APPPATH\Controllers\Cart.php on line 63.
 1 APPPATH\Controllers\Cart.php(63): CodeIgniter\Debug\Exceptions->errorHandler(2, 'Undefined variable $productoCarrito', 'APPPATH\\Controllers\\Cart.php', 63)
 2 SYSTEMPATH\CodeIgniter.php(934): App\Controllers\Cart->add('2')
 3 SYSTEMPATH\CodeIgniter.php(499): CodeIgniter\CodeIgniter->runController(Object(App\Controllers\Cart))
 4 SYSTEMPATH\CodeIgniter.php(368): CodeIgniter\CodeIgniter->handleRequest(null, Object(Config\Cache), false)
 5 FCPATH\index.php(68): CodeIgniter\CodeIgniter->run()
INFO - 2024-06-24 17:35:46 --> Session: Class initialized using 'CodeIgniter\Session\Handlers\FileHandler' driver.
INFO - 2024-06-24 17:35:46 --> Cart Class Initialized
INFO - 2024-06-24 17:35:47 --> Session: Class initialized using 'CodeIgniter\Session\Handlers\FileHandler' driver.
INFO - 2024-06-24 17:35:47 --> Cart Class Initialized
INFO - 2024-06-24 17:35:48 --> Session: Class initialized using 'CodeIgniter\Session\Handlers\FileHandler' driver.
INFO - 2024-06-24 17:35:48 --> Cart Class Initialized
INFO - 2024-06-24 17:35:48 --> Session: Class initialized using 'CodeIgniter\Session\Handlers\FileHandler' driver.
INFO - 2024-06-24 17:35:48 --> Cart Class Initialized
INFO - 2024-06-24 17:36:42 --> Session: Class initialized using 'CodeIgniter\Session\Handlers\FileHandler' driver.
INFO - 2024-06-24 17:36:42 --> Cart Class Initialized
INFO - 2024-06-24 17:36:43 --> Session: Class initialized using 'CodeIgniter\Session\Handlers\FileHandler' driver.
INFO - 2024-06-24 17:36:43 --> Cart Class Initialized
INFO - 2024-06-24 17:36:45 --> Session: Class initialized using 'CodeIgniter\Session\Handlers\FileHandler' driver.
INFO - 2024-06-24 17:36:45 --> Cart Class Initialized
INFO - 2024-06-24 17:36:45 --> Session: Class initialized using 'CodeIgniter\Session\Handlers\FileHandler' driver.
INFO - 2024-06-24 17:36:45 --> Cart Class Initialized
INFO - 2024-06-24 17:39:31 --> Session: Class initialized using 'CodeIgniter\Session\Handlers\FileHandler' driver.
INFO - 2024-06-24 17:39:31 --> Cart Class Initialized
INFO - 2024-06-24 17:39:31 --> Session: Class initialized using 'CodeIgniter\Session\Handlers\FileHandler' driver.
INFO - 2024-06-24 17:39:31 --> Cart Class Initialized
INFO - 2024-06-24 17:39:32 --> Session: Class initialized using 'CodeIgniter\Session\Handlers\FileHandler' driver.
INFO - 2024-06-24 17:39:32 --> Cart Class Initialized
CRITICAL - 2024-06-24 17:39:32 --> Undefined variable $productoCarrito
in APPPATH\Controllers\Cart.php on line 63.
 1 APPPATH\Controllers\Cart.php(63): CodeIgniter\Debug\Exceptions->errorHandler(2, 'Undefined variable $productoCarrito', 'APPPATH\\Controllers\\Cart.php', 63)
 2 SYSTEMPATH\CodeIgniter.php(934): App\Controllers\Cart->add('2')
 3 SYSTEMPATH\CodeIgniter.php(499): CodeIgniter\CodeIgniter->runController(Object(App\Controllers\Cart))
 4 SYSTEMPATH\CodeIgniter.php(368): CodeIgniter\CodeIgniter->handleRequest(null, Object(Config\Cache), false)
 5 FCPATH\index.php(68): CodeIgniter\CodeIgniter->run()
INFO - 2024-06-24 17:45:27 --> Session: Class initialized using 'CodeIgniter\Session\Handlers\FileHandler' driver.
INFO - 2024-06-24 17:45:27 --> Cart Class Initialized
INFO - 2024-06-24 17:56:51 --> Session: Class initialized using 'CodeIgniter\Session\Handlers\FileHandler' driver.
INFO - 2024-06-24 17:56:51 --> Cart Class Initialized
INFO - 2024-06-24 17:56:56 --> Session: Class initialized using 'CodeIgniter\Session\Handlers\FileHandler' driver.
INFO - 2024-06-24 17:56:56 --> Cart Class Initialized
INFO - 2024-06-24 17:56:57 --> Session: Class initialized using 'CodeIgniter\Session\Handlers\FileHandler' driver.
INFO - 2024-06-24 17:56:57 --> Cart Class Initialized
INFO - 2024-06-24 17:56:58 --> Session: Class initialized using 'CodeIgniter\Session\Handlers\FileHandler' driver.
INFO - 2024-06-24 17:56:58 --> Cart Class Initialized
INFO - 2024-06-24 17:57:00 --> Session: Class initialized using 'CodeIgniter\Session\Handlers\FileHandler' driver.
INFO - 2024-06-24 17:57:00 --> Cart Class Initialized
INFO - 2024-06-24 17:57:00 --> Session: Class initialized using 'CodeIgniter\Session\Handlers\FileHandler' driver.
INFO - 2024-06-24 17:57:00 --> Cart Class Initialized
INFO - 2024-06-24 17:57:00 --> Session: Class initialized using 'CodeIgniter\Session\Handlers\FileHandler' driver.
INFO - 2024-06-24 17:57:00 --> Cart Class Initialized
INFO - 2024-06-24 17:57:01 --> Session: Class initialized using 'CodeIgniter\Session\Handlers\FileHandler' driver.
INFO - 2024-06-24 17:57:01 --> Cart Class Initialized
INFO - 2024-06-24 17:57:03 --> Session: Class initialized using 'CodeIgniter\Session\Handlers\FileHandler' driver.
INFO - 2024-06-24 17:57:03 --> Cart Class Initialized
INFO - 2024-06-24 17:57:03 --> Session: Class initialized using 'CodeIgniter\Session\Handlers\FileHandler' driver.
INFO - 2024-06-24 17:57:03 --> Cart Class Initialized
INFO - 2024-06-24 17:57:03 --> Session: Class initialized using 'CodeIgniter\Session\Handlers\FileHandler' driver.
INFO - 2024-06-24 17:57:03 --> Cart Class Initialized
CRITICAL - 2024-06-24 17:57:03 --> Undefined variable $productoCarrito
in APPPATH\Controllers\Cart.php on line 53.
 1 APPPATH\Controllers\Cart.php(53): CodeIgniter\Debug\Exceptions->errorHandler(2, 'Undefined variable $productoCarrito', 'APPPATH\\Controllers\\Cart.php', 53)
 2 SYSTEMPATH\CodeIgniter.php(934): App\Controllers\Cart->add('2')
 3 SYSTEMPATH\CodeIgniter.php(499): CodeIgniter\CodeIgniter->runController(Object(App\Controllers\Cart))
 4 SYSTEMPATH\CodeIgniter.php(368): CodeIgniter\CodeIgniter->handleRequest(null, Object(Config\Cache), false)
 5 FCPATH\index.php(68): CodeIgniter\CodeIgniter->run()
INFO - 2024-06-24 17:58:26 --> Session: Class initialized using 'CodeIgniter\Session\Handlers\FileHandler' driver.
INFO - 2024-06-24 17:58:26 --> Cart Class Initialized
INFO - 2024-06-24 17:58:28 --> Session: Class initialized using 'CodeIgniter\Session\Handlers\FileHandler' driver.
INFO - 2024-06-24 17:58:28 --> Cart Class Initialized
INFO - 2024-06-24 17:58:28 --> Session: Class initialized using 'CodeIgniter\Session\Handlers\FileHandler' driver.
INFO - 2024-06-24 17:58:28 --> Cart Class Initialized
INFO - 2024-06-24 17:58:31 --> Session: Class initialized using 'CodeIgniter\Session\Handlers\FileHandler' driver.
INFO - 2024-06-24 17:58:31 --> Cart Class Initialized
INFO - 2024-06-24 17:58:31 --> Session: Class initialized using 'CodeIgniter\Session\Handlers\FileHandler' driver.
INFO - 2024-06-24 17:58:31 --> Cart Class Initialized
INFO - 2024-06-24 17:58:41 --> Session: Class initialized using 'CodeIgniter\Session\Handlers\FileHandler' driver.
INFO - 2024-06-24 17:58:41 --> Cart Class Initialized
INFO - 2024-06-24 17:58:42 --> Session: Class initialized using 'CodeIgniter\Session\Handlers\FileHandler' driver.
INFO - 2024-06-24 17:58:42 --> Cart Class Initialized
INFO - 2024-06-24 17:58:46 --> Session: Class initialized using 'CodeIgniter\Session\Handlers\FileHandler' driver.
INFO - 2024-06-24 17:58:46 --> Cart Class Initialized
INFO - 2024-06-24 17:58:46 --> Session: Class initialized using 'CodeIgniter\Session\Handlers\FileHandler' driver.
INFO - 2024-06-24 17:58:46 --> Cart Class Initialized
INFO - 2024-06-24 17:58:47 --> Session: Class initialized using 'CodeIgniter\Session\Handlers\FileHandler' driver.
INFO - 2024-06-24 17:58:47 --> Cart Class Initialized
INFO - 2024-06-24 17:58:47 --> Session: Class initialized using 'CodeIgniter\Session\Handlers\FileHandler' driver.
INFO - 2024-06-24 17:58:47 --> Cart Class Initialized
INFO - 2024-06-24 17:58:48 --> Session: Class initialized using 'CodeIgniter\Session\Handlers\FileHandler' driver.
INFO - 2024-06-24 17:58:48 --> Cart Class Initialized
INFO - 2024-06-24 17:58:48 --> Session: Class initialized using 'CodeIgniter\Session\Handlers\FileHandler' driver.
INFO - 2024-06-24 17:58:48 --> Cart Class Initialized
INFO - 2024-06-24 17:58:49 --> Session: Class initialized using 'CodeIgniter\Session\Handlers\FileHandler' driver.
INFO - 2024-06-24 17:58:49 --> Cart Class Initialized
INFO - 2024-06-24 17:58:49 --> Session: Class initialized using 'CodeIgniter\Session\Handlers\FileHandler' driver.
INFO - 2024-06-24 17:58:49 --> Cart Class Initialized
INFO - 2024-06-24 17:58:50 --> Session: Class initialized using 'CodeIgniter\Session\Handlers\FileHandler' driver.
INFO - 2024-06-24 17:58:50 --> Cart Class Initialized
INFO - 2024-06-24 17:58:51 --> Session: Class initialized using 'CodeIgniter\Session\Handlers\FileHandler' driver.
INFO - 2024-06-24 17:58:51 --> Cart Class Initialized
INFO - 2024-06-24 17:58:52 --> Session: Class initialized using 'CodeIgniter\Session\Handlers\FileHandler' driver.
INFO - 2024-06-24 17:58:52 --> Cart Class Initialized
INFO - 2024-06-24 17:58:52 --> Session: Class initialized using 'CodeIgniter\Session\Handlers\FileHandler' driver.
INFO - 2024-06-24 17:58:53 --> Cart Class Initialized
INFO - 2024-06-24 17:58:53 --> Session: Class initialized using 'CodeIgniter\Session\Handlers\FileHandler' driver.
INFO - 2024-06-24 17:58:53 --> Cart Class Initialized
INFO - 2024-06-24 17:58:53 --> Session: Class initialized using 'CodeIgniter\Session\Handlers\FileHandler' driver.
INFO - 2024-06-24 17:58:53 --> Cart Class Initialized
INFO - 2024-06-24 17:58:54 --> Session: Class initialized using 'CodeIgniter\Session\Handlers\FileHandler' driver.
INFO - 2024-06-24 17:58:54 --> Cart Class Initialized
INFO - 2024-06-24 17:58:54 --> Session: Class initialized using 'CodeIgniter\Session\Handlers\FileHandler' driver.
INFO - 2024-06-24 17:58:54 --> Cart Class Initialized
INFO - 2024-06-24 17:58:55 --> Session: Class initialized using 'CodeIgniter\Session\Handlers\FileHandler' driver.
INFO - 2024-06-24 17:58:55 --> Cart Class Initialized
INFO - 2024-06-24 17:58:55 --> Session: Class initialized using 'CodeIgniter\Session\Handlers\FileHandler' driver.
INFO - 2024-06-24 17:58:55 --> Cart Class Initialized
INFO - 2024-06-24 17:58:56 --> Session: Class initialized using 'CodeIgniter\Session\Handlers\FileHandler' driver.
INFO - 2024-06-24 17:58:56 --> Cart Class Initialized
INFO - 2024-06-24 17:58:58 --> Session: Class initialized using 'CodeIgniter\Session\Handlers\FileHandler' driver.
INFO - 2024-06-24 17:58:58 --> Cart Class Initialized
INFO - 2024-06-24 17:58:59 --> Session: Class initialized using 'CodeIgniter\Session\Handlers\FileHandler' driver.
INFO - 2024-06-24 17:58:59 --> Cart Class Initialized
INFO - 2024-06-24 17:58:59 --> Session: Class initialized using 'CodeIgniter\Session\Handlers\FileHandler' driver.
INFO - 2024-06-24 17:58:59 --> Cart Class Initialized
INFO - 2024-06-24 17:58:59 --> Session: Class initialized using 'CodeIgniter\Session\Handlers\FileHandler' driver.
INFO - 2024-06-24 17:58:59 --> Cart Class Initialized
INFO - 2024-06-24 17:58:59 --> Session: Class initialized using 'CodeIgniter\Session\Handlers\FileHandler' driver.
INFO - 2024-06-24 17:58:59 --> Cart Class Initialized
INFO - 2024-06-24 17:59:00 --> Session: Class initialized using 'CodeIgniter\Session\Handlers\FileHandler' driver.
INFO - 2024-06-24 17:59:00 --> Cart Class Initialized
INFO - 2024-06-24 17:59:00 --> Session: Class initialized using 'CodeIgniter\Session\Handlers\FileHandler' driver.
INFO - 2024-06-24 17:59:00 --> Cart Class Initialized
INFO - 2024-06-24 17:59:01 --> Session: Class initialized using 'CodeIgniter\Session\Handlers\FileHandler' driver.
INFO - 2024-06-24 17:59:01 --> Cart Class Initialized
INFO - 2024-06-24 17:59:01 --> Session: Class initialized using 'CodeIgniter\Session\Handlers\FileHandler' driver.
INFO - 2024-06-24 17:59:01 --> Cart Class Initialized
INFO - 2024-06-24 17:59:01 --> Session: Class initialized using 'CodeIgniter\Session\Handlers\FileHandler' driver.
INFO - 2024-06-24 17:59:01 --> Cart Class Initialized
INFO - 2024-06-24 17:59:01 --> Session: Class initialized using 'CodeIgniter\Session\Handlers\FileHandler' driver.
INFO - 2024-06-24 17:59:01 --> Cart Class Initialized
INFO - 2024-06-24 17:59:03 --> Session: Class initialized using 'CodeIgniter\Session\Handlers\FileHandler' driver.
INFO - 2024-06-24 17:59:03 --> Cart Class Initialized
INFO - 2024-06-24 17:59:05 --> Session: Class initialized using 'CodeIgniter\Session\Handlers\FileHandler' driver.
INFO - 2024-06-24 17:59:05 --> Cart Class Initialized
INFO - 2024-06-24 17:59:05 --> Session: Class initialized using 'CodeIgniter\Session\Handlers\FileHandler' driver.
INFO - 2024-06-24 17:59:05 --> Cart Class Initialized
INFO - 2024-06-24 17:59:06 --> Session: Class initialized using 'CodeIgniter\Session\Handlers\FileHandler' driver.
INFO - 2024-06-24 17:59:06 --> Cart Class Initialized
INFO - 2024-06-24 17:59:06 --> Session: Class initialized using 'CodeIgniter\Session\Handlers\FileHandler' driver.
INFO - 2024-06-24 17:59:06 --> Cart Class Initialized
INFO - 2024-06-24 17:59:08 --> Session: Class initialized using 'CodeIgniter\Session\Handlers\FileHandler' driver.
INFO - 2024-06-24 17:59:08 --> Cart Class Initialized
INFO - 2024-06-24 17:59:08 --> Session: Class initialized using 'CodeIgniter\Session\Handlers\FileHandler' driver.
INFO - 2024-06-24 17:59:08 --> Cart Class Initialized
INFO - 2024-06-24 17:59:09 --> Session: Class initialized using 'CodeIgniter\Session\Handlers\FileHandler' driver.
INFO - 2024-06-24 17:59:09 --> Cart Class Initialized
INFO - 2024-06-24 17:59:11 --> Session: Class initialized using 'CodeIgniter\Session\Handlers\FileHandler' driver.
INFO - 2024-06-24 17:59:11 --> Cart Class Initialized
INFO - 2024-06-24 17:59:11 --> Session: Class initialized using 'CodeIgniter\Session\Handlers\FileHandler' driver.
INFO - 2024-06-24 17:59:11 --> Cart Class Initialized
INFO - 2024-06-24 17:59:13 --> Session: Class initialized using 'CodeIgniter\Session\Handlers\FileHandler' driver.
INFO - 2024-06-24 17:59:13 --> Cart Class Initialized
INFO - 2024-06-24 17:59:13 --> Session: Class initialized using 'CodeIgniter\Session\Handlers\FileHandler' driver.
INFO - 2024-06-24 17:59:13 --> Cart Class Initialized
INFO - 2024-06-24 17:59:15 --> Session: Class initialized using 'CodeIgniter\Session\Handlers\FileHandler' driver.
INFO - 2024-06-24 17:59:15 --> Cart Class Initialized
INFO - 2024-06-24 17:59:15 --> Session: Class initialized using 'CodeIgniter\Session\Handlers\FileHandler' driver.
INFO - 2024-06-24 17:59:15 --> Cart Class Initialized
INFO - 2024-06-24 18:00:59 --> Session: Class initialized using 'CodeIgniter\Session\Handlers\FileHandler' driver.
INFO - 2024-06-24 18:00:59 --> Cart Class Initialized
INFO - 2024-06-24 18:01:02 --> Session: Class initialized using 'CodeIgniter\Session\Handlers\FileHandler' driver.
INFO - 2024-06-24 18:01:02 --> Cart Class Initialized
INFO - 2024-06-24 18:01:02 --> Session: Class initialized using 'CodeIgniter\Session\Handlers\FileHandler' driver.
INFO - 2024-06-24 18:01:02 --> Cart Class Initialized
INFO - 2024-06-24 18:01:05 --> Session: Class initialized using 'CodeIgniter\Session\Handlers\FileHandler' driver.
INFO - 2024-06-24 18:01:05 --> Cart Class Initialized
INFO - 2024-06-24 18:01:08 --> Session: Class initialized using 'CodeIgniter\Session\Handlers\FileHandler' driver.
INFO - 2024-06-24 18:01:08 --> Cart Class Initialized
INFO - 2024-06-24 18:01:08 --> Session: Class initialized using 'CodeIgniter\Session\Handlers\FileHandler' driver.
INFO - 2024-06-24 18:01:09 --> Cart Class Initialized
INFO - 2024-06-24 18:01:09 --> Session: Class initialized using 'CodeIgniter\Session\Handlers\FileHandler' driver.
INFO - 2024-06-24 18:01:09 --> Cart Class Initialized
INFO - 2024-06-24 18:01:09 --> Session: Class initialized using 'CodeIgniter\Session\Handlers\FileHandler' driver.
INFO - 2024-06-24 18:01:09 --> Cart Class Initialized
INFO - 2024-06-24 18:01:11 --> Session: Class initialized using 'CodeIgniter\Session\Handlers\FileHandler' driver.
INFO - 2024-06-24 18:01:11 --> Cart Class Initialized
INFO - 2024-06-24 18:01:11 --> Session: Class initialized using 'CodeIgniter\Session\Handlers\FileHandler' driver.
INFO - 2024-06-24 18:01:11 --> Cart Class Initialized
INFO - 2024-06-24 18:01:11 --> Session: Class initialized using 'CodeIgniter\Session\Handlers\FileHandler' driver.
INFO - 2024-06-24 18:01:11 --> Cart Class Initialized
INFO - 2024-06-24 18:01:11 --> Session: Class initialized using 'CodeIgniter\Session\Handlers\FileHandler' driver.
INFO - 2024-06-24 18:01:11 --> Cart Class Initialized
INFO - 2024-06-24 18:01:12 --> Session: Class initialized using 'CodeIgniter\Session\Handlers\FileHandler' driver.
INFO - 2024-06-24 18:01:12 --> Cart Class Initialized
INFO - 2024-06-24 18:01:12 --> Session: Class initialized using 'CodeIgniter\Session\Handlers\FileHandler' driver.
INFO - 2024-06-24 18:01:12 --> Cart Class Initialized
INFO - 2024-06-24 18:01:13 --> Session: Class initialized using 'CodeIgniter\Session\Handlers\FileHandler' driver.
INFO - 2024-06-24 18:01:13 --> Cart Class Initialized
INFO - 2024-06-24 18:01:13 --> Session: Class initialized using 'CodeIgniter\Session\Handlers\FileHandler' driver.
INFO - 2024-06-24 18:01:13 --> Cart Class Initialized
INFO - 2024-06-24 18:01:14 --> Session: Class initialized using 'CodeIgniter\Session\Handlers\FileHandler' driver.
INFO - 2024-06-24 18:01:14 --> Cart Class Initialized
INFO - 2024-06-24 18:01:16 --> Session: Class initialized using 'CodeIgniter\Session\Handlers\FileHandler' driver.
INFO - 2024-06-24 18:01:16 --> Cart Class Initialized
INFO - 2024-06-24 18:01:16 --> Session: Class initialized using 'CodeIgniter\Session\Handlers\FileHandler' driver.
INFO - 2024-06-24 18:01:16 --> Cart Class Initialized
INFO - 2024-06-24 18:01:18 --> Session: Class initialized using 'CodeIgniter\Session\Handlers\FileHandler' driver.
INFO - 2024-06-24 18:01:18 --> Cart Class Initialized
INFO - 2024-06-24 18:01:24 --> Session: Class initialized using 'CodeIgniter\Session\Handlers\FileHandler' driver.
INFO - 2024-06-24 18:01:24 --> Cart Class Initialized
INFO - 2024-06-24 18:01:24 --> Session: Class initialized using 'CodeIgniter\Session\Handlers\FileHandler' driver.
INFO - 2024-06-24 18:01:24 --> Cart Class Initialized
INFO - 2024-06-24 18:01:25 --> Session: Class initialized using 'CodeIgniter\Session\Handlers\FileHandler' driver.
INFO - 2024-06-24 18:01:25 --> Cart Class Initialized
INFO - 2024-06-24 18:01:25 --> Session: Class initialized using 'CodeIgniter\Session\Handlers\FileHandler' driver.
INFO - 2024-06-24 18:01:25 --> Cart Class Initialized
INFO - 2024-06-24 18:01:26 --> Session: Class initialized using 'CodeIgniter\Session\Handlers\FileHandler' driver.
INFO - 2024-06-24 18:01:26 --> Cart Class Initialized
INFO - 2024-06-24 18:01:26 --> Session: Class initialized using 'CodeIgniter\Session\Handlers\FileHandler' driver.
INFO - 2024-06-24 18:01:26 --> Cart Class Initialized
INFO - 2024-06-24 18:01:27 --> Session: Class initialized using 'CodeIgniter\Session\Handlers\FileHandler' driver.
INFO - 2024-06-24 18:01:27 --> Cart Class Initialized
INFO - 2024-06-24 18:01:27 --> Session: Class initialized using 'CodeIgniter\Session\Handlers\FileHandler' driver.
INFO - 2024-06-24 18:01:27 --> Cart Class Initialized
INFO - 2024-06-24 18:01:29 --> Session: Class initialized using 'CodeIgniter\Session\Handlers\FileHandler' driver.
INFO - 2024-06-24 18:01:29 --> Cart Class Initialized
INFO - 2024-06-24 18:01:55 --> Session: Class initialized using 'CodeIgniter\Session\Handlers\FileHandler' driver.
INFO - 2024-06-24 18:01:55 --> Cart Class Initialized
INFO - 2024-06-24 18:02:04 --> Session: Class initialized using 'CodeIgniter\Session\Handlers\FileHandler' driver.
INFO - 2024-06-24 18:02:04 --> Cart Class Initialized
INFO - 2024-06-24 18:02:55 --> Session: Class initialized using 'CodeIgniter\Session\Handlers\FileHandler' driver.
INFO - 2024-06-24 18:02:55 --> Cart Class Initialized
INFO - 2024-06-24 18:02:55 --> Session: Class initialized using 'CodeIgniter\Session\Handlers\FileHandler' driver.
INFO - 2024-06-24 18:02:55 --> Cart Class Initialized
INFO - 2024-06-24 18:02:57 --> Session: Class initialized using 'CodeIgniter\Session\Handlers\FileHandler' driver.
INFO - 2024-06-24 18:02:57 --> Cart Class Initialized
INFO - 2024-06-24 18:07:20 --> Session: Class initialized using 'CodeIgniter\Session\Handlers\FileHandler' driver.
INFO - 2024-06-24 18:07:20 --> Cart Class Initialized
INFO - 2024-06-24 18:07:22 --> Session: Class initialized using 'CodeIgniter\Session\Handlers\FileHandler' driver.
INFO - 2024-06-24 18:07:22 --> Cart Class Initialized
INFO - 2024-06-24 18:07:23 --> Session: Class initialized using 'CodeIgniter\Session\Handlers\FileHandler' driver.
INFO - 2024-06-24 18:07:23 --> Session: Class initialized using 'CodeIgniter\Session\Handlers\FileHandler' driver.
INFO - 2024-06-24 18:07:23 --> Cart Class Initialized
INFO - 2024-06-24 18:07:24 --> Session: Class initialized using 'CodeIgniter\Session\Handlers\FileHandler' driver.
INFO - 2024-06-24 18:07:24 --> Cart Class Initialized
INFO - 2024-06-24 18:07:25 --> Session: Class initialized using 'CodeIgniter\Session\Handlers\FileHandler' driver.
INFO - 2024-06-24 18:07:25 --> Cart Class Initialized
INFO - 2024-06-24 18:07:27 --> Session: Class initialized using 'CodeIgniter\Session\Handlers\FileHandler' driver.
INFO - 2024-06-24 18:07:27 --> Cart Class Initialized
INFO - 2024-06-24 18:07:31 --> Session: Class initialized using 'CodeIgniter\Session\Handlers\FileHandler' driver.
INFO - 2024-06-24 18:07:31 --> Session: Class initialized using 'CodeIgniter\Session\Handlers\FileHandler' driver.
INFO - 2024-06-24 18:07:31 --> Cart Class Initialized
INFO - 2024-06-24 18:07:35 --> Session: Class initialized using 'CodeIgniter\Session\Handlers\FileHandler' driver.
INFO - 2024-06-24 18:07:35 --> Cart Class Initialized
INFO - 2024-06-24 18:07:57 --> Session: Class initialized using 'CodeIgniter\Session\Handlers\FileHandler' driver.
INFO - 2024-06-24 18:07:57 --> Cart Class Initialized
INFO - 2024-06-24 18:59:54 --> Session: Class initialized using 'CodeIgniter\Session\Handlers\FileHandler' driver.
INFO - 2024-06-24 18:59:55 --> Session: Class initialized using 'CodeIgniter\Session\Handlers\FileHandler' driver.
INFO - 2024-06-24 18:59:55 --> Cart Class Initialized
INFO - 2024-06-24 19:00:05 --> Session: Class initialized using 'CodeIgniter\Session\Handlers\FileHandler' driver.
INFO - 2024-06-24 19:00:05 --> Cart Class Initialized
INFO - 2024-06-24 19:00:09 --> Session: Class initialized using 'CodeIgniter\Session\Handlers\FileHandler' driver.
INFO - 2024-06-24 19:00:10 --> Cart Class Initialized
INFO - 2024-06-24 19:00:16 --> Session: Class initialized using 'CodeIgniter\Session\Handlers\FileHandler' driver.
INFO - 2024-06-24 19:00:16 --> Cart Class Initialized
INFO - 2024-06-24 19:00:21 --> Session: Class initialized using 'CodeIgniter\Session\Handlers\FileHandler' driver.
INFO - 2024-06-24 19:00:21 --> Cart Class Initialized
INFO - 2024-06-24 19:00:22 --> Session: Class initialized using 'CodeIgniter\Session\Handlers\FileHandler' driver.
INFO - 2024-06-24 19:00:22 --> Cart Class Initialized
INFO - 2024-06-24 19:00:23 --> Session: Class initialized using 'CodeIgniter\Session\Handlers\FileHandler' driver.
INFO - 2024-06-24 19:00:23 --> Cart Class Initialized
INFO - 2024-06-24 19:00:23 --> Session: Class initialized using 'CodeIgniter\Session\Handlers\FileHandler' driver.
INFO - 2024-06-24 19:00:23 --> Cart Class Initialized
INFO - 2024-06-24 19:00:24 --> Session: Class initialized using 'CodeIgniter\Session\Handlers\FileHandler' driver.
INFO - 2024-06-24 19:00:24 --> Cart Class Initialized
INFO - 2024-06-24 19:00:26 --> Session: Class initialized using 'CodeIgniter\Session\Handlers\FileHandler' driver.
INFO - 2024-06-24 19:00:26 --> Cart Class Initialized
INFO - 2024-06-24 19:00:28 --> Session: Class initialized using 'CodeIgniter\Session\Handlers\FileHandler' driver.
INFO - 2024-06-24 19:00:28 --> Cart Class Initialized
INFO - 2024-06-24 19:00:28 --> Session: Class initialized using 'CodeIgniter\Session\Handlers\FileHandler' driver.
INFO - 2024-06-24 19:00:28 --> Cart Class Initialized
INFO - 2024-06-24 19:00:30 --> Session: Class initialized using 'CodeIgniter\Session\Handlers\FileHandler' driver.
INFO - 2024-06-24 19:00:30 --> Cart Class Initialized
INFO - 2024-06-24 19:00:30 --> Session: Class initialized using 'CodeIgniter\Session\Handlers\FileHandler' driver.
INFO - 2024-06-24 19:00:30 --> Cart Class Initialized
INFO - 2024-06-24 19:00:32 --> Session: Class initialized using 'CodeIgniter\Session\Handlers\FileHandler' driver.
INFO - 2024-06-24 19:00:32 --> Cart Class Initialized
INFO - 2024-06-24 19:00:51 --> Session: Class initialized using 'CodeIgniter\Session\Handlers\FileHandler' driver.
INFO - 2024-06-24 19:00:51 --> Session: Class initialized using 'CodeIgniter\Session\Handlers\FileHandler' driver.
INFO - 2024-06-24 19:00:51 --> Cart Class Initialized
INFO - 2024-06-24 19:00:59 --> Session: Class initialized using 'CodeIgniter\Session\Handlers\FileHandler' driver.
INFO - 2024-06-24 19:00:59 --> Session: Class initialized using 'CodeIgniter\Session\Handlers\FileHandler' driver.
INFO - 2024-06-24 19:00:59 --> Cart Class Initialized
INFO - 2024-06-24 19:01:00 --> Session: Class initialized using 'CodeIgniter\Session\Handlers\FileHandler' driver.
INFO - 2024-06-24 19:01:00 --> Cart Class Initialized
INFO - 2024-06-24 19:01:01 --> Session: Class initialized using 'CodeIgniter\Session\Handlers\FileHandler' driver.
INFO - 2024-06-24 19:01:01 --> Cart Class Initialized
INFO - 2024-06-24 19:01:02 --> Session: Class initialized using 'CodeIgniter\Session\Handlers\FileHandler' driver.
INFO - 2024-06-24 19:01:02 --> Cart Class Initialized
INFO - 2024-06-24 19:01:09 --> Session: Class initialized using 'CodeIgniter\Session\Handlers\FileHandler' driver.
INFO - 2024-06-24 19:01:09 --> Cart Class Initialized
INFO - 2024-06-24 19:01:10 --> Session: Class initialized using 'CodeIgniter\Session\Handlers\FileHandler' driver.
INFO - 2024-06-24 19:01:10 --> Session: Class initialized using 'CodeIgniter\Session\Handlers\FileHandler' driver.
INFO - 2024-06-24 19:01:10 --> Cart Class Initialized
INFO - 2024-06-24 19:01:11 --> Session: Class initialized using 'CodeIgniter\Session\Handlers\FileHandler' driver.
INFO - 2024-06-24 19:01:11 --> Cart Class Initialized
INFO - 2024-06-24 19:01:14 --> Session: Class initialized using 'CodeIgniter\Session\Handlers\FileHandler' driver.
INFO - 2024-06-24 19:01:14 --> Session: Class initialized using 'CodeIgniter\Session\Handlers\FileHandler' driver.
INFO - 2024-06-24 19:01:14 --> Cart Class Initialized
INFO - 2024-06-24 19:01:16 --> Session: Class initialized using 'CodeIgniter\Session\Handlers\FileHandler' driver.
INFO - 2024-06-24 19:01:16 --> Cart Class Initialized
INFO - 2024-06-24 19:01:19 --> Session: Class initialized using 'CodeIgniter\Session\Handlers\FileHandler' driver.
INFO - 2024-06-24 19:01:19 --> Cart Class Initialized
INFO - 2024-06-24 19:01:23 --> Session: Class initialized using 'CodeIgniter\Session\Handlers\FileHandler' driver.
INFO - 2024-06-24 19:01:23 --> Session: Class initialized using 'CodeIgniter\Session\Handlers\FileHandler' driver.
INFO - 2024-06-24 19:01:23 --> Cart Class Initialized
INFO - 2024-06-24 19:01:25 --> Session: Class initialized using 'CodeIgniter\Session\Handlers\FileHandler' driver.
INFO - 2024-06-24 19:01:25 --> Cart Class Initialized
INFO - 2024-06-24 19:01:38 --> Session: Class initialized using 'CodeIgniter\Session\Handlers\FileHandler' driver.
INFO - 2024-06-24 19:01:38 --> Session: Class initialized using 'CodeIgniter\Session\Handlers\FileHandler' driver.
INFO - 2024-06-24 19:01:38 --> Cart Class Initialized
INFO - 2024-06-24 19:01:41 --> Session: Class initialized using 'CodeIgniter\Session\Handlers\FileHandler' driver.
INFO - 2024-06-24 19:01:41 --> Cart Class Initialized
INFO - 2024-06-24 19:01:46 --> Session: Class initialized using 'CodeIgniter\Session\Handlers\FileHandler' driver.
INFO - 2024-06-24 19:01:46 --> Session: Class initialized using 'CodeIgniter\Session\Handlers\FileHandler' driver.
INFO - 2024-06-24 19:01:46 --> Cart Class Initialized
INFO - 2024-06-24 19:01:48 --> Session: Class initialized using 'CodeIgniter\Session\Handlers\FileHandler' driver.
INFO - 2024-06-24 19:01:48 --> Cart Class Initialized
INFO - 2024-06-24 19:01:55 --> Session: Class initialized using 'CodeIgniter\Session\Handlers\FileHandler' driver.
INFO - 2024-06-24 19:01:55 --> Cart Class Initialized
INFO - 2024-06-24 19:02:26 --> Session: Class initialized using 'CodeIgniter\Session\Handlers\FileHandler' driver.
INFO - 2024-06-24 19:02:26 --> Cart Class Initialized
INFO - 2024-06-24 19:02:34 --> Session: Class initialized using 'CodeIgniter\Session\Handlers\FileHandler' driver.
INFO - 2024-06-24 19:02:34 --> Session: Class initialized using 'CodeIgniter\Session\Handlers\FileHandler' driver.
INFO - 2024-06-24 19:02:34 --> Cart Class Initialized
INFO - 2024-06-24 19:02:37 --> Session: Class initialized using 'CodeIgniter\Session\Handlers\FileHandler' driver.
INFO - 2024-06-24 19:02:37 --> Session: Class initialized using 'CodeIgniter\Session\Handlers\FileHandler' driver.
INFO - 2024-06-24 19:02:37 --> Cart Class Initialized
INFO - 2024-06-24 19:02:40 --> Session: Class initialized using 'CodeIgniter\Session\Handlers\FileHandler' driver.
INFO - 2024-06-24 19:02:40 --> Cart Class Initialized
INFO - 2024-06-24 19:02:44 --> Session: Class initialized using 'CodeIgniter\Session\Handlers\FileHandler' driver.
INFO - 2024-06-24 19:02:44 --> Session: Class initialized using 'CodeIgniter\Session\Handlers\FileHandler' driver.
INFO - 2024-06-24 19:02:44 --> Cart Class Initialized
INFO - 2024-06-24 19:02:45 --> Session: Class initialized using 'CodeIgniter\Session\Handlers\FileHandler' driver.
INFO - 2024-06-24 19:02:45 --> Cart Class Initialized
INFO - 2024-06-24 19:03:22 --> Session: Class initialized using 'CodeIgniter\Session\Handlers\FileHandler' driver.
INFO - 2024-06-24 19:03:22 --> Cart Class Initialized
INFO - 2024-06-24 19:03:40 --> Session: Class initialized using 'CodeIgniter\Session\Handlers\FileHandler' driver.
INFO - 2024-06-24 19:03:40 --> Cart Class Initialized
INFO - 2024-06-24 19:03:41 --> Session: Class initialized using 'CodeIgniter\Session\Handlers\FileHandler' driver.
INFO - 2024-06-24 19:03:41 --> Cart Class Initialized
INFO - 2024-06-24 19:03:43 --> Session: Class initialized using 'CodeIgniter\Session\Handlers\FileHandler' driver.
INFO - 2024-06-24 19:03:43 --> Session: Class initialized using 'CodeIgniter\Session\Handlers\FileHandler' driver.
INFO - 2024-06-24 19:03:43 --> Cart Class Initialized
INFO - 2024-06-24 19:03:51 --> Session: Class initialized using 'CodeIgniter\Session\Handlers\FileHandler' driver.
INFO - 2024-06-24 19:03:51 --> Session: Class initialized using 'CodeIgniter\Session\Handlers\FileHandler' driver.
INFO - 2024-06-24 19:03:51 --> Cart Class Initialized
INFO - 2024-06-24 19:03:53 --> Session: Class initialized using 'CodeIgniter\Session\Handlers\FileHandler' driver.
INFO - 2024-06-24 19:03:53 --> Cart Class Initialized
INFO - 2024-06-24 19:03:57 --> Session: Class initialized using 'CodeIgniter\Session\Handlers\FileHandler' driver.
INFO - 2024-06-24 19:03:57 --> Cart Class Initialized
INFO - 2024-06-24 19:04:01 --> Session: Class initialized using 'CodeIgniter\Session\Handlers\FileHandler' driver.
INFO - 2024-06-24 19:04:01 --> Session: Class initialized using 'CodeIgniter\Session\Handlers\FileHandler' driver.
INFO - 2024-06-24 19:04:01 --> Cart Class Initialized
INFO - 2024-06-24 19:04:02 --> Session: Class initialized using 'CodeIgniter\Session\Handlers\FileHandler' driver.
INFO - 2024-06-24 19:04:02 --> Cart Class Initialized
INFO - 2024-06-24 19:04:03 --> Session: Class initialized using 'CodeIgniter\Session\Handlers\FileHandler' driver.
INFO - 2024-06-24 19:04:03 --> Session: Class initialized using 'CodeIgniter\Session\Handlers\FileHandler' driver.
INFO - 2024-06-24 19:04:03 --> Cart Class Initialized
INFO - 2024-06-24 19:04:06 --> Session: Class initialized using 'CodeIgniter\Session\Handlers\FileHandler' driver.
INFO - 2024-06-24 19:04:06 --> Cart Class Initialized
INFO - 2024-06-24 19:04:11 --> Session: Class initialized using 'CodeIgniter\Session\Handlers\FileHandler' driver.
INFO - 2024-06-24 19:04:11 --> Session: Class initialized using 'CodeIgniter\Session\Handlers\FileHandler' driver.
INFO - 2024-06-24 19:04:11 --> Cart Class Initialized
INFO - 2024-06-24 19:04:15 --> Session: Class initialized using 'CodeIgniter\Session\Handlers\FileHandler' driver.
INFO - 2024-06-24 19:04:15 --> Cart Class Initialized
INFO - 2024-06-24 19:04:20 --> Session: Class initialized using 'CodeIgniter\Session\Handlers\FileHandler' driver.
INFO - 2024-06-24 19:04:20 --> Session: Class initialized using 'CodeIgniter\Session\Handlers\FileHandler' driver.
INFO - 2024-06-24 19:04:20 --> Cart Class Initialized
INFO - 2024-06-24 19:04:25 --> Session: Class initialized using 'CodeIgniter\Session\Handlers\FileHandler' driver.
INFO - 2024-06-24 19:04:25 --> Cart Class Initialized
INFO - 2024-06-24 19:04:36 --> Session: Class initialized using 'CodeIgniter\Session\Handlers\FileHandler' driver.
INFO - 2024-06-24 19:04:36 --> Session: Class initialized using 'CodeIgniter\Session\Handlers\FileHandler' driver.
INFO - 2024-06-24 19:04:36 --> Cart Class Initialized
INFO - 2024-06-24 19:04:39 --> Session: Class initialized using 'CodeIgniter\Session\Handlers\FileHandler' driver.
INFO - 2024-06-24 19:04:39 --> Session: Class initialized using 'CodeIgniter\Session\Handlers\FileHandler' driver.
INFO - 2024-06-24 19:04:39 --> Cart Class Initialized
INFO - 2024-06-24 19:04:39 --> Session: Class initialized using 'CodeIgniter\Session\Handlers\FileHandler' driver.
INFO - 2024-06-24 19:04:39 --> Cart Class Initialized
INFO - 2024-06-24 19:04:43 --> Session: Class initialized using 'CodeIgniter\Session\Handlers\FileHandler' driver.
INFO - 2024-06-24 19:04:43 --> Session: Class initialized using 'CodeIgniter\Session\Handlers\FileHandler' driver.
INFO - 2024-06-24 19:04:43 --> Cart Class Initialized
INFO - 2024-06-24 19:04:44 --> Session: Class initialized using 'CodeIgniter\Session\Handlers\FileHandler' driver.
INFO - 2024-06-24 19:04:44 --> Cart Class Initialized
INFO - 2024-06-24 19:05:18 --> Session: Class initialized using 'CodeIgniter\Session\Handlers\FileHandler' driver.
INFO - 2024-06-24 19:05:18 --> Session: Class initialized using 'CodeIgniter\Session\Handlers\FileHandler' driver.
INFO - 2024-06-24 19:05:18 --> Cart Class Initialized
INFO - 2024-06-24 19:05:20 --> Session: Class initialized using 'CodeIgniter\Session\Handlers\FileHandler' driver.
INFO - 2024-06-24 19:05:20 --> Cart Class Initialized
INFO - 2024-06-24 19:05:26 --> Session: Class initialized using 'CodeIgniter\Session\Handlers\FileHandler' driver.
INFO - 2024-06-24 19:05:26 --> Session: Class initialized using 'CodeIgniter\Session\Handlers\FileHandler' driver.
INFO - 2024-06-24 19:05:26 --> Cart Class Initialized
INFO - 2024-06-24 19:05:28 --> Session: Class initialized using 'CodeIgniter\Session\Handlers\FileHandler' driver.
INFO - 2024-06-24 19:05:28 --> Cart Class Initialized
INFO - 2024-06-24 19:05:30 --> Session: Class initialized using 'CodeIgniter\Session\Handlers\FileHandler' driver.
INFO - 2024-06-24 19:05:30 --> Cart Class Initialized
INFO - 2024-06-24 19:05:30 --> Session: Class initialized using 'CodeIgniter\Session\Handlers\FileHandler' driver.
INFO - 2024-06-24 19:05:30 --> Cart Class Initialized
INFO - 2024-06-24 19:05:31 --> Session: Class initialized using 'CodeIgniter\Session\Handlers\FileHandler' driver.
INFO - 2024-06-24 19:05:31 --> Cart Class Initialized
INFO - 2024-06-24 19:05:32 --> Session: Class initialized using 'CodeIgniter\Session\Handlers\FileHandler' driver.
INFO - 2024-06-24 19:05:32 --> Cart Class Initialized
INFO - 2024-06-24 19:05:38 --> Session: Class initialized using 'CodeIgniter\Session\Handlers\FileHandler' driver.
INFO - 2024-06-24 19:05:38 --> Cart Class Initialized
INFO - 2024-06-24 19:06:40 --> Session: Class initialized using 'CodeIgniter\Session\Handlers\FileHandler' driver.
INFO - 2024-06-24 19:06:40 --> Cart Class Initialized
INFO - 2024-06-24 19:06:42 --> Session: Class initialized using 'CodeIgniter\Session\Handlers\FileHandler' driver.
INFO - 2024-06-24 19:06:42 --> Cart Class Initialized
INFO - 2024-06-24 19:06:46 --> Session: Class initialized using 'CodeIgniter\Session\Handlers\FileHandler' driver.
INFO - 2024-06-24 19:06:46 --> Cart Class Initialized
INFO - 2024-06-24 19:07:17 --> Session: Class initialized using 'CodeIgniter\Session\Handlers\FileHandler' driver.
INFO - 2024-06-24 19:07:17 --> Cart Class Initialized
INFO - 2024-06-24 19:08:53 --> Session: Class initialized using 'CodeIgniter\Session\Handlers\FileHandler' driver.
INFO - 2024-06-24 19:08:53 --> Cart Class Initialized
INFO - 2024-06-24 19:09:27 --> Session: Class initialized using 'CodeIgniter\Session\Handlers\FileHandler' driver.
INFO - 2024-06-24 19:09:27 --> Cart Class Initialized
INFO - 2024-06-24 19:09:31 --> Session: Class initialized using 'CodeIgniter\Session\Handlers\FileHandler' driver.
INFO - 2024-06-24 19:09:32 --> Cart Class Initialized
INFO - 2024-06-24 19:09:32 --> Session: Class initialized using 'CodeIgniter\Session\Handlers\FileHandler' driver.
INFO - 2024-06-24 19:09:32 --> Cart Class Initialized
INFO - 2024-06-24 19:09:33 --> Session: Class initialized using 'CodeIgniter\Session\Handlers\FileHandler' driver.
INFO - 2024-06-24 19:09:33 --> Cart Class Initialized
INFO - 2024-06-24 19:09:40 --> Session: Class initialized using 'CodeIgniter\Session\Handlers\FileHandler' driver.
INFO - 2024-06-24 19:09:40 --> Cart Class Initialized
INFO - 2024-06-24 19:15:23 --> Session: Class initialized using 'CodeIgniter\Session\Handlers\FileHandler' driver.
INFO - 2024-06-24 19:15:23 --> Cart Class Initialized
INFO - 2024-06-24 19:15:25 --> Session: Class initialized using 'CodeIgniter\Session\Handlers\FileHandler' driver.
INFO - 2024-06-24 19:15:25 --> Cart Class Initialized
INFO - 2024-06-24 19:15:26 --> Session: Class initialized using 'CodeIgniter\Session\Handlers\FileHandler' driver.
INFO - 2024-06-24 19:15:26 --> Cart Class Initialized
INFO - 2024-06-24 19:15:53 --> Session: Class initialized using 'CodeIgniter\Session\Handlers\FileHandler' driver.
INFO - 2024-06-24 19:15:53 --> Cart Class Initialized
INFO - 2024-06-24 19:16:01 --> Session: Class initialized using 'CodeIgniter\Session\Handlers\FileHandler' driver.
INFO - 2024-06-24 19:16:01 --> Cart Class Initialized
INFO - 2024-06-24 19:16:09 --> Session: Class initialized using 'CodeIgniter\Session\Handlers\FileHandler' driver.
INFO - 2024-06-24 19:16:09 --> Cart Class Initialized
INFO - 2024-06-24 19:16:44 --> Session: Class initialized using 'CodeIgniter\Session\Handlers\FileHandler' driver.
INFO - 2024-06-24 19:16:44 --> Cart Class Initialized
INFO - 2024-06-24 19:16:46 --> Session: Class initialized using 'CodeIgniter\Session\Handlers\FileHandler' driver.
INFO - 2024-06-24 19:16:46 --> Cart Class Initialized
INFO - 2024-06-24 19:16:46 --> Session: Class initialized using 'CodeIgniter\Session\Handlers\FileHandler' driver.
INFO - 2024-06-24 19:16:46 --> Cart Class Initialized
INFO - 2024-06-24 19:17:02 --> Session: Class initialized using 'CodeIgniter\Session\Handlers\FileHandler' driver.
INFO - 2024-06-24 19:17:02 --> Cart Class Initialized
INFO - 2024-06-24 19:17:03 --> Session: Class initialized using 'CodeIgniter\Session\Handlers\FileHandler' driver.
INFO - 2024-06-24 19:17:03 --> Cart Class Initialized
ERROR - 2024-06-24 19:17:03 --> An invalid name was submitted as the product name: Vans Knu Skool
Triple Black The name can only contain alpha-numeric characters, dashes, underscores, colons, and spaces
INFO - 2024-06-24 19:17:03 --> Session: Class initialized using 'CodeIgniter\Session\Handlers\FileHandler' driver.
INFO - 2024-06-24 19:17:03 --> Cart Class Initialized
INFO - 2024-06-24 19:17:38 --> Session: Class initialized using 'CodeIgniter\Session\Handlers\FileHandler' driver.
INFO - 2024-06-24 19:17:38 --> Cart Class Initialized
INFO - 2024-06-24 19:17:48 --> Session: Class initialized using 'CodeIgniter\Session\Handlers\FileHandler' driver.
INFO - 2024-06-24 19:17:48 --> Cart Class Initialized
INFO - 2024-06-24 19:17:49 --> Session: Class initialized using 'CodeIgniter\Session\Handlers\FileHandler' driver.
INFO - 2024-06-24 19:17:49 --> Cart Class Initialized
ERROR - 2024-06-24 19:17:49 --> An invalid name was submitted as the product name: Vans Knu Skool
Triple Black The name can only contain alpha-numeric characters, dashes, underscores, colons, and spaces
INFO - 2024-06-24 19:17:49 --> Session: Class initialized using 'CodeIgniter\Session\Handlers\FileHandler' driver.
INFO - 2024-06-24 19:17:49 --> Cart Class Initialized
INFO - 2024-06-24 19:17:53 --> Session: Class initialized using 'CodeIgniter\Session\Handlers\FileHandler' driver.
INFO - 2024-06-24 19:17:53 --> Cart Class Initialized
INFO - 2024-06-24 19:17:54 --> Session: Class initialized using 'CodeIgniter\Session\Handlers\FileHandler' driver.
INFO - 2024-06-24 19:17:54 --> Cart Class Initialized
ERROR - 2024-06-24 19:17:54 --> An invalid name was submitted as the product name: Vans Knu Skool
Triple Black The name can only contain alpha-numeric characters, dashes, underscores, colons, and spaces
INFO - 2024-06-24 19:17:54 --> Session: Class initialized using 'CodeIgniter\Session\Handlers\FileHandler' driver.
INFO - 2024-06-24 19:17:54 --> Cart Class Initialized
INFO - 2024-06-24 19:17:57 --> Session: Class initialized using 'CodeIgniter\Session\Handlers\FileHandler' driver.
INFO - 2024-06-24 19:17:57 --> Cart Class Initialized
INFO - 2024-06-24 19:17:58 --> Session: Class initialized using 'CodeIgniter\Session\Handlers\FileHandler' driver.
INFO - 2024-06-24 19:17:58 --> Cart Class Initialized
INFO - 2024-06-24 19:17:59 --> Session: Class initialized using 'CodeIgniter\Session\Handlers\FileHandler' driver.
INFO - 2024-06-24 19:17:59 --> Cart Class Initialized
ERROR - 2024-06-24 19:17:59 --> An invalid name was submitted as the product name: Vans Knu Skool
Triple Black The name can only contain alpha-numeric characters, dashes, underscores, colons, and spaces
INFO - 2024-06-24 19:17:59 --> Session: Class initialized using 'CodeIgniter\Session\Handlers\FileHandler' driver.
INFO - 2024-06-24 19:18:00 --> Cart Class Initialized
INFO - 2024-06-24 19:18:02 --> Session: Class initialized using 'CodeIgniter\Session\Handlers\FileHandler' driver.
INFO - 2024-06-24 19:18:02 --> Cart Class Initialized
INFO - 2024-06-24 19:18:02 --> Session: Class initialized using 'CodeIgniter\Session\Handlers\FileHandler' driver.
INFO - 2024-06-24 19:18:02 --> Cart Class Initialized
INFO - 2024-06-24 19:18:19 --> Session: Class initialized using 'CodeIgniter\Session\Handlers\FileHandler' driver.
INFO - 2024-06-24 19:18:19 --> Cart Class Initialized
INFO - 2024-06-24 19:18:21 --> Session: Class initialized using 'CodeIgniter\Session\Handlers\FileHandler' driver.
INFO - 2024-06-24 19:18:21 --> Cart Class Initialized
INFO - 2024-06-24 19:18:23 --> Session: Class initialized using 'CodeIgniter\Session\Handlers\FileHandler' driver.
INFO - 2024-06-24 19:18:23 --> Cart Class Initialized
ERROR - 2024-06-24 19:18:23 --> An invalid name was submitted as the product name: Vans Knu Skool MTE-1 LX
Imran Potato The name can only contain alpha-numeric characters, dashes, underscores, colons, and spaces
INFO - 2024-06-24 19:18:23 --> Session: Class initialized using 'CodeIgniter\Session\Handlers\FileHandler' driver.
INFO - 2024-06-24 19:18:23 --> Cart Class Initialized
INFO - 2024-06-24 19:18:35 --> Session: Class initialized using 'CodeIgniter\Session\Handlers\FileHandler' driver.
INFO - 2024-06-24 19:18:35 --> Cart Class Initialized
ERROR - 2024-06-24 19:18:35 --> An invalid name was submitted as the product name: Jordan Jumpman Jack TR
Travis Scott Sail The name can only contain alpha-numeric characters, dashes, underscores, colons, and spaces
INFO - 2024-06-24 19:18:35 --> Session: Class initialized using 'CodeIgniter\Session\Handlers\FileHandler' driver.
INFO - 2024-06-24 19:18:35 --> Cart Class Initialized
INFO - 2024-06-24 19:18:45 --> Session: Class initialized using 'CodeIgniter\Session\Handlers\FileHandler' driver.
INFO - 2024-06-24 19:18:45 --> Cart Class Initialized
ERROR - 2024-06-24 19:18:45 --> An invalid name was submitted as the product name: Jordan 1 Retro High '85 OG
Metallic Burgundy The name can only contain alpha-numeric characters, dashes, underscores, colons, and spaces
INFO - 2024-06-24 19:18:45 --> Session: Class initialized using 'CodeIgniter\Session\Handlers\FileHandler' driver.
INFO - 2024-06-24 19:18:45 --> Cart Class Initialized
INFO - 2024-06-24 19:18:48 --> Session: Class initialized using 'CodeIgniter\Session\Handlers\FileHandler' driver.
INFO - 2024-06-24 19:18:48 --> Cart Class Initialized
INFO - 2024-06-24 19:18:48 --> Session: Class initialized using 'CodeIgniter\Session\Handlers\FileHandler' driver.
INFO - 2024-06-24 19:18:48 --> Cart Class Initialized
INFO - 2024-06-24 19:18:50 --> Session: Class initialized using 'CodeIgniter\Session\Handlers\FileHandler' driver.
INFO - 2024-06-24 19:18:50 --> Cart Class Initialized
INFO - 2024-06-24 19:18:50 --> Session: Class initialized using 'CodeIgniter\Session\Handlers\FileHandler' driver.
INFO - 2024-06-24 19:18:50 --> Cart Class Initialized
INFO - 2024-06-24 19:18:52 --> Session: Class initialized using 'CodeIgniter\Session\Handlers\FileHandler' driver.
INFO - 2024-06-24 19:18:52 --> Cart Class Initialized
INFO - 2024-06-24 19:18:52 --> Session: Class initialized using 'CodeIgniter\Session\Handlers\FileHandler' driver.
INFO - 2024-06-24 19:18:52 --> Cart Class Initialized
INFO - 2024-06-24 19:18:54 --> Session: Class initialized using 'CodeIgniter\Session\Handlers\FileHandler' driver.
INFO - 2024-06-24 19:18:54 --> Cart Class Initialized
INFO - 2024-06-24 19:18:54 --> Session: Class initialized using 'CodeIgniter\Session\Handlers\FileHandler' driver.
INFO - 2024-06-24 19:18:54 --> Cart Class Initialized
INFO - 2024-06-24 19:18:56 --> Session: Class initialized using 'CodeIgniter\Session\Handlers\FileHandler' driver.
INFO - 2024-06-24 19:18:56 --> Cart Class Initialized
INFO - 2024-06-24 19:18:56 --> Session: Class initialized using 'CodeIgniter\Session\Handlers\FileHandler' driver.
INFO - 2024-06-24 19:18:56 --> Cart Class Initialized
INFO - 2024-06-24 19:18:58 --> Session: Class initialized using 'CodeIgniter\Session\Handlers\FileHandler' driver.
INFO - 2024-06-24 19:18:58 --> Cart Class Initialized
INFO - 2024-06-24 19:18:58 --> Session: Class initialized using 'CodeIgniter\Session\Handlers\FileHandler' driver.
INFO - 2024-06-24 19:18:58 --> Cart Class Initialized
INFO - 2024-06-24 19:19:00 --> Session: Class initialized using 'CodeIgniter\Session\Handlers\FileHandler' driver.
INFO - 2024-06-24 19:19:00 --> Cart Class Initialized
ERROR - 2024-06-24 19:19:00 --> An invalid name was submitted as the product name: Jordan 1 Retro Low OG SP
Fragment x Travis Scott The name can only contain alpha-numeric characters, dashes, underscores, colons, and spaces
INFO - 2024-06-24 19:19:01 --> Session: Class initialized using 'CodeIgniter\Session\Handlers\FileHandler' driver.
INFO - 2024-06-24 19:19:01 --> Cart Class Initialized
INFO - 2024-06-24 19:19:12 --> Session: Class initialized using 'CodeIgniter\Session\Handlers\FileHandler' driver.
INFO - 2024-06-24 19:19:12 --> Cart Class Initialized
INFO - 2024-06-24 19:19:20 --> Session: Class initialized using 'CodeIgniter\Session\Handlers\FileHandler' driver.
INFO - 2024-06-24 19:19:20 --> Cart Class Initialized
INFO - 2024-06-24 19:19:20 --> Session: Class initialized using 'CodeIgniter\Session\Handlers\FileHandler' driver.
INFO - 2024-06-24 19:19:20 --> Cart Class Initialized
INFO - 2024-06-24 19:19:31 --> Session: Class initialized using 'CodeIgniter\Session\Handlers\FileHandler' driver.
INFO - 2024-06-24 19:19:31 --> Cart Class Initialized
INFO - 2024-06-24 19:19:36 --> Session: Class initialized using 'CodeIgniter\Session\Handlers\FileHandler' driver.
INFO - 2024-06-24 19:19:36 --> Cart Class Initialized
INFO - 2024-06-24 19:19:40 --> Session: Class initialized using 'CodeIgniter\Session\Handlers\FileHandler' driver.
INFO - 2024-06-24 19:19:40 --> Cart Class Initialized
INFO - 2024-06-24 19:19:40 --> Session: Class initialized using 'CodeIgniter\Session\Handlers\FileHandler' driver.
INFO - 2024-06-24 19:19:40 --> Cart Class Initialized
INFO - 2024-06-24 19:19:42 --> Session: Class initialized using 'CodeIgniter\Session\Handlers\FileHandler' driver.
INFO - 2024-06-24 19:19:42 --> Cart Class Initialized
INFO - 2024-06-24 19:19:42 --> Session: Class initialized using 'CodeIgniter\Session\Handlers\FileHandler' driver.
INFO - 2024-06-24 19:19:42 --> Cart Class Initialized
INFO - 2024-06-24 19:19:46 --> Session: Class initialized using 'CodeIgniter\Session\Handlers\FileHandler' driver.
INFO - 2024-06-24 19:19:46 --> Cart Class Initialized
INFO - 2024-06-24 19:19:50 --> Session: Class initialized using 'CodeIgniter\Session\Handlers\FileHandler' driver.
INFO - 2024-06-24 19:19:50 --> Cart Class Initialized
INFO - 2024-06-24 19:19:50 --> Session: Class initialized using 'CodeIgniter\Session\Handlers\FileHandler' driver.
INFO - 2024-06-24 19:19:50 --> Cart Class Initialized
INFO - 2024-06-24 19:19:51 --> Session: Class initialized using 'CodeIgniter\Session\Handlers\FileHandler' driver.
INFO - 2024-06-24 19:19:51 --> Cart Class Initialized
INFO - 2024-06-24 19:19:54 --> Session: Class initialized using 'CodeIgniter\Session\Handlers\FileHandler' driver.
INFO - 2024-06-24 19:19:54 --> Cart Class Initialized
INFO - 2024-06-24 19:19:54 --> Session: Class initialized using 'CodeIgniter\Session\Handlers\FileHandler' driver.
INFO - 2024-06-24 19:19:54 --> Cart Class Initialized
INFO - 2024-06-24 19:19:57 --> Session: Class initialized using 'CodeIgniter\Session\Handlers\FileHandler' driver.
INFO - 2024-06-24 19:19:57 --> Cart Class Initialized
INFO - 2024-06-24 19:19:57 --> Session: Class initialized using 'CodeIgniter\Session\Handlers\FileHandler' driver.
INFO - 2024-06-24 19:19:57 --> Cart Class Initialized
INFO - 2024-06-24 19:20:00 --> Session: Class initialized using 'CodeIgniter\Session\Handlers\FileHandler' driver.
INFO - 2024-06-24 19:20:00 --> Cart Class Initialized
INFO - 2024-06-24 19:20:01 --> Session: Class initialized using 'CodeIgniter\Session\Handlers\FileHandler' driver.
INFO - 2024-06-24 19:20:01 --> Cart Class Initialized
INFO - 2024-06-24 19:20:03 --> Session: Class initialized using 'CodeIgniter\Session\Handlers\FileHandler' driver.
INFO - 2024-06-24 19:20:03 --> Cart Class Initialized
INFO - 2024-06-24 19:20:03 --> Session: Class initialized using 'CodeIgniter\Session\Handlers\FileHandler' driver.
INFO - 2024-06-24 19:20:03 --> Cart Class Initialized
INFO - 2024-06-24 19:20:05 --> Session: Class initialized using 'CodeIgniter\Session\Handlers\FileHandler' driver.
INFO - 2024-06-24 19:20:05 --> Cart Class Initialized
INFO - 2024-06-24 19:20:05 --> Session: Class initialized using 'CodeIgniter\Session\Handlers\FileHandler' driver.
INFO - 2024-06-24 19:20:05 --> Cart Class Initialized
INFO - 2024-06-24 19:20:09 --> Session: Class initialized using 'CodeIgniter\Session\Handlers\FileHandler' driver.
INFO - 2024-06-24 19:20:09 --> Cart Class Initialized
INFO - 2024-06-24 19:20:11 --> Session: Class initialized using 'CodeIgniter\Session\Handlers\FileHandler' driver.
INFO - 2024-06-24 19:20:11 --> Cart Class Initialized
ERROR - 2024-06-24 19:20:11 --> An invalid name was submitted as the product name: Jordan 1 Retro Low OG SP
Fragment x Travis Scott The name can only contain alpha-numeric characters, dashes, underscores, colons, and spaces
INFO - 2024-06-24 19:20:11 --> Session: Class initialized using 'CodeIgniter\Session\Handlers\FileHandler' driver.
INFO - 2024-06-24 19:20:11 --> Cart Class Initialized
INFO - 2024-06-24 19:21:47 --> Session: Class initialized using 'CodeIgniter\Session\Handlers\FileHandler' driver.
INFO - 2024-06-24 19:21:47 --> Cart Class Initialized
INFO - 2024-06-24 19:21:48 --> Session: Class initialized using 'CodeIgniter\Session\Handlers\FileHandler' driver.
INFO - 2024-06-24 19:21:48 --> Cart Class Initialized
INFO - 2024-06-24 19:21:49 --> Session: Class initialized using 'CodeIgniter\Session\Handlers\FileHandler' driver.
INFO - 2024-06-24 19:21:49 --> Cart Class Initialized
INFO - 2024-06-24 19:21:50 --> Session: Class initialized using 'CodeIgniter\Session\Handlers\FileHandler' driver.
INFO - 2024-06-24 19:21:50 --> Cart Class Initialized
INFO - 2024-06-24 19:21:51 --> Session: Class initialized using 'CodeIgniter\Session\Handlers\FileHandler' driver.
INFO - 2024-06-24 19:21:51 --> Cart Class Initialized
INFO - 2024-06-24 19:21:51 --> Session: Class initialized using 'CodeIgniter\Session\Handlers\FileHandler' driver.
INFO - 2024-06-24 19:21:51 --> Cart Class Initialized
INFO - 2024-06-24 19:21:52 --> Session: Class initialized using 'CodeIgniter\Session\Handlers\FileHandler' driver.
INFO - 2024-06-24 19:21:52 --> Cart Class Initialized
INFO - 2024-06-24 19:21:54 --> Session: Class initialized using 'CodeIgniter\Session\Handlers\FileHandler' driver.
INFO - 2024-06-24 19:21:54 --> Cart Class Initialized
INFO - 2024-06-24 19:21:55 --> Session: Class initialized using 'CodeIgniter\Session\Handlers\FileHandler' driver.
INFO - 2024-06-24 19:21:55 --> Cart Class Initialized
INFO - 2024-06-24 19:22:12 --> Session: Class initialized using 'CodeIgniter\Session\Handlers\FileHandler' driver.
INFO - 2024-06-24 19:22:12 --> Cart Class Initialized
INFO - 2024-06-24 19:22:13 --> Session: Class initialized using 'CodeIgniter\Session\Handlers\FileHandler' driver.
INFO - 2024-06-24 19:22:13 --> Cart Class Initialized
INFO - 2024-06-24 19:22:14 --> Session: Class initialized using 'CodeIgniter\Session\Handlers\FileHandler' driver.
INFO - 2024-06-24 19:22:14 --> Cart Class Initialized
INFO - 2024-06-24 19:22:14 --> Session: Class initialized using 'CodeIgniter\Session\Handlers\FileHandler' driver.
INFO - 2024-06-24 19:22:14 --> Cart Class Initialized
INFO - 2024-06-24 19:22:15 --> Session: Class initialized using 'CodeIgniter\Session\Handlers\FileHandler' driver.
INFO - 2024-06-24 19:22:15 --> Cart Class Initialized
INFO - 2024-06-24 19:22:16 --> Session: Class initialized using 'CodeIgniter\Session\Handlers\FileHandler' driver.
INFO - 2024-06-24 19:22:16 --> Cart Class Initialized
INFO - 2024-06-24 19:22:17 --> Session: Class initialized using 'CodeIgniter\Session\Handlers\FileHandler' driver.
INFO - 2024-06-24 19:22:17 --> Cart Class Initialized
INFO - 2024-06-24 19:22:17 --> Session: Class initialized using 'CodeIgniter\Session\Handlers\FileHandler' driver.
INFO - 2024-06-24 19:22:17 --> Cart Class Initialized
INFO - 2024-06-24 19:22:18 --> Session: Class initialized using 'CodeIgniter\Session\Handlers\FileHandler' driver.
INFO - 2024-06-24 19:22:18 --> Cart Class Initialized
INFO - 2024-06-24 19:22:19 --> Session: Class initialized using 'CodeIgniter\Session\Handlers\FileHandler' driver.
INFO - 2024-06-24 19:22:19 --> Cart Class Initialized
INFO - 2024-06-24 19:22:20 --> Session: Class initialized using 'CodeIgniter\Session\Handlers\FileHandler' driver.
INFO - 2024-06-24 19:22:20 --> Cart Class Initialized
INFO - 2024-06-24 19:22:21 --> Session: Class initialized using 'CodeIgniter\Session\Handlers\FileHandler' driver.
INFO - 2024-06-24 19:22:21 --> Cart Class Initialized
INFO - 2024-06-24 19:22:21 --> Session: Class initialized using 'CodeIgniter\Session\Handlers\FileHandler' driver.
INFO - 2024-06-24 19:22:21 --> Cart Class Initialized
INFO - 2024-06-24 19:22:22 --> Session: Class initialized using 'CodeIgniter\Session\Handlers\FileHandler' driver.
INFO - 2024-06-24 19:22:23 --> Cart Class Initialized
INFO - 2024-06-24 19:22:23 --> Session: Class initialized using 'CodeIgniter\Session\Handlers\FileHandler' driver.
INFO - 2024-06-24 19:22:23 --> Cart Class Initialized
INFO - 2024-06-24 19:22:25 --> Session: Class initialized using 'CodeIgniter\Session\Handlers\FileHandler' driver.
INFO - 2024-06-24 19:22:25 --> Cart Class Initialized
INFO - 2024-06-24 19:22:26 --> Session: Class initialized using 'CodeIgniter\Session\Handlers\FileHandler' driver.
INFO - 2024-06-24 19:22:26 --> Cart Class Initialized
INFO - 2024-06-24 19:22:26 --> Session: Class initialized using 'CodeIgniter\Session\Handlers\FileHandler' driver.
INFO - 2024-06-24 19:22:26 --> Cart Class Initialized
INFO - 2024-06-24 19:22:28 --> Session: Class initialized using 'CodeIgniter\Session\Handlers\FileHandler' driver.
INFO - 2024-06-24 19:22:28 --> Cart Class Initialized
INFO - 2024-06-24 19:22:29 --> Session: Class initialized using 'CodeIgniter\Session\Handlers\FileHandler' driver.
INFO - 2024-06-24 19:22:29 --> Cart Class Initialized
INFO - 2024-06-24 19:23:06 --> Session: Class initialized using 'CodeIgniter\Session\Handlers\FileHandler' driver.
INFO - 2024-06-24 19:23:06 --> Cart Class Initialized
INFO - 2024-06-24 19:23:06 --> Session: Class initialized using 'CodeIgniter\Session\Handlers\FileHandler' driver.
INFO - 2024-06-24 19:23:06 --> Cart Class Initialized
INFO - 2024-06-24 19:23:08 --> Session: Class initialized using 'CodeIgniter\Session\Handlers\FileHandler' driver.
INFO - 2024-06-24 19:23:08 --> Cart Class Initialized
INFO - 2024-06-24 19:23:10 --> Session: Class initialized using 'CodeIgniter\Session\Handlers\FileHandler' driver.
INFO - 2024-06-24 19:23:10 --> Cart Class Initialized
INFO - 2024-06-24 19:23:10 --> Session: Class initialized using 'CodeIgniter\Session\Handlers\FileHandler' driver.
INFO - 2024-06-24 19:23:10 --> Cart Class Initialized
INFO - 2024-06-24 19:23:13 --> Session: Class initialized using 'CodeIgniter\Session\Handlers\FileHandler' driver.
INFO - 2024-06-24 19:23:13 --> Cart Class Initialized
INFO - 2024-06-24 19:23:13 --> Session: Class initialized using 'CodeIgniter\Session\Handlers\FileHandler' driver.
INFO - 2024-06-24 19:23:13 --> Cart Class Initialized
INFO - 2024-06-24 19:23:14 --> Session: Class initialized using 'CodeIgniter\Session\Handlers\FileHandler' driver.
INFO - 2024-06-24 19:23:14 --> Cart Class Initialized
INFO - 2024-06-24 19:23:15 --> Session: Class initialized using 'CodeIgniter\Session\Handlers\FileHandler' driver.
INFO - 2024-06-24 19:23:15 --> Cart Class Initialized
INFO - 2024-06-24 19:23:15 --> Session: Class initialized using 'CodeIgniter\Session\Handlers\FileHandler' driver.
INFO - 2024-06-24 19:23:15 --> Cart Class Initialized
INFO - 2024-06-24 19:23:18 --> Session: Class initialized using 'CodeIgniter\Session\Handlers\FileHandler' driver.
INFO - 2024-06-24 19:23:18 --> Cart Class Initialized
INFO - 2024-06-24 19:23:22 --> Session: Class initialized using 'CodeIgniter\Session\Handlers\FileHandler' driver.
INFO - 2024-06-24 19:23:22 --> Cart Class Initialized
ERROR - 2024-06-24 19:23:22 --> An invalid name was submitted as the product name: Jordan 1 Retro Low OG SP
Fragment x Travis Scott The name can only contain alpha-numeric characters, dashes, underscores, colons, and spaces
INFO - 2024-06-24 19:23:22 --> Session: Class initialized using 'CodeIgniter\Session\Handlers\FileHandler' driver.
INFO - 2024-06-24 19:23:22 --> Cart Class Initialized
INFO - 2024-06-24 19:23:23 --> Session: Class initialized using 'CodeIgniter\Session\Handlers\FileHandler' driver.
INFO - 2024-06-24 19:23:23 --> Cart Class Initialized
ERROR - 2024-06-24 19:23:23 --> An invalid name was submitted as the product name: Jordan 1 Retro Low OG SP
Fragment x Travis Scott The name can only contain alpha-numeric characters, dashes, underscores, colons, and spaces
INFO - 2024-06-24 19:23:23 --> Session: Class initialized using 'CodeIgniter\Session\Handlers\FileHandler' driver.
INFO - 2024-06-24 19:23:23 --> Cart Class Initialized
INFO - 2024-06-24 19:23:24 --> Session: Class initialized using 'CodeIgniter\Session\Handlers\FileHandler' driver.
INFO - 2024-06-24 19:23:24 --> Cart Class Initialized
INFO - 2024-06-24 19:23:40 --> Session: Class initialized using 'CodeIgniter\Session\Handlers\FileHandler' driver.
INFO - 2024-06-24 19:23:40 --> Cart Class Initialized
INFO - 2024-06-24 19:24:18 --> Session: Class initialized using 'CodeIgniter\Session\Handlers\FileHandler' driver.
INFO - 2024-06-24 19:24:18 --> Cart Class Initialized
ERROR - 2024-06-24 19:24:18 --> An invalid name was submitted as the product name: Jordan 1 Retro Low OG SP
Fragment x Travis Scott The name can only contain alpha-numeric characters, dashes, underscores, colons, and spaces
INFO - 2024-06-24 19:24:18 --> Session: Class initialized using 'CodeIgniter\Session\Handlers\FileHandler' driver.
INFO - 2024-06-24 19:24:18 --> Cart Class Initialized
INFO - 2024-06-24 19:24:31 --> Session: Class initialized using 'CodeIgniter\Session\Handlers\FileHandler' driver.
INFO - 2024-06-24 19:24:31 --> Cart Class Initialized
INFO - 2024-06-24 19:24:32 --> Session: Class initialized using 'CodeIgniter\Session\Handlers\FileHandler' driver.
INFO - 2024-06-24 19:24:32 --> Cart Class Initialized
INFO - 2024-06-24 19:24:41 --> Session: Class initialized using 'CodeIgniter\Session\Handlers\FileHandler' driver.
INFO - 2024-06-24 19:24:41 --> Cart Class Initialized
INFO - 2024-06-24 19:24:42 --> Session: Class initialized using 'CodeIgniter\Session\Handlers\FileHandler' driver.
INFO - 2024-06-24 19:24:42 --> Cart Class Initialized
ERROR - 2024-06-24 19:24:42 --> An invalid name was submitted as the product name: Jordan 1 Retro Low OG SP
Fragment x Travis Scott The name can only contain alpha-numeric characters, dashes, underscores, colons, and spaces
INFO - 2024-06-24 19:24:43 --> Session: Class initialized using 'CodeIgniter\Session\Handlers\FileHandler' driver.
INFO - 2024-06-24 19:24:43 --> Cart Class Initialized
INFO - 2024-06-24 19:24:45 --> Session: Class initialized using 'CodeIgniter\Session\Handlers\FileHandler' driver.
INFO - 2024-06-24 19:24:45 --> Cart Class Initialized
INFO - 2024-06-24 19:24:46 --> Session: Class initialized using 'CodeIgniter\Session\Handlers\FileHandler' driver.
INFO - 2024-06-24 19:24:46 --> Cart Class Initialized
ERROR - 2024-06-24 19:24:46 --> An invalid name was submitted as the product name: Jordan 1 Retro Low OG SP
Fragment x Travis Scott The name can only contain alpha-numeric characters, dashes, underscores, colons, and spaces
INFO - 2024-06-24 19:24:46 --> Session: Class initialized using 'CodeIgniter\Session\Handlers\FileHandler' driver.
INFO - 2024-06-24 19:24:46 --> Cart Class Initialized
INFO - 2024-06-24 19:24:47 --> Session: Class initialized using 'CodeIgniter\Session\Handlers\FileHandler' driver.
INFO - 2024-06-24 19:24:47 --> Cart Class Initialized
INFO - 2024-06-24 19:24:48 --> Session: Class initialized using 'CodeIgniter\Session\Handlers\FileHandler' driver.
INFO - 2024-06-24 19:24:48 --> Cart Class Initialized
INFO - 2024-06-24 19:24:54 --> Session: Class initialized using 'CodeIgniter\Session\Handlers\FileHandler' driver.
INFO - 2024-06-24 19:24:54 --> Cart Class Initialized
INFO - 2024-06-24 19:24:54 --> Session: Class initialized using 'CodeIgniter\Session\Handlers\FileHandler' driver.
INFO - 2024-06-24 19:24:54 --> Cart Class Initialized
INFO - 2024-06-24 19:24:56 --> Session: Class initialized using 'CodeIgniter\Session\Handlers\FileHandler' driver.
INFO - 2024-06-24 19:24:56 --> Cart Class Initialized
ERROR - 2024-06-24 19:24:56 --> An invalid name was submitted as the product name: Jordan 3 Retro
J Balvin Rio The name can only contain alpha-numeric characters, dashes, underscores, colons, and spaces
INFO - 2024-06-24 19:24:56 --> Session: Class initialized using 'CodeIgniter\Session\Handlers\FileHandler' driver.
INFO - 2024-06-24 19:24:56 --> Cart Class Initialized
INFO - 2024-06-24 19:25:12 --> Session: Class initialized using 'CodeIgniter\Session\Handlers\FileHandler' driver.
INFO - 2024-06-24 19:25:12 --> Cart Class Initialized
INFO - 2024-06-24 19:25:15 --> Session: Class initialized using 'CodeIgniter\Session\Handlers\FileHandler' driver.
INFO - 2024-06-24 19:25:15 --> Cart Class Initialized
INFO - 2024-06-24 19:25:15 --> Session: Class initialized using 'CodeIgniter\Session\Handlers\FileHandler' driver.
INFO - 2024-06-24 19:25:15 --> Cart Class Initialized
INFO - 2024-06-24 19:25:34 --> Session: Class initialized using 'CodeIgniter\Session\Handlers\FileHandler' driver.
INFO - 2024-06-24 19:25:34 --> Cart Class Initialized
ERROR - 2024-06-24 19:25:34 --> An invalid name was submitted as the product name: Jordan 1 Retro Low OG SP
Fragment x Travis Scott The name can only contain alpha-numeric characters, dashes, underscores, colons, and spaces
INFO - 2024-06-24 19:25:34 --> Session: Class initialized using 'CodeIgniter\Session\Handlers\FileHandler' driver.
INFO - 2024-06-24 19:25:34 --> Cart Class Initialized
INFO - 2024-06-24 19:25:37 --> Session: Class initialized using 'CodeIgniter\Session\Handlers\FileHandler' driver.
INFO - 2024-06-24 19:25:37 --> Cart Class Initialized
INFO - 2024-06-24 19:27:04 --> Session: Class initialized using 'CodeIgniter\Session\Handlers\FileHandler' driver.
INFO - 2024-06-24 19:27:04 --> Cart Class Initialized
ERROR - 2024-06-24 19:27:04 --> An invalid name was submitted as the product name: Jordan 1 Retro Low OG SP
Fragment x Travis Scott The name can only contain alpha-numeric characters, dashes, underscores, colons, and spaces
INFO - 2024-06-24 19:27:04 --> Session: Class initialized using 'CodeIgniter\Session\Handlers\FileHandler' driver.
INFO - 2024-06-24 19:27:04 --> Cart Class Initialized
INFO - 2024-06-24 19:27:34 --> Session: Class initialized using 'CodeIgniter\Session\Handlers\FileHandler' driver.
INFO - 2024-06-24 19:27:34 --> Cart Class Initialized
INFO - 2024-06-24 19:27:35 --> Session: Class initialized using 'CodeIgniter\Session\Handlers\FileHandler' driver.
INFO - 2024-06-24 19:27:35 --> Cart Class Initialized
ERROR - 2024-06-24 19:27:35 --> An invalid name was submitted as the product name: Jordan 1 Retro Low OG SP
Fragment x Travis Scott The name can only contain alpha-numeric characters, dashes, underscores, colons, and spaces
INFO - 2024-06-24 19:27:35 --> Session: Class initialized using 'CodeIgniter\Session\Handlers\FileHandler' driver.
INFO - 2024-06-24 19:27:35 --> Cart Class Initialized
INFO - 2024-06-24 19:27:36 --> Session: Class initialized using 'CodeIgniter\Session\Handlers\FileHandler' driver.
INFO - 2024-06-24 19:27:36 --> Cart Class Initialized
ERROR - 2024-06-24 19:27:36 --> An invalid name was submitted as the product name: Jordan 1 Retro Low OG SP
Fragment x Travis Scott The name can only contain alpha-numeric characters, dashes, underscores, colons, and spaces
INFO - 2024-06-24 19:27:36 --> Session: Class initialized using 'CodeIgniter\Session\Handlers\FileHandler' driver.
INFO - 2024-06-24 19:27:36 --> Cart Class Initialized
INFO - 2024-06-24 19:27:37 --> Session: Class initialized using 'CodeIgniter\Session\Handlers\FileHandler' driver.
INFO - 2024-06-24 19:27:37 --> Cart Class Initialized
ERROR - 2024-06-24 19:27:37 --> An invalid name was submitted as the product name: Jordan 1 Retro Low OG SP
Fragment x Travis Scott The name can only contain alpha-numeric characters, dashes, underscores, colons, and spaces
INFO - 2024-06-24 19:27:37 --> Session: Class initialized using 'CodeIgniter\Session\Handlers\FileHandler' driver.
INFO - 2024-06-24 19:27:37 --> Cart Class Initialized
INFO - 2024-06-24 19:27:37 --> Session: Class initialized using 'CodeIgniter\Session\Handlers\FileHandler' driver.
INFO - 2024-06-24 19:27:37 --> Cart Class Initialized
ERROR - 2024-06-24 19:27:37 --> An invalid name was submitted as the product name: Jordan 1 Retro Low OG SP
Fragment x Travis Scott The name can only contain alpha-numeric characters, dashes, underscores, colons, and spaces
INFO - 2024-06-24 19:27:37 --> Session: Class initialized using 'CodeIgniter\Session\Handlers\FileHandler' driver.
INFO - 2024-06-24 19:27:37 --> Cart Class Initialized
INFO - 2024-06-24 19:27:49 --> Session: Class initialized using 'CodeIgniter\Session\Handlers\FileHandler' driver.
INFO - 2024-06-24 19:27:49 --> Cart Class Initialized
INFO - 2024-06-24 19:27:56 --> Session: Class initialized using 'CodeIgniter\Session\Handlers\FileHandler' driver.
INFO - 2024-06-24 19:27:56 --> Cart Class Initialized
ERROR - 2024-06-24 19:27:56 --> An invalid name was submitted as the product name: Jordan 1 Retro Low OG SP
Fragment x Travis Scott The name can only contain alpha-numeric characters, dashes, underscores, colons, and spaces
INFO - 2024-06-24 19:27:56 --> Session: Class initialized using 'CodeIgniter\Session\Handlers\FileHandler' driver.
INFO - 2024-06-24 19:27:56 --> Cart Class Initialized
INFO - 2024-06-24 19:27:57 --> Session: Class initialized using 'CodeIgniter\Session\Handlers\FileHandler' driver.
INFO - 2024-06-24 19:27:58 --> Cart Class Initialized
INFO - 2024-06-24 19:30:08 --> Session: Class initialized using 'CodeIgniter\Session\Handlers\FileHandler' driver.
INFO - 2024-06-24 19:30:08 --> Cart Class Initialized
INFO - 2024-06-24 19:30:10 --> Session: Class initialized using 'CodeIgniter\Session\Handlers\FileHandler' driver.
INFO - 2024-06-24 19:30:10 --> Cart Class Initialized
INFO - 2024-06-24 19:30:11 --> Session: Class initialized using 'CodeIgniter\Session\Handlers\FileHandler' driver.
INFO - 2024-06-24 19:30:11 --> Cart Class Initialized
INFO - 2024-06-24 19:30:12 --> Session: Class initialized using 'CodeIgniter\Session\Handlers\FileHandler' driver.
INFO - 2024-06-24 19:30:12 --> Cart Class Initialized
INFO - 2024-06-24 19:30:13 --> Session: Class initialized using 'CodeIgniter\Session\Handlers\FileHandler' driver.
INFO - 2024-06-24 19:30:13 --> Cart Class Initialized
INFO - 2024-06-24 19:30:23 --> Session: Class initialized using 'CodeIgniter\Session\Handlers\FileHandler' driver.
INFO - 2024-06-24 19:30:23 --> Cart Class Initialized
INFO - 2024-06-24 19:30:41 --> Session: Class initialized using 'CodeIgniter\Session\Handlers\FileHandler' driver.
INFO - 2024-06-24 19:30:41 --> Cart Class Initialized
INFO - 2024-06-24 19:32:30 --> Session: Class initialized using 'CodeIgniter\Session\Handlers\FileHandler' driver.
INFO - 2024-06-24 19:32:30 --> Cart Class Initialized
INFO - 2024-06-24 19:32:31 --> Session: Class initialized using 'CodeIgniter\Session\Handlers\FileHandler' driver.
INFO - 2024-06-24 19:32:31 --> Cart Class Initialized
INFO - 2024-06-24 19:32:31 --> Session: Class initialized using 'CodeIgniter\Session\Handlers\FileHandler' driver.
INFO - 2024-06-24 19:32:31 --> Cart Class Initialized
INFO - 2024-06-24 19:32:34 --> Session: Class initialized using 'CodeIgniter\Session\Handlers\FileHandler' driver.
INFO - 2024-06-24 19:32:34 --> Cart Class Initialized
ERROR - 2024-06-24 19:32:34 --> An invalid name was submitted as the product name: Jordan 1 Retro Low OG SP
Fragment x Travis Scott The name can only contain alpha-numeric characters, dashes, underscores, colons, and spaces
INFO - 2024-06-24 19:32:34 --> Session: Class initialized using 'CodeIgniter\Session\Handlers\FileHandler' driver.
INFO - 2024-06-24 19:32:34 --> Cart Class Initialized
INFO - 2024-06-24 19:32:36 --> Session: Class initialized using 'CodeIgniter\Session\Handlers\FileHandler' driver.
INFO - 2024-06-24 19:32:36 --> Cart Class Initialized
INFO - 2024-06-24 19:32:38 --> Session: Class initialized using 'CodeIgniter\Session\Handlers\FileHandler' driver.
INFO - 2024-06-24 19:32:38 --> Cart Class Initialized
ERROR - 2024-06-24 19:32:38 --> An invalid name was submitted as the product name: Jordan 1 Retro Low OG SP
Fragment x Travis Scott The name can only contain alpha-numeric characters, dashes, underscores, colons, and spaces
INFO - 2024-06-24 19:32:38 --> Session: Class initialized using 'CodeIgniter\Session\Handlers\FileHandler' driver.
INFO - 2024-06-24 19:32:38 --> Cart Class Initialized
INFO - 2024-06-24 19:33:26 --> Session: Class initialized using 'CodeIgniter\Session\Handlers\FileHandler' driver.
INFO - 2024-06-24 19:33:26 --> Cart Class Initialized
INFO - 2024-06-24 19:33:28 --> Session: Class initialized using 'CodeIgniter\Session\Handlers\FileHandler' driver.
INFO - 2024-06-24 19:33:28 --> Cart Class Initialized
INFO - 2024-06-24 19:33:28 --> Session: Class initialized using 'CodeIgniter\Session\Handlers\FileHandler' driver.
INFO - 2024-06-24 19:33:28 --> Cart Class Initialized
INFO - 2024-06-24 19:33:29 --> Session: Class initialized using 'CodeIgniter\Session\Handlers\FileHandler' driver.
INFO - 2024-06-24 19:33:29 --> Cart Class Initialized
INFO - 2024-06-24 19:33:31 --> Session: Class initialized using 'CodeIgniter\Session\Handlers\FileHandler' driver.
INFO - 2024-06-24 19:33:31 --> Cart Class Initialized
INFO - 2024-06-24 19:33:33 --> Session: Class initialized using 'CodeIgniter\Session\Handlers\FileHandler' driver.
INFO - 2024-06-24 19:33:33 --> Cart Class Initialized
ERROR - 2024-06-24 19:33:33 --> An invalid name was submitted as the product name: Jordan 1 Retro High '85 OG
Metallic Burgundy The name can only contain alpha-numeric characters, dashes, underscores, colons, and spaces
INFO - 2024-06-24 19:33:33 --> Session: Class initialized using 'CodeIgniter\Session\Handlers\FileHandler' driver.
INFO - 2024-06-24 19:33:33 --> Cart Class Initialized
INFO - 2024-06-24 19:33:56 --> Session: Class initialized using 'CodeIgniter\Session\Handlers\FileHandler' driver.
INFO - 2024-06-24 19:33:56 --> Cart Class Initialized
INFO - 2024-06-24 19:33:57 --> Session: Class initialized using 'CodeIgniter\Session\Handlers\FileHandler' driver.
INFO - 2024-06-24 19:33:57 --> Cart Class Initialized
INFO - 2024-06-24 19:33:58 --> Session: Class initialized using 'CodeIgniter\Session\Handlers\FileHandler' driver.
INFO - 2024-06-24 19:33:58 --> Cart Class Initialized
INFO - 2024-06-24 19:34:03 --> Session: Class initialized using 'CodeIgniter\Session\Handlers\FileHandler' driver.
INFO - 2024-06-24 19:34:03 --> Cart Class Initialized
INFO - 2024-06-24 19:34:04 --> Session: Class initialized using 'CodeIgniter\Session\Handlers\FileHandler' driver.
INFO - 2024-06-24 19:34:05 --> Cart Class Initialized
INFO - 2024-06-24 19:34:06 --> Session: Class initialized using 'CodeIgniter\Session\Handlers\FileHandler' driver.
INFO - 2024-06-24 19:34:06 --> Cart Class Initialized
INFO - 2024-06-24 19:34:08 --> Session: Class initialized using 'CodeIgniter\Session\Handlers\FileHandler' driver.
INFO - 2024-06-24 19:34:08 --> Cart Class Initialized
INFO - 2024-06-24 19:35:23 --> Session: Class initialized using 'CodeIgniter\Session\Handlers\FileHandler' driver.
INFO - 2024-06-24 19:35:23 --> Cart Class Initialized
INFO - 2024-06-24 19:35:46 --> Session: Class initialized using 'CodeIgniter\Session\Handlers\FileHandler' driver.
INFO - 2024-06-24 19:35:46 --> Cart Class Initialized
INFO - 2024-06-24 19:35:55 --> Session: Class initialized using 'CodeIgniter\Session\Handlers\FileHandler' driver.
INFO - 2024-06-24 19:35:55 --> Cart Class Initialized
INFO - 2024-06-24 19:35:56 --> Session: Class initialized using 'CodeIgniter\Session\Handlers\FileHandler' driver.
INFO - 2024-06-24 19:35:56 --> Cart Class Initialized
INFO - 2024-06-24 19:35:56 --> Session: Class initialized using 'CodeIgniter\Session\Handlers\FileHandler' driver.
INFO - 2024-06-24 19:35:56 --> Cart Class Initialized
INFO - 2024-06-24 19:35:58 --> Session: Class initialized using 'CodeIgniter\Session\Handlers\FileHandler' driver.
INFO - 2024-06-24 19:35:58 --> Cart Class Initialized
INFO - 2024-06-24 19:36:10 --> Session: Class initialized using 'CodeIgniter\Session\Handlers\FileHandler' driver.
INFO - 2024-06-24 19:36:10 --> Cart Class Initialized
CRITICAL - 2024-06-24 19:36:10 --> Trying to access array offset on value of type null
in APPPATH\Views\front\carrito.php on line 52.
 1 APPPATH\Views\front\carrito.php(52): CodeIgniter\Debug\Exceptions->errorHandler(2, 'Trying to access array offset on value of type null', 'APPPATH\\Views\\front\\carrito.php', 52)
 2 SYSTEMPATH\View\View.php(213): include('APPPATH\\Views\\front\\carrito.php')
 3 SYSTEMPATH\View\View.php(216): CodeIgniter\View\View->CodeIgniter\View\{closure}()
 4 SYSTEMPATH\Common.php(1184): CodeIgniter\View\View->render('front/carrito', [], true)
 5 APPPATH\Controllers\Cart.php(27): view('front/carrito', [...])
 6 SYSTEMPATH\CodeIgniter.php(934): App\Controllers\Cart->index()
 7 SYSTEMPATH\CodeIgniter.php(499): CodeIgniter\CodeIgniter->runController(Object(App\Controllers\Cart))
 8 SYSTEMPATH\CodeIgniter.php(368): CodeIgniter\CodeIgniter->handleRequest(null, Object(Config\Cache), false)
 9 FCPATH\index.php(68): CodeIgniter\CodeIgniter->run()
INFO - 2024-06-24 19:36:14 --> Session: Class initialized using 'CodeIgniter\Session\Handlers\FileHandler' driver.
CRITICAL - 2024-06-24 19:36:14 --> Trying to access array offset on value of type null
in APPPATH\Views\front\details.php on line 18.
 1 APPPATH\Views\front\details.php(18): CodeIgniter\Debug\Exceptions->errorHandler(2, 'Trying to access array offset on value of type null', 'APPPATH\\Views\\front\\details.php', 18)
 2 SYSTEMPATH\View\View.php(213): include('APPPATH\\Views\\front\\details.php')
 3 SYSTEMPATH\View\View.php(216): CodeIgniter\View\View->CodeIgniter\View\{closure}()
 4 SYSTEMPATH\Common.php(1184): CodeIgniter\View\View->render('front/details', [], true)
 5 APPPATH\Controllers\Details.php(20): view('front/details', [...])
 6 SYSTEMPATH\CodeIgniter.php(934): App\Controllers\Details->index('19')
 7 SYSTEMPATH\CodeIgniter.php(499): CodeIgniter\CodeIgniter->runController(Object(App\Controllers\Details))
 8 SYSTEMPATH\CodeIgniter.php(368): CodeIgniter\CodeIgniter->handleRequest(null, Object(Config\Cache), false)
 9 FCPATH\index.php(68): CodeIgniter\CodeIgniter->run()
INFO - 2024-06-24 19:36:14 --> Session: Class initialized using 'CodeIgniter\Session\Handlers\FileHandler' driver.
CRITICAL - 2024-06-24 19:36:14 --> Trying to access array offset on value of type null
in APPPATH\Views\front\details.php on line 18.
 1 APPPATH\Views\front\details.php(18): CodeIgniter\Debug\Exceptions->errorHandler(2, 'Trying to access array offset on value of type null', 'APPPATH\\Views\\front\\details.php', 18)
 2 SYSTEMPATH\View\View.php(213): include('APPPATH\\Views\\front\\details.php')
 3 SYSTEMPATH\View\View.php(216): CodeIgniter\View\View->CodeIgniter\View\{closure}()
 4 SYSTEMPATH\Common.php(1184): CodeIgniter\View\View->render('front/details', [], true)
 5 APPPATH\Controllers\Details.php(20): view('front/details', [...])
 6 SYSTEMPATH\CodeIgniter.php(934): App\Controllers\Details->index('19')
 7 SYSTEMPATH\CodeIgniter.php(499): CodeIgniter\CodeIgniter->runController(Object(App\Controllers\Details))
 8 SYSTEMPATH\CodeIgniter.php(368): CodeIgniter\CodeIgniter->handleRequest(null, Object(Config\Cache), false)
 9 FCPATH\index.php(68): CodeIgniter\CodeIgniter->run()
INFO - 2024-06-24 19:36:15 --> Session: Class initialized using 'CodeIgniter\Session\Handlers\FileHandler' driver.
INFO - 2024-06-24 19:36:15 --> Cart Class Initialized
INFO - 2024-06-24 19:36:17 --> Session: Class initialized using 'CodeIgniter\Session\Handlers\FileHandler' driver.
INFO - 2024-06-24 19:36:17 --> Cart Class Initialized
CRITICAL - 2024-06-24 19:36:17 --> Trying to access array offset on value of type null
in APPPATH\Views\front\carrito.php on line 52.
 1 APPPATH\Views\front\carrito.php(52): CodeIgniter\Debug\Exceptions->errorHandler(2, 'Trying to access array offset on value of type null', 'APPPATH\\Views\\front\\carrito.php', 52)
 2 SYSTEMPATH\View\View.php(213): include('APPPATH\\Views\\front\\carrito.php')
 3 SYSTEMPATH\View\View.php(216): CodeIgniter\View\View->CodeIgniter\View\{closure}()
 4 SYSTEMPATH\Common.php(1184): CodeIgniter\View\View->render('front/carrito', [], true)
 5 APPPATH\Controllers\Cart.php(27): view('front/carrito', [...])
 6 SYSTEMPATH\CodeIgniter.php(934): App\Controllers\Cart->index()
 7 SYSTEMPATH\CodeIgniter.php(499): CodeIgniter\CodeIgniter->runController(Object(App\Controllers\Cart))
 8 SYSTEMPATH\CodeIgniter.php(368): CodeIgniter\CodeIgniter->handleRequest(null, Object(Config\Cache), false)
 9 FCPATH\index.php(68): CodeIgniter\CodeIgniter->run()
INFO - 2024-06-24 19:36:18 --> Session: Class initialized using 'CodeIgniter\Session\Handlers\FileHandler' driver.
INFO - 2024-06-24 19:36:18 --> Cart Class Initialized
INFO - 2024-06-24 19:36:27 --> Session: Class initialized using 'CodeIgniter\Session\Handlers\FileHandler' driver.
INFO - 2024-06-24 19:36:27 --> Session: Class initialized using 'CodeIgniter\Session\Handlers\FileHandler' driver.
INFO - 2024-06-24 19:36:27 --> Cart Class Initialized
INFO - 2024-06-24 19:36:30 --> Session: Class initialized using 'CodeIgniter\Session\Handlers\FileHandler' driver.
INFO - 2024-06-24 19:36:30 --> Cart Class Initialized
INFO - 2024-06-24 19:36:33 --> Session: Class initialized using 'CodeIgniter\Session\Handlers\FileHandler' driver.
INFO - 2024-06-24 19:36:33 --> Cart Class Initialized
INFO - 2024-06-24 19:36:34 --> Session: Class initialized using 'CodeIgniter\Session\Handlers\FileHandler' driver.
INFO - 2024-06-24 19:36:34 --> Cart Class Initialized
INFO - 2024-06-24 19:36:40 --> Session: Class initialized using 'CodeIgniter\Session\Handlers\FileHandler' driver.
INFO - 2024-06-24 19:36:40 --> Cart Class Initialized
INFO - 2024-06-24 19:36:47 --> Session: Class initialized using 'CodeIgniter\Session\Handlers\FileHandler' driver.
INFO - 2024-06-24 19:36:47 --> Cart Class Initialized
INFO - 2024-06-24 19:36:49 --> Session: Class initialized using 'CodeIgniter\Session\Handlers\FileHandler' driver.
INFO - 2024-06-24 19:36:49 --> Cart Class Initialized
INFO - 2024-06-24 19:36:50 --> Session: Class initialized using 'CodeIgniter\Session\Handlers\FileHandler' driver.
INFO - 2024-06-24 19:36:50 --> Cart Class Initialized
ERROR - 2024-06-24 19:36:50 --> An invalid name was submitted as the product name: Jordan 1 Retro Low OG SP
Fragment x Travis Scott The name can only contain alpha-numeric characters, dashes, underscores, colons, and spaces
INFO - 2024-06-24 19:36:50 --> Session: Class initialized using 'CodeIgniter\Session\Handlers\FileHandler' driver.
INFO - 2024-06-24 19:36:50 --> Cart Class Initialized
INFO - 2024-06-24 19:36:52 --> Session: Class initialized using 'CodeIgniter\Session\Handlers\FileHandler' driver.
INFO - 2024-06-24 19:36:52 --> Cart Class Initialized
INFO - 2024-06-24 19:36:53 --> Session: Class initialized using 'CodeIgniter\Session\Handlers\FileHandler' driver.
INFO - 2024-06-24 19:36:53 --> Cart Class Initialized
INFO - 2024-06-24 19:37:11 --> Session: Class initialized using 'CodeIgniter\Session\Handlers\FileHandler' driver.
INFO - 2024-06-24 19:37:11 --> Cart Class Initialized
INFO - 2024-06-24 19:37:15 --> Session: Class initialized using 'CodeIgniter\Session\Handlers\FileHandler' driver.
INFO - 2024-06-24 19:37:15 --> Cart Class Initialized
ERROR - 2024-06-24 19:37:15 --> An invalid name was submitted as the product name: Jordan 1 Retro Low OG SP
Fragment x Travis Scott The name can only contain alpha-numeric characters, dashes, underscores, colons, and spaces
INFO - 2024-06-24 19:37:15 --> Session: Class initialized using 'CodeIgniter\Session\Handlers\FileHandler' driver.
INFO - 2024-06-24 19:37:15 --> Cart Class Initialized
INFO - 2024-06-24 19:37:28 --> Session: Class initialized using 'CodeIgniter\Session\Handlers\FileHandler' driver.
INFO - 2024-06-24 19:37:28 --> Cart Class Initialized
INFO - 2024-06-24 19:37:30 --> Session: Class initialized using 'CodeIgniter\Session\Handlers\FileHandler' driver.
INFO - 2024-06-24 19:37:30 --> Cart Class Initialized
INFO - 2024-06-24 19:37:30 --> Session: Class initialized using 'CodeIgniter\Session\Handlers\FileHandler' driver.
INFO - 2024-06-24 19:37:30 --> Cart Class Initialized
INFO - 2024-06-24 19:37:32 --> Session: Class initialized using 'CodeIgniter\Session\Handlers\FileHandler' driver.
INFO - 2024-06-24 19:37:32 --> Cart Class Initialized
INFO - 2024-06-24 19:37:34 --> Session: Class initialized using 'CodeIgniter\Session\Handlers\FileHandler' driver.
INFO - 2024-06-24 19:37:34 --> Cart Class Initialized
INFO - 2024-06-24 19:37:34 --> Session: Class initialized using 'CodeIgniter\Session\Handlers\FileHandler' driver.
INFO - 2024-06-24 19:37:34 --> Cart Class Initialized
INFO - 2024-06-24 19:37:36 --> Session: Class initialized using 'CodeIgniter\Session\Handlers\FileHandler' driver.
INFO - 2024-06-24 19:37:36 --> Cart Class Initialized
INFO - 2024-06-24 19:37:36 --> Session: Class initialized using 'CodeIgniter\Session\Handlers\FileHandler' driver.
INFO - 2024-06-24 19:37:36 --> Cart Class Initialized
INFO - 2024-06-24 19:37:37 --> Session: Class initialized using 'CodeIgniter\Session\Handlers\FileHandler' driver.
INFO - 2024-06-24 19:37:37 --> Cart Class Initialized
INFO - 2024-06-24 19:37:38 --> Session: Class initialized using 'CodeIgniter\Session\Handlers\FileHandler' driver.
INFO - 2024-06-24 19:37:38 --> Cart Class Initialized
INFO - 2024-06-24 19:38:33 --> Session: Class initialized using 'CodeIgniter\Session\Handlers\FileHandler' driver.
INFO - 2024-06-24 19:38:33 --> Cart Class Initialized
INFO - 2024-06-24 19:39:00 --> Session: Class initialized using 'CodeIgniter\Session\Handlers\FileHandler' driver.
INFO - 2024-06-24 19:39:00 --> Cart Class Initialized
INFO - 2024-06-24 19:39:00 --> Session: Class initialized using 'CodeIgniter\Session\Handlers\FileHandler' driver.
INFO - 2024-06-24 19:39:00 --> Cart Class Initialized
INFO - 2024-06-24 19:39:01 --> Session: Class initialized using 'CodeIgniter\Session\Handlers\FileHandler' driver.
INFO - 2024-06-24 19:39:01 --> Cart Class Initialized
INFO - 2024-06-24 19:39:03 --> Session: Class initialized using 'CodeIgniter\Session\Handlers\FileHandler' driver.
INFO - 2024-06-24 19:39:03 --> Cart Class Initialized
INFO - 2024-06-24 19:39:03 --> Session: Class initialized using 'CodeIgniter\Session\Handlers\FileHandler' driver.
INFO - 2024-06-24 19:39:03 --> Cart Class Initialized
INFO - 2024-06-24 19:39:03 --> Session: Class initialized using 'CodeIgniter\Session\Handlers\FileHandler' driver.
INFO - 2024-06-24 19:39:03 --> Cart Class Initialized
INFO - 2024-06-24 19:39:05 --> Session: Class initialized using 'CodeIgniter\Session\Handlers\FileHandler' driver.
INFO - 2024-06-24 19:39:05 --> Cart Class Initialized
INFO - 2024-06-24 19:39:07 --> Session: Class initialized using 'CodeIgniter\Session\Handlers\FileHandler' driver.
INFO - 2024-06-24 19:39:07 --> Cart Class Initialized
INFO - 2024-06-24 19:39:08 --> Session: Class initialized using 'CodeIgniter\Session\Handlers\FileHandler' driver.
INFO - 2024-06-24 19:39:08 --> Cart Class Initialized
INFO - 2024-06-24 19:39:08 --> Session: Class initialized using 'CodeIgniter\Session\Handlers\FileHandler' driver.
INFO - 2024-06-24 19:39:08 --> Cart Class Initialized
INFO - 2024-06-24 19:39:10 --> Session: Class initialized using 'CodeIgniter\Session\Handlers\FileHandler' driver.
INFO - 2024-06-24 19:39:10 --> Cart Class Initialized
INFO - 2024-06-24 19:39:13 --> Session: Class initialized using 'CodeIgniter\Session\Handlers\FileHandler' driver.
INFO - 2024-06-24 19:39:13 --> Cart Class Initialized
INFO - 2024-06-24 19:39:20 --> Session: Class initialized using 'CodeIgniter\Session\Handlers\FileHandler' driver.
INFO - 2024-06-24 19:39:20 --> Cart Class Initialized
INFO - 2024-06-24 19:39:21 --> Session: Class initialized using 'CodeIgniter\Session\Handlers\FileHandler' driver.
INFO - 2024-06-24 19:39:21 --> Cart Class Initialized
INFO - 2024-06-24 19:39:23 --> Session: Class initialized using 'CodeIgniter\Session\Handlers\FileHandler' driver.
INFO - 2024-06-24 19:39:23 --> Cart Class Initialized
ERROR - 2024-06-24 19:39:23 --> An invalid name was submitted as the product name: Jordan 3 Retro
J Balvin Rio The name can only contain alpha-numeric characters, dashes, underscores, colons, and spaces
INFO - 2024-06-24 19:39:23 --> Session: Class initialized using 'CodeIgniter\Session\Handlers\FileHandler' driver.
INFO - 2024-06-24 19:39:23 --> Cart Class Initialized
INFO - 2024-06-24 19:39:29 --> Session: Class initialized using 'CodeIgniter\Session\Handlers\FileHandler' driver.
INFO - 2024-06-24 19:39:29 --> Cart Class Initialized
INFO - 2024-06-24 19:39:29 --> Session: Class initialized using 'CodeIgniter\Session\Handlers\FileHandler' driver.
INFO - 2024-06-24 19:39:29 --> Cart Class Initialized
INFO - 2024-06-24 19:39:36 --> Session: Class initialized using 'CodeIgniter\Session\Handlers\FileHandler' driver.
INFO - 2024-06-24 19:39:36 --> Cart Class Initialized
INFO - 2024-06-24 19:39:37 --> Session: Class initialized using 'CodeIgniter\Session\Handlers\FileHandler' driver.
INFO - 2024-06-24 19:39:37 --> Cart Class Initialized
INFO - 2024-06-24 19:39:37 --> Session: Class initialized using 'CodeIgniter\Session\Handlers\FileHandler' driver.
INFO - 2024-06-24 19:39:37 --> Cart Class Initialized
INFO - 2024-06-24 19:39:39 --> Session: Class initialized using 'CodeIgniter\Session\Handlers\FileHandler' driver.
INFO - 2024-06-24 19:39:39 --> Cart Class Initialized
INFO - 2024-06-24 19:41:23 --> Session: Class initialized using 'CodeIgniter\Session\Handlers\FileHandler' driver.
INFO - 2024-06-24 19:41:23 --> Cart Class Initialized
INFO - 2024-06-24 19:41:26 --> Session: Class initialized using 'CodeIgniter\Session\Handlers\FileHandler' driver.
INFO - 2024-06-24 19:41:26 --> Cart Class Initialized
ERROR - 2024-06-24 19:41:26 --> An invalid name was submitted as the product name: Jordan 3 Retro
J Balvin Rio The name can only contain alpha-numeric characters, dashes, underscores, colons, and spaces
INFO - 2024-06-24 19:41:26 --> Session: Class initialized using 'CodeIgniter\Session\Handlers\FileHandler' driver.
INFO - 2024-06-24 19:41:26 --> Cart Class Initialized
INFO - 2024-06-24 19:41:29 --> Session: Class initialized using 'CodeIgniter\Session\Handlers\FileHandler' driver.
INFO - 2024-06-24 19:41:29 --> Cart Class Initialized
INFO - 2024-06-24 19:41:31 --> Session: Class initialized using 'CodeIgniter\Session\Handlers\FileHandler' driver.
INFO - 2024-06-24 19:41:31 --> Cart Class Initialized
ERROR - 2024-06-24 19:41:31 --> An invalid name was submitted as the product name: Jordan 3 Retro
J Balvin Rio The name can only contain alpha-numeric characters, dashes, underscores, colons, and spaces
INFO - 2024-06-24 19:41:31 --> Session: Class initialized using 'CodeIgniter\Session\Handlers\FileHandler' driver.
INFO - 2024-06-24 19:41:31 --> Cart Class Initialized
INFO - 2024-06-24 19:41:32 --> Session: Class initialized using 'CodeIgniter\Session\Handlers\FileHandler' driver.
INFO - 2024-06-24 19:41:32 --> Cart Class Initialized
INFO - 2024-06-24 19:41:33 --> Session: Class initialized using 'CodeIgniter\Session\Handlers\FileHandler' driver.
INFO - 2024-06-24 19:41:33 --> Cart Class Initialized
INFO - 2024-06-24 19:44:57 --> Session: Class initialized using 'CodeIgniter\Session\Handlers\FileHandler' driver.
INFO - 2024-06-24 19:44:57 --> Cart Class Initialized
INFO - 2024-06-24 19:45:00 --> Session: Class initialized using 'CodeIgniter\Session\Handlers\FileHandler' driver.
INFO - 2024-06-24 19:45:00 --> Cart Class Initialized
ERROR - 2024-06-24 19:45:00 --> An invalid name was submitted as the product name: Jordan 3 Retro SP
J Balvin Medellín Sunset The name can only contain alpha-numeric characters, dashes, underscores, colons, and spaces
INFO - 2024-06-24 19:45:00 --> Session: Class initialized using 'CodeIgniter\Session\Handlers\FileHandler' driver.
INFO - 2024-06-24 19:45:00 --> Cart Class Initialized
INFO - 2024-06-24 19:45:01 --> Session: Class initialized using 'CodeIgniter\Session\Handlers\FileHandler' driver.
INFO - 2024-06-24 19:45:01 --> Cart Class Initialized
INFO - 2024-06-24 19:45:26 --> Session: Class initialized using 'CodeIgniter\Session\Handlers\FileHandler' driver.
INFO - 2024-06-24 19:45:26 --> Cart Class Initialized
INFO - 2024-06-24 19:45:27 --> Session: Class initialized using 'CodeIgniter\Session\Handlers\FileHandler' driver.
INFO - 2024-06-24 19:45:27 --> Cart Class Initialized
INFO - 2024-06-24 19:45:28 --> Session: Class initialized using 'CodeIgniter\Session\Handlers\FileHandler' driver.
INFO - 2024-06-24 19:45:28 --> Cart Class Initialized
INFO - 2024-06-24 19:45:28 --> Session: Class initialized using 'CodeIgniter\Session\Handlers\FileHandler' driver.
INFO - 2024-06-24 19:45:28 --> Cart Class Initialized
INFO - 2024-06-24 19:45:30 --> Session: Class initialized using 'CodeIgniter\Session\Handlers\FileHandler' driver.
INFO - 2024-06-24 19:45:30 --> Cart Class Initialized
INFO - 2024-06-24 19:45:31 --> Session: Class initialized using 'CodeIgniter\Session\Handlers\FileHandler' driver.
INFO - 2024-06-24 19:45:31 --> Cart Class Initialized
INFO - 2024-06-24 19:45:54 --> Session: Class initialized using 'CodeIgniter\Session\Handlers\FileHandler' driver.
INFO - 2024-06-24 19:45:54 --> Cart Class Initialized
INFO - 2024-06-24 19:45:56 --> Session: Class initialized using 'CodeIgniter\Session\Handlers\FileHandler' driver.
INFO - 2024-06-24 19:45:56 --> Cart Class Initialized
ERROR - 2024-06-24 19:45:56 --> An invalid name was submitted as the product name: Jordan 3 Retro x
J Balvin The name can only contain alpha-numeric characters, dashes, underscores, colons, and spaces
INFO - 2024-06-24 19:45:56 --> Session: Class initialized using 'CodeIgniter\Session\Handlers\FileHandler' driver.
INFO - 2024-06-24 19:45:56 --> Cart Class Initialized
INFO - 2024-06-24 19:46:03 --> Session: Class initialized using 'CodeIgniter\Session\Handlers\FileHandler' driver.
INFO - 2024-06-24 19:46:03 --> Cart Class Initialized
INFO - 2024-06-24 19:47:18 --> Session: Class initialized using 'CodeIgniter\Session\Handlers\FileHandler' driver.
INFO - 2024-06-24 19:47:18 --> Cart Class Initialized
INFO - 2024-06-24 19:47:52 --> Session: Class initialized using 'CodeIgniter\Session\Handlers\FileHandler' driver.
INFO - 2024-06-24 19:47:52 --> Cart Class Initialized
INFO - 2024-06-24 19:47:53 --> Session: Class initialized using 'CodeIgniter\Session\Handlers\FileHandler' driver.
INFO - 2024-06-24 19:47:53 --> Cart Class Initialized
INFO - 2024-06-24 19:47:54 --> Session: Class initialized using 'CodeIgniter\Session\Handlers\FileHandler' driver.
INFO - 2024-06-24 19:47:54 --> Cart Class Initialized
INFO - 2024-06-24 19:47:55 --> Session: Class initialized using 'CodeIgniter\Session\Handlers\FileHandler' driver.
INFO - 2024-06-24 19:47:55 --> Cart Class Initialized
INFO - 2024-06-24 19:47:56 --> Session: Class initialized using 'CodeIgniter\Session\Handlers\FileHandler' driver.
INFO - 2024-06-24 19:47:56 --> Cart Class Initialized
INFO - 2024-06-24 19:47:58 --> Session: Class initialized using 'CodeIgniter\Session\Handlers\FileHandler' driver.
INFO - 2024-06-24 19:47:58 --> Cart Class Initialized
INFO - 2024-06-24 19:48:00 --> Session: Class initialized using 'CodeIgniter\Session\Handlers\FileHandler' driver.
INFO - 2024-06-24 19:48:00 --> Cart Class Initialized
INFO - 2024-06-24 19:48:00 --> Session: Class initialized using 'CodeIgniter\Session\Handlers\FileHandler' driver.
INFO - 2024-06-24 19:48:00 --> Cart Class Initialized
INFO - 2024-06-24 19:48:01 --> Session: Class initialized using 'CodeIgniter\Session\Handlers\FileHandler' driver.
INFO - 2024-06-24 19:48:01 --> Cart Class Initialized
INFO - 2024-06-24 19:48:02 --> Session: Class initialized using 'CodeIgniter\Session\Handlers\FileHandler' driver.
INFO - 2024-06-24 19:48:02 --> Cart Class Initialized
INFO - 2024-06-24 19:50:53 --> Session: Class initialized using 'CodeIgniter\Session\Handlers\FileHandler' driver.
INFO - 2024-06-24 19:50:53 --> Cart Class Initialized
INFO - 2024-06-24 19:50:54 --> Session: Class initialized using 'CodeIgniter\Session\Handlers\FileHandler' driver.
INFO - 2024-06-24 19:50:54 --> Cart Class Initialized
INFO - 2024-06-24 19:50:56 --> Session: Class initialized using 'CodeIgniter\Session\Handlers\FileHandler' driver.
INFO - 2024-06-24 19:50:56 --> Cart Class Initialized
ERROR - 2024-06-24 19:50:56 --> An invalid name was submitted as the product name: Jordan 1 Retro High '85 OG Metallic Burgundy The name can only contain alpha-numeric characters, dashes, underscores, colons, and spaces
INFO - 2024-06-24 19:50:56 --> Session: Class initialized using 'CodeIgniter\Session\Handlers\FileHandler' driver.
INFO - 2024-06-24 19:50:56 --> Cart Class Initialized
INFO - 2024-06-24 19:50:58 --> Session: Class initialized using 'CodeIgniter\Session\Handlers\FileHandler' driver.
INFO - 2024-06-24 19:50:58 --> Cart Class Initialized
ERROR - 2024-06-24 19:50:58 --> An invalid name was submitted as the product name: Jordan 1 Retro High '85 OG Metallic Burgundy The name can only contain alpha-numeric characters, dashes, underscores, colons, and spaces
INFO - 2024-06-24 19:50:58 --> Session: Class initialized using 'CodeIgniter\Session\Handlers\FileHandler' driver.
INFO - 2024-06-24 19:50:58 --> Cart Class Initialized
INFO - 2024-06-24 19:51:01 --> Session: Class initialized using 'CodeIgniter\Session\Handlers\FileHandler' driver.
INFO - 2024-06-24 19:51:01 --> Cart Class Initialized
INFO - 2024-06-24 19:51:01 --> Session: Class initialized using 'CodeIgniter\Session\Handlers\FileHandler' driver.
INFO - 2024-06-24 19:51:01 --> Cart Class Initialized
INFO - 2024-06-24 19:51:03 --> Session: Class initialized using 'CodeIgniter\Session\Handlers\FileHandler' driver.
INFO - 2024-06-24 19:51:03 --> Cart Class Initialized
INFO - 2024-06-24 19:51:03 --> Session: Class initialized using 'CodeIgniter\Session\Handlers\FileHandler' driver.
INFO - 2024-06-24 19:51:03 --> Cart Class Initialized
INFO - 2024-06-24 19:51:06 --> Session: Class initialized using 'CodeIgniter\Session\Handlers\FileHandler' driver.
INFO - 2024-06-24 19:51:06 --> Cart Class Initialized
INFO - 2024-06-24 19:51:06 --> Session: Class initialized using 'CodeIgniter\Session\Handlers\FileHandler' driver.
INFO - 2024-06-24 19:51:06 --> Cart Class Initialized
INFO - 2024-06-24 19:51:08 --> Session: Class initialized using 'CodeIgniter\Session\Handlers\FileHandler' driver.
INFO - 2024-06-24 19:51:08 --> Cart Class Initialized
INFO - 2024-06-24 19:51:08 --> Session: Class initialized using 'CodeIgniter\Session\Handlers\FileHandler' driver.
INFO - 2024-06-24 19:51:08 --> Cart Class Initialized
INFO - 2024-06-24 19:51:11 --> Session: Class initialized using 'CodeIgniter\Session\Handlers\FileHandler' driver.
INFO - 2024-06-24 19:51:11 --> Cart Class Initialized
INFO - 2024-06-24 19:51:11 --> Session: Class initialized using 'CodeIgniter\Session\Handlers\FileHandler' driver.
INFO - 2024-06-24 19:51:11 --> Cart Class Initialized
INFO - 2024-06-24 19:51:13 --> Session: Class initialized using 'CodeIgniter\Session\Handlers\FileHandler' driver.
INFO - 2024-06-24 19:51:13 --> Cart Class Initialized
INFO - 2024-06-24 19:51:14 --> Session: Class initialized using 'CodeIgniter\Session\Handlers\FileHandler' driver.
INFO - 2024-06-24 19:51:14 --> Cart Class Initialized
INFO - 2024-06-24 19:51:17 --> Session: Class initialized using 'CodeIgniter\Session\Handlers\FileHandler' driver.
INFO - 2024-06-24 19:51:17 --> Cart Class Initialized
INFO - 2024-06-24 19:51:17 --> Session: Class initialized using 'CodeIgniter\Session\Handlers\FileHandler' driver.
INFO - 2024-06-24 19:51:17 --> Cart Class Initialized
INFO - 2024-06-24 19:51:20 --> Session: Class initialized using 'CodeIgniter\Session\Handlers\FileHandler' driver.
INFO - 2024-06-24 19:51:20 --> Cart Class Initialized
ERROR - 2024-06-24 19:51:20 --> An invalid name was submitted as the product name: Jordan 1 Retro High '85 OG Metallic Burgundy The name can only contain alpha-numeric characters, dashes, underscores, colons, and spaces
INFO - 2024-06-24 19:51:20 --> Session: Class initialized using 'CodeIgniter\Session\Handlers\FileHandler' driver.
INFO - 2024-06-24 19:51:20 --> Cart Class Initialized
INFO - 2024-06-24 19:51:39 --> Session: Class initialized using 'CodeIgniter\Session\Handlers\FileHandler' driver.
INFO - 2024-06-24 19:51:39 --> Cart Class Initialized
INFO - 2024-06-24 19:51:41 --> Session: Class initialized using 'CodeIgniter\Session\Handlers\FileHandler' driver.
INFO - 2024-06-24 19:51:41 --> Cart Class Initialized
INFO - 2024-06-24 19:51:41 --> Session: Class initialized using 'CodeIgniter\Session\Handlers\FileHandler' driver.
INFO - 2024-06-24 19:51:41 --> Cart Class Initialized
INFO - 2024-06-24 19:51:42 --> Session: Class initialized using 'CodeIgniter\Session\Handlers\FileHandler' driver.
INFO - 2024-06-24 19:51:42 --> Cart Class Initialized
INFO - 2024-06-24 19:51:45 --> Session: Class initialized using 'CodeIgniter\Session\Handlers\FileHandler' driver.
INFO - 2024-06-24 19:51:45 --> Cart Class Initialized
INFO - 2024-06-24 19:51:45 --> Session: Class initialized using 'CodeIgniter\Session\Handlers\FileHandler' driver.
INFO - 2024-06-24 19:51:45 --> Cart Class Initialized
INFO - 2024-06-24 19:51:46 --> Session: Class initialized using 'CodeIgniter\Session\Handlers\FileHandler' driver.
INFO - 2024-06-24 19:51:46 --> Cart Class Initialized
INFO - 2024-06-24 19:51:47 --> Session: Class initialized using 'CodeIgniter\Session\Handlers\FileHandler' driver.
INFO - 2024-06-24 19:51:47 --> Cart Class Initialized
INFO - 2024-06-24 19:51:58 --> Session: Class initialized using 'CodeIgniter\Session\Handlers\FileHandler' driver.
INFO - 2024-06-24 19:51:58 --> Cart Class Initialized
INFO - 2024-06-24 19:51:59 --> Session: Class initialized using 'CodeIgniter\Session\Handlers\FileHandler' driver.
INFO - 2024-06-24 19:51:59 --> Cart Class Initialized
INFO - 2024-06-24 19:51:59 --> Session: Class initialized using 'CodeIgniter\Session\Handlers\FileHandler' driver.
INFO - 2024-06-24 19:51:59 --> Cart Class Initialized
INFO - 2024-06-24 19:52:02 --> Session: Class initialized using 'CodeIgniter\Session\Handlers\FileHandler' driver.
INFO - 2024-06-24 19:52:02 --> Cart Class Initialized
INFO - 2024-06-24 19:52:03 --> Session: Class initialized using 'CodeIgniter\Session\Handlers\FileHandler' driver.
INFO - 2024-06-24 19:52:03 --> Cart Class Initialized
INFO - 2024-06-24 19:53:30 --> Session: Class initialized using 'CodeIgniter\Session\Handlers\FileHandler' driver.
INFO - 2024-06-24 19:53:30 --> Cart Class Initialized
INFO - 2024-06-24 19:53:33 --> Session: Class initialized using 'CodeIgniter\Session\Handlers\FileHandler' driver.
INFO - 2024-06-24 19:53:33 --> Cart Class Initialized
INFO - 2024-06-24 19:53:34 --> Session: Class initialized using 'CodeIgniter\Session\Handlers\FileHandler' driver.
INFO - 2024-06-24 19:53:34 --> Cart Class Initialized
INFO - 2024-06-24 19:53:36 --> Session: Class initialized using 'CodeIgniter\Session\Handlers\FileHandler' driver.
INFO - 2024-06-24 19:53:36 --> Cart Class Initialized
INFO - 2024-06-24 19:53:36 --> Session: Class initialized using 'CodeIgniter\Session\Handlers\FileHandler' driver.
INFO - 2024-06-24 19:53:36 --> Cart Class Initialized
INFO - 2024-06-24 19:55:29 --> Session: Class initialized using 'CodeIgniter\Session\Handlers\FileHandler' driver.
INFO - 2024-06-24 19:55:29 --> Cart Class Initialized
INFO - 2024-06-24 19:57:18 --> Session: Class initialized using 'CodeIgniter\Session\Handlers\FileHandler' driver.
INFO - 2024-06-24 19:57:18 --> Cart Class Initialized
INFO - 2024-06-24 19:57:22 --> Session: Class initialized using 'CodeIgniter\Session\Handlers\FileHandler' driver.
INFO - 2024-06-24 19:57:23 --> Session: Class initialized using 'CodeIgniter\Session\Handlers\FileHandler' driver.
INFO - 2024-06-24 19:57:23 --> Cart Class Initialized
INFO - 2024-06-24 19:57:42 --> Session: Class initialized using 'CodeIgniter\Session\Handlers\FileHandler' driver.
INFO - 2024-06-24 19:57:42 --> Cart Class Initialized
INFO - 2024-06-24 19:57:49 --> Session: Class initialized using 'CodeIgniter\Session\Handlers\FileHandler' driver.
INFO - 2024-06-24 19:57:49 --> Cart Class Initialized
INFO - 2024-06-24 20:04:23 --> Session: Class initialized using 'CodeIgniter\Session\Handlers\FileHandler' driver.
INFO - 2024-06-24 20:04:23 --> Cart Class Initialized
INFO - 2024-06-24 20:04:46 --> Session: Class initialized using 'CodeIgniter\Session\Handlers\FileHandler' driver.
INFO - 2024-06-24 20:04:46 --> Cart Class Initialized
INFO - 2024-06-24 20:05:28 --> Session: Class initialized using 'CodeIgniter\Session\Handlers\FileHandler' driver.
INFO - 2024-06-24 20:05:28 --> Cart Class Initialized
INFO - 2024-06-24 20:06:21 --> Session: Class initialized using 'CodeIgniter\Session\Handlers\FileHandler' driver.
INFO - 2024-06-24 20:06:21 --> Cart Class Initialized
INFO - 2024-06-24 20:12:03 --> Session: Class initialized using 'CodeIgniter\Session\Handlers\FileHandler' driver.
INFO - 2024-06-24 20:12:03 --> Cart Class Initialized
INFO - 2024-06-24 20:18:32 --> Session: Class initialized using 'CodeIgniter\Session\Handlers\FileHandler' driver.
INFO - 2024-06-24 20:18:32 --> Cart Class Initialized
INFO - 2024-06-24 20:18:33 --> Session: Class initialized using 'CodeIgniter\Session\Handlers\FileHandler' driver.
INFO - 2024-06-24 20:18:33 --> Cart Class Initialized
INFO - 2024-06-24 20:18:52 --> Session: Class initialized using 'CodeIgniter\Session\Handlers\FileHandler' driver.
INFO - 2024-06-24 20:18:52 --> Cart Class Initialized
INFO - 2024-06-24 20:18:55 --> Session: Class initialized using 'CodeIgniter\Session\Handlers\FileHandler' driver.
INFO - 2024-06-24 20:18:55 --> Cart Class Initialized
INFO - 2024-06-24 20:46:09 --> Session: Class initialized using 'CodeIgniter\Session\Handlers\FileHandler' driver.
INFO - 2024-06-24 20:46:09 --> Cart Class Initialized
INFO - 2024-06-24 20:47:54 --> Session: Class initialized using 'CodeIgniter\Session\Handlers\FileHandler' driver.
INFO - 2024-06-24 20:47:54 --> Cart Class Initialized
INFO - 2024-06-24 20:48:21 --> Session: Class initialized using 'CodeIgniter\Session\Handlers\FileHandler' driver.
CRITICAL - 2024-06-24 20:48:21 --> Undefined array key "fotoProducto"
in APPPATH\Controllers\CrudProductos.php on line 70.
 1 APPPATH\Controllers\CrudProductos.php(70): CodeIgniter\Debug\Exceptions->errorHandler(2, 'Undefined array key "fotoProducto"', 'APPPATH\\Controllers\\CrudProductos.php', 70)
 2 SYSTEMPATH\CodeIgniter.php(934): App\Controllers\CrudProductos->create()
 3 SYSTEMPATH\CodeIgniter.php(499): CodeIgniter\CodeIgniter->runController(Object(App\Controllers\CrudProductos))
 4 SYSTEMPATH\CodeIgniter.php(368): CodeIgniter\CodeIgniter->handleRequest(null, Object(Config\Cache), false)
 5 FCPATH\index.php(68): CodeIgniter\CodeIgniter->run()
INFO - 2024-06-24 21:25:00 --> Session: Class initialized using 'CodeIgniter\Session\Handlers\FileHandler' driver.
INFO - 2024-06-24 21:25:00 --> Cart Class Initialized
INFO - 2024-06-24 21:25:44 --> Session: Class initialized using 'CodeIgniter\Session\Handlers\FileHandler' driver.
INFO - 2024-06-24 21:25:44 --> Cart Class Initialized
INFO - 2024-06-24 21:25:55 --> Session: Class initialized using 'CodeIgniter\Session\Handlers\FileHandler' driver.
CRITICAL - 2024-06-24 21:25:55 --> Call to a member function isValid() on null
in APPPATH\Controllers\CrudProductos.php on line 74.
 1 SYSTEMPATH\CodeIgniter.php(934): App\Controllers\CrudProductos->create()
 2 SYSTEMPATH\CodeIgniter.php(499): CodeIgniter\CodeIgniter->runController(Object(App\Controllers\CrudProductos))
 3 SYSTEMPATH\CodeIgniter.php(368): CodeIgniter\CodeIgniter->handleRequest(null, Object(Config\Cache), false)
 4 FCPATH\index.php(68): CodeIgniter\CodeIgniter->run()
INFO - 2024-06-24 21:28:04 --> Session: Class initialized using 'CodeIgniter\Session\Handlers\FileHandler' driver.
INFO - 2024-06-24 21:28:04 --> Cart Class Initialized
INFO - 2024-06-24 21:29:10 --> Session: Class initialized using 'CodeIgniter\Session\Handlers\FileHandler' driver.
CRITICAL - 2024-06-24 21:29:10 --> Call to a member function isValid() on null
in APPPATH\Controllers\CrudProductos.php on line 73.
 1 SYSTEMPATH\CodeIgniter.php(934): App\Controllers\CrudProductos->create()
 2 SYSTEMPATH\CodeIgniter.php(499): CodeIgniter\CodeIgniter->runController(Object(App\Controllers\CrudProductos))
 3 SYSTEMPATH\CodeIgniter.php(368): CodeIgniter\CodeIgniter->handleRequest(null, Object(Config\Cache), false)
 4 FCPATH\index.php(68): CodeIgniter\CodeIgniter->run()
INFO - 2024-06-24 21:29:12 --> Session: Class initialized using 'CodeIgniter\Session\Handlers\FileHandler' driver.
INFO - 2024-06-24 21:29:12 --> Cart Class Initialized
INFO - 2024-06-24 21:29:13 --> Session: Class initialized using 'CodeIgniter\Session\Handlers\FileHandler' driver.
CRITICAL - 2024-06-24 21:29:13 --> mkdir(): No such file or directory
in SYSTEMPATH\HTTP\Files\UploadedFile.php on line 176.
 1 [internal function]: CodeIgniter\Debug\Exceptions->errorHandler(2, 'mkdir(): No such file or directory', 'SYSTEMPATH\\HTTP\\Files\\UploadedFile.php', 176)
 2 SYSTEMPATH\HTTP\Files\UploadedFile.php(176): mkdir('FCPATH\\writable\\uploads/A:\\xampp\\htdocs\\proyecto_parras_alan\\assets/img/productos/25/', 511, true)
 3 SYSTEMPATH\HTTP\Files\UploadedFile.php(130): CodeIgniter\HTTP\Files\UploadedFile->setPath('FCPATH\\writable\\uploads/A:\\xampp\\htdocs\\proyecto_parras_alan\\assets/img/productos/25/')
 4 SYSTEMPATH\HTTP\Files\UploadedFile.php(341): CodeIgniter\HTTP\Files\UploadedFile->move('FCPATH\\writable\\uploads/A:\\xampp\\htdocs\\proyecto_parras_alan\\assets/img/productos/25/', 'principal.jpg')
 5 APPPATH\Controllers\CrudProductos.php(81): CodeIgniter\HTTP\Files\UploadedFile->store('FCPATH\\assets/img/productos/25/', 'principal.jpg')
 6 SYSTEMPATH\CodeIgniter.php(934): App\Controllers\CrudProductos->create()
 7 SYSTEMPATH\CodeIgniter.php(499): CodeIgniter\CodeIgniter->runController(Object(App\Controllers\CrudProductos))
 8 SYSTEMPATH\CodeIgniter.php(368): CodeIgniter\CodeIgniter->handleRequest(null, Object(Config\Cache), false)
 9 FCPATH\index.php(68): CodeIgniter\CodeIgniter->run()
INFO - 2024-06-24 21:30:07 --> Session: Class initialized using 'CodeIgniter\Session\Handlers\FileHandler' driver.
INFO - 2024-06-24 21:30:07 --> Session: Class initialized using 'CodeIgniter\Session\Handlers\FileHandler' driver.
INFO - 2024-06-24 21:30:07 --> Cart Class Initialized
INFO - 2024-06-24 21:31:21 --> Session: Class initialized using 'CodeIgniter\Session\Handlers\FileHandler' driver.
INFO - 2024-06-24 21:31:21 --> Cart Class Initialized
INFO - 2024-06-24 21:31:23 --> Session: Class initialized using 'CodeIgniter\Session\Handlers\FileHandler' driver.
INFO - 2024-06-24 21:31:23 --> Cart Class Initialized
INFO - 2024-06-24 21:37:25 --> Session: Class initialized using 'CodeIgniter\Session\Handlers\FileHandler' driver.
INFO - 2024-06-24 21:37:25 --> Session: Class initialized using 'CodeIgniter\Session\Handlers\FileHandler' driver.
INFO - 2024-06-24 21:37:25 --> Cart Class Initialized
INFO - 2024-06-24 21:37:40 --> Session: Class initialized using 'CodeIgniter\Session\Handlers\FileHandler' driver.
INFO - 2024-06-24 21:37:40 --> Session: Class initialized using 'CodeIgniter\Session\Handlers\FileHandler' driver.
INFO - 2024-06-24 21:37:40 --> Cart Class Initialized
INFO - 2024-06-24 21:37:42 --> Session: Class initialized using 'CodeIgniter\Session\Handlers\FileHandler' driver.
INFO - 2024-06-24 21:37:42 --> Cart Class Initialized
INFO - 2024-06-24 21:37:45 --> Session: Class initialized using 'CodeIgniter\Session\Handlers\FileHandler' driver.
INFO - 2024-06-24 21:37:45 --> Cart Class Initialized
INFO - 2024-06-24 21:37:46 --> Session: Class initialized using 'CodeIgniter\Session\Handlers\FileHandler' driver.
INFO - 2024-06-24 21:37:46 --> Cart Class Initialized
INFO - 2024-06-24 21:37:46 --> Session: Class initialized using 'CodeIgniter\Session\Handlers\FileHandler' driver.
INFO - 2024-06-24 21:37:46 --> Cart Class Initialized
INFO - 2024-06-24 21:37:47 --> Session: Class initialized using 'CodeIgniter\Session\Handlers\FileHandler' driver.
INFO - 2024-06-24 21:37:47 --> Cart Class Initialized
INFO - 2024-06-24 21:37:47 --> Session: Class initialized using 'CodeIgniter\Session\Handlers\FileHandler' driver.
INFO - 2024-06-24 21:37:47 --> Cart Class Initialized
INFO - 2024-06-24 21:37:48 --> Session: Class initialized using 'CodeIgniter\Session\Handlers\FileHandler' driver.
INFO - 2024-06-24 21:37:48 --> Cart Class Initialized
INFO - 2024-06-24 21:37:48 --> Session: Class initialized using 'CodeIgniter\Session\Handlers\FileHandler' driver.
INFO - 2024-06-24 21:37:48 --> Cart Class Initialized
INFO - 2024-06-24 21:37:51 --> Session: Class initialized using 'CodeIgniter\Session\Handlers\FileHandler' driver.
INFO - 2024-06-24 21:37:51 --> Cart Class Initialized
INFO - 2024-06-24 21:37:51 --> Session: Class initialized using 'CodeIgniter\Session\Handlers\FileHandler' driver.
INFO - 2024-06-24 21:37:51 --> Cart Class Initialized
INFO - 2024-06-24 21:37:52 --> Session: Class initialized using 'CodeIgniter\Session\Handlers\FileHandler' driver.
INFO - 2024-06-24 21:37:52 --> Cart Class Initialized
INFO - 2024-06-24 21:37:52 --> Session: Class initialized using 'CodeIgniter\Session\Handlers\FileHandler' driver.
INFO - 2024-06-24 21:37:53 --> Cart Class Initialized
INFO - 2024-06-24 21:37:53 --> Session: Class initialized using 'CodeIgniter\Session\Handlers\FileHandler' driver.
INFO - 2024-06-24 21:37:53 --> Cart Class Initialized
INFO - 2024-06-24 21:37:55 --> Session: Class initialized using 'CodeIgniter\Session\Handlers\FileHandler' driver.
INFO - 2024-06-24 21:37:55 --> Cart Class Initialized
INFO - 2024-06-24 21:39:05 --> Session: Class initialized using 'CodeIgniter\Session\Handlers\FileHandler' driver.
INFO - 2024-06-24 21:39:05 --> Cart Class Initialized
INFO - 2024-06-24 21:39:06 --> Session: Class initialized using 'CodeIgniter\Session\Handlers\FileHandler' driver.
INFO - 2024-06-24 21:39:06 --> Cart Class Initialized
INFO - 2024-06-24 21:39:06 --> Session: Class initialized using 'CodeIgniter\Session\Handlers\FileHandler' driver.
INFO - 2024-06-24 21:39:06 --> Cart Class Initialized
INFO - 2024-06-24 21:39:09 --> Session: Class initialized using 'CodeIgniter\Session\Handlers\FileHandler' driver.
INFO - 2024-06-24 21:39:09 --> Cart Class Initialized
INFO - 2024-06-24 21:39:10 --> Session: Class initialized using 'CodeIgniter\Session\Handlers\FileHandler' driver.
INFO - 2024-06-24 21:39:10 --> Cart Class Initialized
INFO - 2024-06-24 21:39:16 --> Session: Class initialized using 'CodeIgniter\Session\Handlers\FileHandler' driver.
INFO - 2024-06-24 21:39:16 --> Cart Class Initialized
