INFO - 2024-06-18 00:00:02 --> Session: Class initialized using 'CodeIgniter\Session\Handlers\FileHandler' driver.
INFO - 2024-06-18 00:00:02 --> Cart Class Initialized
INFO - 2024-06-18 00:00:10 --> Session: Class initialized using 'CodeIgniter\Session\Handlers\FileHandler' driver.
INFO - 2024-06-18 00:00:10 --> Cart Class Initialized
INFO - 2024-06-18 00:06:57 --> Session: Class initialized using 'CodeIgniter\Session\Handlers\FileHandler' driver.
INFO - 2024-06-18 00:06:57 --> Cart Class Initialized
INFO - 2024-06-18 00:06:58 --> Session: Class initialized using 'CodeIgniter\Session\Handlers\FileHandler' driver.
INFO - 2024-06-18 00:06:58 --> Cart Class Initialized
INFO - 2024-06-18 00:07:18 --> Session: Class initialized using 'CodeIgniter\Session\Handlers\FileHandler' driver.
INFO - 2024-06-18 00:07:18 --> Cart Class Initialized
INFO - 2024-06-18 00:20:09 --> Session: Class initialized using 'CodeIgniter\Session\Handlers\FileHandler' driver.
INFO - 2024-06-18 00:20:09 --> Cart Class Initialized
INFO - 2024-06-18 00:20:53 --> Session: Class initialized using 'CodeIgniter\Session\Handlers\FileHandler' driver.
INFO - 2024-06-18 00:20:53 --> Cart Class Initialized
INFO - 2024-06-18 00:21:10 --> Session: Class initialized using 'CodeIgniter\Session\Handlers\FileHandler' driver.
INFO - 2024-06-18 00:21:10 --> Cart Class Initialized
INFO - 2024-06-18 00:21:25 --> Session: Class initialized using 'CodeIgniter\Session\Handlers\FileHandler' driver.
INFO - 2024-06-18 00:21:25 --> Cart Class Initialized
INFO - 2024-06-18 00:22:00 --> Session: Class initialized using 'CodeIgniter\Session\Handlers\FileHandler' driver.
INFO - 2024-06-18 00:22:00 --> Cart Class Initialized
INFO - 2024-06-18 00:22:39 --> Session: Class initialized using 'CodeIgniter\Session\Handlers\FileHandler' driver.
INFO - 2024-06-18 00:22:39 --> Cart Class Initialized
INFO - 2024-06-18 00:22:40 --> Session: Class initialized using 'CodeIgniter\Session\Handlers\FileHandler' driver.
INFO - 2024-06-18 00:22:40 --> Cart Class Initialized
INFO - 2024-06-18 00:22:48 --> Session: Class initialized using 'CodeIgniter\Session\Handlers\FileHandler' driver.
INFO - 2024-06-18 00:22:48 --> Cart Class Initialized
INFO - 2024-06-18 00:22:49 --> Session: Class initialized using 'CodeIgniter\Session\Handlers\FileHandler' driver.
INFO - 2024-06-18 00:22:49 --> Cart Class Initialized
INFO - 2024-06-18 00:26:56 --> Session: Class initialized using 'CodeIgniter\Session\Handlers\FileHandler' driver.
INFO - 2024-06-18 00:26:56 --> Cart Class Initialized
INFO - 2024-06-18 00:27:14 --> Session: Class initialized using 'CodeIgniter\Session\Handlers\FileHandler' driver.
INFO - 2024-06-18 00:27:14 --> Cart Class Initialized
INFO - 2024-06-18 00:27:34 --> Session: Class initialized using 'CodeIgniter\Session\Handlers\FileHandler' driver.
INFO - 2024-06-18 00:27:34 --> Cart Class Initialized
INFO - 2024-06-18 00:27:52 --> Session: Class initialized using 'CodeIgniter\Session\Handlers\FileHandler' driver.
INFO - 2024-06-18 00:27:52 --> Cart Class Initialized
INFO - 2024-06-18 00:28:04 --> Session: Class initialized using 'CodeIgniter\Session\Handlers\FileHandler' driver.
INFO - 2024-06-18 00:28:04 --> Cart Class Initialized
INFO - 2024-06-18 00:28:19 --> Session: Class initialized using 'CodeIgniter\Session\Handlers\FileHandler' driver.
INFO - 2024-06-18 00:28:19 --> Cart Class Initialized
INFO - 2024-06-18 00:28:29 --> Session: Class initialized using 'CodeIgniter\Session\Handlers\FileHandler' driver.
INFO - 2024-06-18 00:28:29 --> Cart Class Initialized
INFO - 2024-06-18 00:28:39 --> Session: Class initialized using 'CodeIgniter\Session\Handlers\FileHandler' driver.
INFO - 2024-06-18 00:28:39 --> Cart Class Initialized
INFO - 2024-06-18 00:28:58 --> Session: Class initialized using 'CodeIgniter\Session\Handlers\FileHandler' driver.
INFO - 2024-06-18 00:28:58 --> Cart Class Initialized
INFO - 2024-06-18 00:30:07 --> Session: Class initialized using 'CodeIgniter\Session\Handlers\FileHandler' driver.
INFO - 2024-06-18 00:30:07 --> Cart Class Initialized
INFO - 2024-06-18 00:30:15 --> Session: Class initialized using 'CodeIgniter\Session\Handlers\FileHandler' driver.
INFO - 2024-06-18 00:30:15 --> Cart Class Initialized
INFO - 2024-06-18 00:30:18 --> Session: Class initialized using 'CodeIgniter\Session\Handlers\FileHandler' driver.
INFO - 2024-06-18 00:30:18 --> Cart Class Initialized
INFO - 2024-06-18 00:30:36 --> Session: Class initialized using 'CodeIgniter\Session\Handlers\FileHandler' driver.
INFO - 2024-06-18 00:30:36 --> Cart Class Initialized
INFO - 2024-06-18 00:30:39 --> Session: Class initialized using 'CodeIgniter\Session\Handlers\FileHandler' driver.
INFO - 2024-06-18 00:30:39 --> Cart Class Initialized
INFO - 2024-06-18 00:30:43 --> Session: Class initialized using 'CodeIgniter\Session\Handlers\FileHandler' driver.
INFO - 2024-06-18 00:30:43 --> Cart Class Initialized
INFO - 2024-06-18 00:30:58 --> Session: Class initialized using 'CodeIgniter\Session\Handlers\FileHandler' driver.
INFO - 2024-06-18 00:30:58 --> Cart Class Initialized
INFO - 2024-06-18 00:30:59 --> Session: Class initialized using 'CodeIgniter\Session\Handlers\FileHandler' driver.
INFO - 2024-06-18 00:30:59 --> Cart Class Initialized
INFO - 2024-06-18 00:31:00 --> Session: Class initialized using 'CodeIgniter\Session\Handlers\FileHandler' driver.
INFO - 2024-06-18 00:31:00 --> Cart Class Initialized
INFO - 2024-06-18 00:31:00 --> Session: Class initialized using 'CodeIgniter\Session\Handlers\FileHandler' driver.
INFO - 2024-06-18 00:31:00 --> Cart Class Initialized
INFO - 2024-06-18 00:33:18 --> Session: Class initialized using 'CodeIgniter\Session\Handlers\FileHandler' driver.
INFO - 2024-06-18 00:33:18 --> Cart Class Initialized
INFO - 2024-06-18 00:33:21 --> Session: Class initialized using 'CodeIgniter\Session\Handlers\FileHandler' driver.
INFO - 2024-06-18 00:33:21 --> Cart Class Initialized
INFO - 2024-06-18 00:33:23 --> Session: Class initialized using 'CodeIgniter\Session\Handlers\FileHandler' driver.
INFO - 2024-06-18 00:33:23 --> Cart Class Initialized
INFO - 2024-06-18 00:33:23 --> Session: Class initialized using 'CodeIgniter\Session\Handlers\FileHandler' driver.
INFO - 2024-06-18 00:33:23 --> Cart Class Initialized
INFO - 2024-06-18 00:33:25 --> Session: Class initialized using 'CodeIgniter\Session\Handlers\FileHandler' driver.
INFO - 2024-06-18 00:33:25 --> Cart Class Initialized
INFO - 2024-06-18 00:33:25 --> Session: Class initialized using 'CodeIgniter\Session\Handlers\FileHandler' driver.
INFO - 2024-06-18 00:33:25 --> Cart Class Initialized
INFO - 2024-06-18 00:34:57 --> Session: Class initialized using 'CodeIgniter\Session\Handlers\FileHandler' driver.
INFO - 2024-06-18 00:34:57 --> Cart Class Initialized
INFO - 2024-06-18 00:35:04 --> Session: Class initialized using 'CodeIgniter\Session\Handlers\FileHandler' driver.
INFO - 2024-06-18 00:35:04 --> Cart Class Initialized
INFO - 2024-06-18 00:35:04 --> Session: Class initialized using 'CodeIgniter\Session\Handlers\FileHandler' driver.
INFO - 2024-06-18 00:35:04 --> Cart Class Initialized
INFO - 2024-06-18 00:41:23 --> Session: Class initialized using 'CodeIgniter\Session\Handlers\FileHandler' driver.
INFO - 2024-06-18 00:41:23 --> Cart Class Initialized
INFO - 2024-06-18 00:41:59 --> Session: Class initialized using 'CodeIgniter\Session\Handlers\FileHandler' driver.
INFO - 2024-06-18 00:41:59 --> Cart Class Initialized
INFO - 2024-06-18 00:45:55 --> Session: Class initialized using 'CodeIgniter\Session\Handlers\FileHandler' driver.
INFO - 2024-06-18 00:45:55 --> Cart Class Initialized
INFO - 2024-06-18 00:46:03 --> Session: Class initialized using 'CodeIgniter\Session\Handlers\FileHandler' driver.
INFO - 2024-06-18 00:46:03 --> Cart Class Initialized
INFO - 2024-06-18 00:48:21 --> Session: Class initialized using 'CodeIgniter\Session\Handlers\FileHandler' driver.
INFO - 2024-06-18 00:48:21 --> Cart Class Initialized
INFO - 2024-06-18 00:50:17 --> Session: Class initialized using 'CodeIgniter\Session\Handlers\FileHandler' driver.
INFO - 2024-06-18 00:50:17 --> Cart Class Initialized
INFO - 2024-06-18 00:51:41 --> Session: Class initialized using 'CodeIgniter\Session\Handlers\FileHandler' driver.
INFO - 2024-06-18 00:51:41 --> Cart Class Initialized
INFO - 2024-06-18 00:51:42 --> Session: Class initialized using 'CodeIgniter\Session\Handlers\FileHandler' driver.
INFO - 2024-06-18 00:51:42 --> Cart Class Initialized
INFO - 2024-06-18 00:52:00 --> Session: Class initialized using 'CodeIgniter\Session\Handlers\FileHandler' driver.
INFO - 2024-06-18 00:52:00 --> Cart Class Initialized
INFO - 2024-06-18 00:52:01 --> Session: Class initialized using 'CodeIgniter\Session\Handlers\FileHandler' driver.
INFO - 2024-06-18 00:52:01 --> Cart Class Initialized
INFO - 2024-06-18 00:52:17 --> Session: Class initialized using 'CodeIgniter\Session\Handlers\FileHandler' driver.
INFO - 2024-06-18 00:52:17 --> Cart Class Initialized
INFO - 2024-06-18 00:53:46 --> Session: Class initialized using 'CodeIgniter\Session\Handlers\FileHandler' driver.
INFO - 2024-06-18 00:53:46 --> Cart Class Initialized
INFO - 2024-06-18 00:53:57 --> Session: Class initialized using 'CodeIgniter\Session\Handlers\FileHandler' driver.
INFO - 2024-06-18 00:53:57 --> Cart Class Initialized
INFO - 2024-06-18 00:54:04 --> Session: Class initialized using 'CodeIgniter\Session\Handlers\FileHandler' driver.
INFO - 2024-06-18 00:54:04 --> Cart Class Initialized
INFO - 2024-06-18 00:54:06 --> Session: Class initialized using 'CodeIgniter\Session\Handlers\FileHandler' driver.
INFO - 2024-06-18 00:54:06 --> Cart Class Initialized
INFO - 2024-06-18 00:54:19 --> Session: Class initialized using 'CodeIgniter\Session\Handlers\FileHandler' driver.
INFO - 2024-06-18 00:54:19 --> Cart Class Initialized
INFO - 2024-06-18 00:55:00 --> Session: Class initialized using 'CodeIgniter\Session\Handlers\FileHandler' driver.
INFO - 2024-06-18 00:55:00 --> Cart Class Initialized
INFO - 2024-06-18 01:28:35 --> Session: Class initialized using 'CodeIgniter\Session\Handlers\FileHandler' driver.
INFO - 2024-06-18 01:28:35 --> Cart Class Initialized
INFO - 2024-06-18 01:29:12 --> Session: Class initialized using 'CodeIgniter\Session\Handlers\FileHandler' driver.
INFO - 2024-06-18 01:29:12 --> Cart Class Initialized
ERROR - 2024-06-18 01:29:12 --> mysqli_sql_exception: Unknown column 'created_at' in 'field list' in A:\xampp\htdocs\proyecto_parras_alan\system\Database\MySQLi\Connection.php:295
Stack trace:
#0 A:\xampp\htdocs\proyecto_parras_alan\system\Database\MySQLi\Connection.php(295): mysqli->query('INSERT INTO `ve...', 0)
#1 A:\xampp\htdocs\proyecto_parras_alan\system\Database\BaseConnection.php(691): CodeIgniter\Database\MySQLi\Connection->execute('INSERT INTO `ve...')
#2 A:\xampp\htdocs\proyecto_parras_alan\system\Database\BaseConnection.php(605): CodeIgniter\Database\BaseConnection->simpleQuery('INSERT INTO `ve...')
#3 A:\xampp\htdocs\proyecto_parras_alan\system\Database\BaseBuilder.php(2309): CodeIgniter\Database\BaseConnection->query('INSERT INTO `ve...', Array, false)
#4 A:\xampp\htdocs\proyecto_parras_alan\system\Model.php(330): CodeIgniter\Database\BaseBuilder->insert()
#5 A:\xampp\htdocs\proyecto_parras_alan\system\BaseModel.php(782): CodeIgniter\Model->doInsert(Array)
#6 A:\xampp\htdocs\proyecto_parras_alan\system\Model.php(730): CodeIgniter\BaseModel->insert(Array, true)
#7 A:\xampp\htdocs\proyecto_parras_alan\app\Controllers\Cart.php(88): CodeIgniter\Model->insert(Array)
#8 A:\xampp\htdocs\proyecto_parras_alan\system\CodeIgniter.php(934): App\Controllers\Cart->buy()
#9 A:\xampp\htdocs\proyecto_parras_alan\system\CodeIgniter.php(499): CodeIgniter\CodeIgniter->runController(Object(App\Controllers\Cart))
#10 A:\xampp\htdocs\proyecto_parras_alan\system\CodeIgniter.php(368): CodeIgniter\CodeIgniter->handleRequest(NULL, Object(Config\Cache), false)
#11 A:\xampp\htdocs\proyecto_parras_alan\index.php(68): CodeIgniter\CodeIgniter->run()
#12 {main}
CRITICAL - 2024-06-18 01:29:13 --> Unknown column 'created_at' in 'field list'
in SYSTEMPATH\Database\BaseConnection.php on line 645.
 1 SYSTEMPATH\Database\BaseBuilder.php(2309): CodeIgniter\Database\BaseConnection->query('INSERT INTO `ventas` (`id_user`, `created_at`) VALUES (:id_user:, :created_at:)', [...], false)
 2 SYSTEMPATH\Model.php(330): CodeIgniter\Database\BaseBuilder->insert()
 3 SYSTEMPATH\BaseModel.php(782): CodeIgniter\Model->doInsert([...])
 4 SYSTEMPATH\Model.php(730): CodeIgniter\BaseModel->insert([...], true)
 5 APPPATH\Controllers\Cart.php(88): CodeIgniter\Model->insert([...])
 6 SYSTEMPATH\CodeIgniter.php(934): App\Controllers\Cart->buy()
 7 SYSTEMPATH\CodeIgniter.php(499): CodeIgniter\CodeIgniter->runController(Object(App\Controllers\Cart))
 8 SYSTEMPATH\CodeIgniter.php(368): CodeIgniter\CodeIgniter->handleRequest(null, Object(Config\Cache), false)
 9 FCPATH\index.php(68): CodeIgniter\CodeIgniter->run()
INFO - 2024-06-18 01:30:10 --> Session: Class initialized using 'CodeIgniter\Session\Handlers\FileHandler' driver.
INFO - 2024-06-18 01:30:10 --> Cart Class Initialized
INFO - 2024-06-18 01:30:37 --> Session: Class initialized using 'CodeIgniter\Session\Handlers\FileHandler' driver.
INFO - 2024-06-18 01:30:37 --> Cart Class Initialized
INFO - 2024-06-18 01:30:38 --> Session: Class initialized using 'CodeIgniter\Session\Handlers\FileHandler' driver.
INFO - 2024-06-18 01:30:38 --> Cart Class Initialized
ERROR - 2024-06-18 01:30:38 --> mysqli_sql_exception: Unknown column 'created_at' in 'field list' in A:\xampp\htdocs\proyecto_parras_alan\system\Database\MySQLi\Connection.php:295
Stack trace:
#0 A:\xampp\htdocs\proyecto_parras_alan\system\Database\MySQLi\Connection.php(295): mysqli->query('INSERT INTO `ve...', 0)
#1 A:\xampp\htdocs\proyecto_parras_alan\system\Database\BaseConnection.php(691): CodeIgniter\Database\MySQLi\Connection->execute('INSERT INTO `ve...')
#2 A:\xampp\htdocs\proyecto_parras_alan\system\Database\BaseConnection.php(605): CodeIgniter\Database\BaseConnection->simpleQuery('INSERT INTO `ve...')
#3 A:\xampp\htdocs\proyecto_parras_alan\system\Database\BaseBuilder.php(2309): CodeIgniter\Database\BaseConnection->query('INSERT INTO `ve...', Array, false)
#4 A:\xampp\htdocs\proyecto_parras_alan\system\Model.php(330): CodeIgniter\Database\BaseBuilder->insert()
#5 A:\xampp\htdocs\proyecto_parras_alan\system\BaseModel.php(782): CodeIgniter\Model->doInsert(Array)
#6 A:\xampp\htdocs\proyecto_parras_alan\system\Model.php(730): CodeIgniter\BaseModel->insert(Array, true)
#7 A:\xampp\htdocs\proyecto_parras_alan\app\Controllers\Cart.php(88): CodeIgniter\Model->insert(Array)
#8 A:\xampp\htdocs\proyecto_parras_alan\system\CodeIgniter.php(934): App\Controllers\Cart->buy()
#9 A:\xampp\htdocs\proyecto_parras_alan\system\CodeIgniter.php(499): CodeIgniter\CodeIgniter->runController(Object(App\Controllers\Cart))
#10 A:\xampp\htdocs\proyecto_parras_alan\system\CodeIgniter.php(368): CodeIgniter\CodeIgniter->handleRequest(NULL, Object(Config\Cache), false)
#11 A:\xampp\htdocs\proyecto_parras_alan\index.php(68): CodeIgniter\CodeIgniter->run()
#12 {main}
CRITICAL - 2024-06-18 01:30:38 --> Unknown column 'created_at' in 'field list'
in SYSTEMPATH\Database\BaseConnection.php on line 645.
 1 SYSTEMPATH\Database\BaseBuilder.php(2309): CodeIgniter\Database\BaseConnection->query('INSERT INTO `ventas` (`id_user`, `total_venta`, `created_at`) VALUES (:id_user:, :total_venta:, :created_at:)', [...], false)
 2 SYSTEMPATH\Model.php(330): CodeIgniter\Database\BaseBuilder->insert()
 3 SYSTEMPATH\BaseModel.php(782): CodeIgniter\Model->doInsert([...])
 4 SYSTEMPATH\Model.php(730): CodeIgniter\BaseModel->insert([...], true)
 5 APPPATH\Controllers\Cart.php(88): CodeIgniter\Model->insert([...])
 6 SYSTEMPATH\CodeIgniter.php(934): App\Controllers\Cart->buy()
 7 SYSTEMPATH\CodeIgniter.php(499): CodeIgniter\CodeIgniter->runController(Object(App\Controllers\Cart))
 8 SYSTEMPATH\CodeIgniter.php(368): CodeIgniter\CodeIgniter->handleRequest(null, Object(Config\Cache), false)
 9 FCPATH\index.php(68): CodeIgniter\CodeIgniter->run()
INFO - 2024-06-18 01:31:19 --> Session: Class initialized using 'CodeIgniter\Session\Handlers\FileHandler' driver.
INFO - 2024-06-18 01:31:19 --> Cart Class Initialized
INFO - 2024-06-18 01:31:20 --> Session: Class initialized using 'CodeIgniter\Session\Handlers\FileHandler' driver.
INFO - 2024-06-18 01:31:20 --> Cart Class Initialized
CRITICAL - 2024-06-18 01:31:20 --> No hay datos para insert
in SYSTEMPATH\BaseModel.php on line 762.
 1 SYSTEMPATH\BaseModel.php(762): CodeIgniter\Database\Exceptions\DataException::forEmptyDataset('insert')
 2 SYSTEMPATH\Model.php(730): CodeIgniter\BaseModel->insert([], true)
 3 APPPATH\Controllers\Cart.php(96): CodeIgniter\Model->insert([...])
 4 SYSTEMPATH\CodeIgniter.php(934): App\Controllers\Cart->buy()
 5 SYSTEMPATH\CodeIgniter.php(499): CodeIgniter\CodeIgniter->runController(Object(App\Controllers\Cart))
 6 SYSTEMPATH\CodeIgniter.php(368): CodeIgniter\CodeIgniter->handleRequest(null, Object(Config\Cache), false)
 7 FCPATH\index.php(68): CodeIgniter\CodeIgniter->run()
INFO - 2024-06-18 01:31:38 --> Session: Class initialized using 'CodeIgniter\Session\Handlers\FileHandler' driver.
INFO - 2024-06-18 01:31:38 --> Cart Class Initialized
INFO - 2024-06-18 01:31:39 --> Session: Class initialized using 'CodeIgniter\Session\Handlers\FileHandler' driver.
INFO - 2024-06-18 01:31:39 --> Cart Class Initialized
INFO - 2024-06-18 01:31:51 --> Session: Class initialized using 'CodeIgniter\Session\Handlers\FileHandler' driver.
INFO - 2024-06-18 01:31:51 --> Cart Class Initialized
CRITICAL - 2024-06-18 01:31:51 --> No hay datos para insert
in SYSTEMPATH\BaseModel.php on line 762.
 1 SYSTEMPATH\BaseModel.php(762): CodeIgniter\Database\Exceptions\DataException::forEmptyDataset('insert')
 2 SYSTEMPATH\Model.php(730): CodeIgniter\BaseModel->insert([], true)
 3 APPPATH\Controllers\Cart.php(96): CodeIgniter\Model->insert([...])
 4 SYSTEMPATH\CodeIgniter.php(934): App\Controllers\Cart->buy()
 5 SYSTEMPATH\CodeIgniter.php(499): CodeIgniter\CodeIgniter->runController(Object(App\Controllers\Cart))
 6 SYSTEMPATH\CodeIgniter.php(368): CodeIgniter\CodeIgniter->handleRequest(null, Object(Config\Cache), false)
 7 FCPATH\index.php(68): CodeIgniter\CodeIgniter->run()
INFO - 2024-06-18 01:33:29 --> Session: Class initialized using 'CodeIgniter\Session\Handlers\FileHandler' driver.
INFO - 2024-06-18 01:33:29 --> Cart Class Initialized
INFO - 2024-06-18 01:33:30 --> Session: Class initialized using 'CodeIgniter\Session\Handlers\FileHandler' driver.
INFO - 2024-06-18 01:33:30 --> Cart Class Initialized
CRITICAL - 2024-06-18 01:33:30 --> No hay datos para insert
in SYSTEMPATH\BaseModel.php on line 762.
 1 SYSTEMPATH\BaseModel.php(762): CodeIgniter\Database\Exceptions\DataException::forEmptyDataset('insert')
 2 SYSTEMPATH\Model.php(730): CodeIgniter\BaseModel->insert([], true)
 3 APPPATH\Controllers\Cart.php(96): CodeIgniter\Model->insert([...])
 4 SYSTEMPATH\CodeIgniter.php(934): App\Controllers\Cart->buy()
 5 SYSTEMPATH\CodeIgniter.php(499): CodeIgniter\CodeIgniter->runController(Object(App\Controllers\Cart))
 6 SYSTEMPATH\CodeIgniter.php(368): CodeIgniter\CodeIgniter->handleRequest(null, Object(Config\Cache), false)
 7 FCPATH\index.php(68): CodeIgniter\CodeIgniter->run()
INFO - 2024-06-18 01:33:32 --> Session: Class initialized using 'CodeIgniter\Session\Handlers\FileHandler' driver.
INFO - 2024-06-18 01:33:32 --> Cart Class Initialized
INFO - 2024-06-18 01:33:33 --> Session: Class initialized using 'CodeIgniter\Session\Handlers\FileHandler' driver.
INFO - 2024-06-18 01:33:33 --> Cart Class Initialized
CRITICAL - 2024-06-18 01:33:33 --> No hay datos para insert
in SYSTEMPATH\BaseModel.php on line 762.
 1 SYSTEMPATH\BaseModel.php(762): CodeIgniter\Database\Exceptions\DataException::forEmptyDataset('insert')
 2 SYSTEMPATH\Model.php(730): CodeIgniter\BaseModel->insert([], true)
 3 APPPATH\Controllers\Cart.php(96): CodeIgniter\Model->insert([...])
 4 SYSTEMPATH\CodeIgniter.php(934): App\Controllers\Cart->buy()
 5 SYSTEMPATH\CodeIgniter.php(499): CodeIgniter\CodeIgniter->runController(Object(App\Controllers\Cart))
 6 SYSTEMPATH\CodeIgniter.php(368): CodeIgniter\CodeIgniter->handleRequest(null, Object(Config\Cache), false)
 7 FCPATH\index.php(68): CodeIgniter\CodeIgniter->run()
INFO - 2024-06-18 01:38:11 --> Session: Class initialized using 'CodeIgniter\Session\Handlers\FileHandler' driver.
INFO - 2024-06-18 01:38:11 --> Cart Class Initialized
CRITICAL - 2024-06-18 01:38:11 --> Cannot use object of type App\Models\VentaModel as array
in APPPATH\Controllers\Cart.php on line 93.
 1 SYSTEMPATH\CodeIgniter.php(934): App\Controllers\Cart->buy()
 2 SYSTEMPATH\CodeIgniter.php(499): CodeIgniter\CodeIgniter->runController(Object(App\Controllers\Cart))
 3 SYSTEMPATH\CodeIgniter.php(368): CodeIgniter\CodeIgniter->handleRequest(null, Object(Config\Cache), false)
 4 FCPATH\index.php(68): CodeIgniter\CodeIgniter->run()
INFO - 2024-06-18 01:41:31 --> Session: Class initialized using 'CodeIgniter\Session\Handlers\FileHandler' driver.
INFO - 2024-06-18 01:41:31 --> Cart Class Initialized
CRITICAL - 2024-06-18 01:41:31 --> Cannot use object of type App\Models\VentaModel as array
in APPPATH\Controllers\Cart.php on line 90.
 1 SYSTEMPATH\CodeIgniter.php(934): App\Controllers\Cart->buy()
 2 SYSTEMPATH\CodeIgniter.php(499): CodeIgniter\CodeIgniter->runController(Object(App\Controllers\Cart))
 3 SYSTEMPATH\CodeIgniter.php(368): CodeIgniter\CodeIgniter->handleRequest(null, Object(Config\Cache), false)
 4 FCPATH\index.php(68): CodeIgniter\CodeIgniter->run()
INFO - 2024-06-18 01:46:15 --> Session: Class initialized using 'CodeIgniter\Session\Handlers\FileHandler' driver.
INFO - 2024-06-18 01:46:15 --> Cart Class Initialized
ERROR - 2024-06-18 01:46:15 --> mysqli_sql_exception: Cannot add or update a child row: a foreign key constraint fails (`parras_a`.`ventas`, CONSTRAINT `ventas_users` FOREIGN KEY (`id_user`) REFERENCES `users` (`id_user`)) in A:\xampp\htdocs\proyecto_parras_alan\system\Database\MySQLi\Connection.php:295
Stack trace:
#0 A:\xampp\htdocs\proyecto_parras_alan\system\Database\MySQLi\Connection.php(295): mysqli->query('INSERT INTO `ve...', 0)
#1 A:\xampp\htdocs\proyecto_parras_alan\system\Database\BaseConnection.php(691): CodeIgniter\Database\MySQLi\Connection->execute('INSERT INTO `ve...')
#2 A:\xampp\htdocs\proyecto_parras_alan\system\Database\BaseConnection.php(605): CodeIgniter\Database\BaseConnection->simpleQuery('INSERT INTO `ve...')
#3 A:\xampp\htdocs\proyecto_parras_alan\system\Database\BaseBuilder.php(2309): CodeIgniter\Database\BaseConnection->query('INSERT INTO `ve...', Array, false)
#4 A:\xampp\htdocs\proyecto_parras_alan\system\Model.php(330): CodeIgniter\Database\BaseBuilder->insert()
#5 A:\xampp\htdocs\proyecto_parras_alan\system\BaseModel.php(782): CodeIgniter\Model->doInsert(Array)
#6 A:\xampp\htdocs\proyecto_parras_alan\system\Model.php(730): CodeIgniter\BaseModel->insert(Array, true)
#7 A:\xampp\htdocs\proyecto_parras_alan\app\Controllers\Cart.php(88): CodeIgniter\Model->insert(Array)
#8 A:\xampp\htdocs\proyecto_parras_alan\system\CodeIgniter.php(934): App\Controllers\Cart->buy()
#9 A:\xampp\htdocs\proyecto_parras_alan\system\CodeIgniter.php(499): CodeIgniter\CodeIgniter->runController(Object(App\Controllers\Cart))
#10 A:\xampp\htdocs\proyecto_parras_alan\system\CodeIgniter.php(368): CodeIgniter\CodeIgniter->handleRequest(NULL, Object(Config\Cache), false)
#11 A:\xampp\htdocs\proyecto_parras_alan\index.php(68): CodeIgniter\CodeIgniter->run()
#12 {main}
CRITICAL - 2024-06-18 01:46:15 --> Cannot add or update a child row: a foreign key constraint fails (`parras_a`.`ventas`, CONSTRAINT `ventas_users` FOREIGN KEY (`id_user`) REFERENCES `users` (`id_user`))
in SYSTEMPATH\Database\BaseConnection.php on line 645.
 1 SYSTEMPATH\Database\BaseBuilder.php(2309): CodeIgniter\Database\BaseConnection->query('INSERT INTO `ventas` (`id_user`, `created_at`) VALUES (:id_user:, :created_at:)', [...], false)
 2 SYSTEMPATH\Model.php(330): CodeIgniter\Database\BaseBuilder->insert()
 3 SYSTEMPATH\BaseModel.php(782): CodeIgniter\Model->doInsert([...])
 4 SYSTEMPATH\Model.php(730): CodeIgniter\BaseModel->insert([...], true)
 5 APPPATH\Controllers\Cart.php(88): CodeIgniter\Model->insert([...])
 6 SYSTEMPATH\CodeIgniter.php(934): App\Controllers\Cart->buy()
 7 SYSTEMPATH\CodeIgniter.php(499): CodeIgniter\CodeIgniter->runController(Object(App\Controllers\Cart))
 8 SYSTEMPATH\CodeIgniter.php(368): CodeIgniter\CodeIgniter->handleRequest(null, Object(Config\Cache), false)
 9 FCPATH\index.php(68): CodeIgniter\CodeIgniter->run()
INFO - 2024-06-18 01:47:08 --> Session: Class initialized using 'CodeIgniter\Session\Handlers\FileHandler' driver.
INFO - 2024-06-18 01:47:08 --> Cart Class Initialized
ERROR - 2024-06-18 01:47:08 --> mysqli_sql_exception: Cannot add or update a child row: a foreign key constraint fails (`parras_a`.`ventas`, CONSTRAINT `ventas_users` FOREIGN KEY (`id_user`) REFERENCES `users` (`id_user`)) in A:\xampp\htdocs\proyecto_parras_alan\system\Database\MySQLi\Connection.php:295
Stack trace:
#0 A:\xampp\htdocs\proyecto_parras_alan\system\Database\MySQLi\Connection.php(295): mysqli->query('INSERT INTO `ve...', 0)
#1 A:\xampp\htdocs\proyecto_parras_alan\system\Database\BaseConnection.php(691): CodeIgniter\Database\MySQLi\Connection->execute('INSERT INTO `ve...')
#2 A:\xampp\htdocs\proyecto_parras_alan\system\Database\BaseConnection.php(605): CodeIgniter\Database\BaseConnection->simpleQuery('INSERT INTO `ve...')
#3 A:\xampp\htdocs\proyecto_parras_alan\system\Database\BaseBuilder.php(2309): CodeIgniter\Database\BaseConnection->query('INSERT INTO `ve...', Array, false)
#4 A:\xampp\htdocs\proyecto_parras_alan\system\Model.php(330): CodeIgniter\Database\BaseBuilder->insert()
#5 A:\xampp\htdocs\proyecto_parras_alan\system\BaseModel.php(782): CodeIgniter\Model->doInsert(Array)
#6 A:\xampp\htdocs\proyecto_parras_alan\system\Model.php(730): CodeIgniter\BaseModel->insert(Array, true)
#7 A:\xampp\htdocs\proyecto_parras_alan\app\Controllers\Cart.php(88): CodeIgniter\Model->insert(Array)
#8 A:\xampp\htdocs\proyecto_parras_alan\system\CodeIgniter.php(934): App\Controllers\Cart->buy()
#9 A:\xampp\htdocs\proyecto_parras_alan\system\CodeIgniter.php(499): CodeIgniter\CodeIgniter->runController(Object(App\Controllers\Cart))
#10 A:\xampp\htdocs\proyecto_parras_alan\system\CodeIgniter.php(368): CodeIgniter\CodeIgniter->handleRequest(NULL, Object(Config\Cache), false)
#11 A:\xampp\htdocs\proyecto_parras_alan\index.php(68): CodeIgniter\CodeIgniter->run()
#12 {main}
CRITICAL - 2024-06-18 01:47:08 --> Cannot add or update a child row: a foreign key constraint fails (`parras_a`.`ventas`, CONSTRAINT `ventas_users` FOREIGN KEY (`id_user`) REFERENCES `users` (`id_user`))
in SYSTEMPATH\Database\BaseConnection.php on line 645.
 1 SYSTEMPATH\Database\BaseBuilder.php(2309): CodeIgniter\Database\BaseConnection->query('INSERT INTO `ventas` (`id_user`, `created_at`) VALUES (:id_user:, :created_at:)', [...], false)
 2 SYSTEMPATH\Model.php(330): CodeIgniter\Database\BaseBuilder->insert()
 3 SYSTEMPATH\BaseModel.php(782): CodeIgniter\Model->doInsert([...])
 4 SYSTEMPATH\Model.php(730): CodeIgniter\BaseModel->insert([...], true)
 5 APPPATH\Controllers\Cart.php(88): CodeIgniter\Model->insert([...])
 6 SYSTEMPATH\CodeIgniter.php(934): App\Controllers\Cart->buy()
 7 SYSTEMPATH\CodeIgniter.php(499): CodeIgniter\CodeIgniter->runController(Object(App\Controllers\Cart))
 8 SYSTEMPATH\CodeIgniter.php(368): CodeIgniter\CodeIgniter->handleRequest(null, Object(Config\Cache), false)
 9 FCPATH\index.php(68): CodeIgniter\CodeIgniter->run()
INFO - 2024-06-18 01:48:22 --> Session: Class initialized using 'CodeIgniter\Session\Handlers\FileHandler' driver.
INFO - 2024-06-18 01:48:22 --> Cart Class Initialized
CRITICAL - 2024-06-18 01:48:22 --> Undefined array key "stock"
in APPPATH\Controllers\Cart.php on line 101.
 1 APPPATH\Controllers\Cart.php(101): CodeIgniter\Debug\Exceptions->errorHandler(2, 'Undefined array key "stock"', 'APPPATH\\Controllers\\Cart.php', 101)
 2 SYSTEMPATH\CodeIgniter.php(934): App\Controllers\Cart->buy()
 3 SYSTEMPATH\CodeIgniter.php(499): CodeIgniter\CodeIgniter->runController(Object(App\Controllers\Cart))
 4 SYSTEMPATH\CodeIgniter.php(368): CodeIgniter\CodeIgniter->handleRequest(null, Object(Config\Cache), false)
 5 FCPATH\index.php(68): CodeIgniter\CodeIgniter->run()
INFO - 2024-06-18 01:48:45 --> Session: Class initialized using 'CodeIgniter\Session\Handlers\FileHandler' driver.
INFO - 2024-06-18 01:48:45 --> Cart Class Initialized
INFO - 2024-06-18 01:51:40 --> Session: Class initialized using 'CodeIgniter\Session\Handlers\FileHandler' driver.
INFO - 2024-06-18 01:51:40 --> Cart Class Initialized
CRITICAL - 2024-06-18 01:51:40 --> Cannot use object of type App\Models\ProductsModel as array
in APPPATH\Controllers\Cart.php on line 101.
 1 SYSTEMPATH\CodeIgniter.php(934): App\Controllers\Cart->buy()
 2 SYSTEMPATH\CodeIgniter.php(499): CodeIgniter\CodeIgniter->runController(Object(App\Controllers\Cart))
 3 SYSTEMPATH\CodeIgniter.php(368): CodeIgniter\CodeIgniter->handleRequest(null, Object(Config\Cache), false)
 4 FCPATH\index.php(68): CodeIgniter\CodeIgniter->run()
INFO - 2024-06-18 01:53:14 --> Session: Class initialized using 'CodeIgniter\Session\Handlers\FileHandler' driver.
INFO - 2024-06-18 01:53:14 --> Cart Class Initialized
INFO - 2024-06-18 01:53:16 --> Session: Class initialized using 'CodeIgniter\Session\Handlers\FileHandler' driver.
INFO - 2024-06-18 01:53:16 --> Cart Class Initialized
INFO - 2024-06-18 01:53:16 --> Session: Class initialized using 'CodeIgniter\Session\Handlers\FileHandler' driver.
INFO - 2024-06-18 01:53:16 --> Cart Class Initialized
INFO - 2024-06-18 01:53:54 --> Session: Class initialized using 'CodeIgniter\Session\Handlers\FileHandler' driver.
INFO - 2024-06-18 01:53:54 --> Cart Class Initialized
INFO - 2024-06-18 01:53:54 --> Session: Class initialized using 'CodeIgniter\Session\Handlers\FileHandler' driver.
INFO - 2024-06-18 01:53:54 --> Cart Class Initialized
INFO - 2024-06-18 01:54:59 --> Session: Class initialized using 'CodeIgniter\Session\Handlers\FileHandler' driver.
INFO - 2024-06-18 01:54:59 --> Cart Class Initialized
INFO - 2024-06-18 01:54:59 --> Session: Class initialized using 'CodeIgniter\Session\Handlers\FileHandler' driver.
INFO - 2024-06-18 01:54:59 --> Cart Class Initialized
INFO - 2024-06-18 01:55:01 --> Session: Class initialized using 'CodeIgniter\Session\Handlers\FileHandler' driver.
INFO - 2024-06-18 01:55:01 --> Cart Class Initialized
INFO - 2024-06-18 01:55:01 --> Session: Class initialized using 'CodeIgniter\Session\Handlers\FileHandler' driver.
INFO - 2024-06-18 01:55:01 --> Cart Class Initialized
INFO - 2024-06-18 01:55:02 --> Session: Class initialized using 'CodeIgniter\Session\Handlers\FileHandler' driver.
INFO - 2024-06-18 01:55:02 --> Cart Class Initialized
INFO - 2024-06-18 01:55:03 --> Session: Class initialized using 'CodeIgniter\Session\Handlers\FileHandler' driver.
INFO - 2024-06-18 01:55:03 --> Cart Class Initialized
INFO - 2024-06-18 01:55:03 --> Session: Class initialized using 'CodeIgniter\Session\Handlers\FileHandler' driver.
INFO - 2024-06-18 01:55:03 --> Cart Class Initialized
INFO - 2024-06-18 01:55:05 --> Session: Class initialized using 'CodeIgniter\Session\Handlers\FileHandler' driver.
INFO - 2024-06-18 01:55:05 --> Cart Class Initialized
INFO - 2024-06-18 01:55:16 --> Session: Class initialized using 'CodeIgniter\Session\Handlers\FileHandler' driver.
INFO - 2024-06-18 01:55:16 --> Cart Class Initialized
INFO - 2024-06-18 01:55:16 --> Session: Class initialized using 'CodeIgniter\Session\Handlers\FileHandler' driver.
INFO - 2024-06-18 01:55:16 --> Cart Class Initialized
INFO - 2024-06-18 01:55:16 --> Session: Class initialized using 'CodeIgniter\Session\Handlers\FileHandler' driver.
INFO - 2024-06-18 01:55:16 --> Cart Class Initialized
INFO - 2024-06-18 01:55:16 --> Session: Class initialized using 'CodeIgniter\Session\Handlers\FileHandler' driver.
INFO - 2024-06-18 01:55:16 --> Cart Class Initialized
INFO - 2024-06-18 01:55:17 --> Session: Class initialized using 'CodeIgniter\Session\Handlers\FileHandler' driver.
INFO - 2024-06-18 01:55:17 --> Cart Class Initialized
INFO - 2024-06-18 01:55:17 --> Session: Class initialized using 'CodeIgniter\Session\Handlers\FileHandler' driver.
INFO - 2024-06-18 01:55:17 --> Cart Class Initialized
INFO - 2024-06-18 01:55:18 --> Session: Class initialized using 'CodeIgniter\Session\Handlers\FileHandler' driver.
INFO - 2024-06-18 01:55:18 --> Cart Class Initialized
INFO - 2024-06-18 01:55:18 --> Session: Class initialized using 'CodeIgniter\Session\Handlers\FileHandler' driver.
INFO - 2024-06-18 01:55:18 --> Cart Class Initialized
INFO - 2024-06-18 01:55:19 --> Session: Class initialized using 'CodeIgniter\Session\Handlers\FileHandler' driver.
INFO - 2024-06-18 01:55:19 --> Cart Class Initialized
INFO - 2024-06-18 01:55:19 --> Session: Class initialized using 'CodeIgniter\Session\Handlers\FileHandler' driver.
INFO - 2024-06-18 01:55:19 --> Cart Class Initialized
INFO - 2024-06-18 01:55:20 --> Session: Class initialized using 'CodeIgniter\Session\Handlers\FileHandler' driver.
INFO - 2024-06-18 01:55:20 --> Cart Class Initialized
INFO - 2024-06-18 01:55:20 --> Session: Class initialized using 'CodeIgniter\Session\Handlers\FileHandler' driver.
INFO - 2024-06-18 01:55:20 --> Cart Class Initialized
INFO - 2024-06-18 01:55:28 --> Session: Class initialized using 'CodeIgniter\Session\Handlers\FileHandler' driver.
INFO - 2024-06-18 01:55:28 --> Cart Class Initialized
INFO - 2024-06-18 01:55:34 --> Session: Class initialized using 'CodeIgniter\Session\Handlers\FileHandler' driver.
INFO - 2024-06-18 01:55:34 --> Cart Class Initialized
INFO - 2024-06-18 01:55:34 --> Session: Class initialized using 'CodeIgniter\Session\Handlers\FileHandler' driver.
INFO - 2024-06-18 01:55:34 --> Cart Class Initialized
INFO - 2024-06-18 01:55:36 --> Session: Class initialized using 'CodeIgniter\Session\Handlers\FileHandler' driver.
INFO - 2024-06-18 01:55:36 --> Cart Class Initialized
INFO - 2024-06-18 01:55:40 --> Session: Class initialized using 'CodeIgniter\Session\Handlers\FileHandler' driver.
INFO - 2024-06-18 01:55:40 --> Cart Class Initialized
INFO - 2024-06-18 01:55:41 --> Session: Class initialized using 'CodeIgniter\Session\Handlers\FileHandler' driver.
INFO - 2024-06-18 01:55:41 --> Cart Class Initialized
INFO - 2024-06-18 01:55:41 --> Session: Class initialized using 'CodeIgniter\Session\Handlers\FileHandler' driver.
INFO - 2024-06-18 01:55:41 --> Cart Class Initialized
INFO - 2024-06-18 01:55:42 --> Session: Class initialized using 'CodeIgniter\Session\Handlers\FileHandler' driver.
INFO - 2024-06-18 01:55:42 --> Cart Class Initialized
INFO - 2024-06-18 01:55:44 --> Session: Class initialized using 'CodeIgniter\Session\Handlers\FileHandler' driver.
INFO - 2024-06-18 01:55:44 --> Cart Class Initialized
CRITICAL - 2024-06-18 01:58:27 --> syntax error, unexpected token ")"
in APPPATH\Controllers\Cart.php on line 44.
 1 SYSTEMPATH\Autoloader\Autoloader.php(289): CodeIgniter\Autoloader\Autoloader->includeFile('APPPATH\\Controllers\\Cart.php')
 2 SYSTEMPATH\Autoloader\Autoloader.php(267): CodeIgniter\Autoloader\Autoloader->loadInNamespace('App\\Controllers\\Cart')
 3 [internal function]: CodeIgniter\Autoloader\Autoloader->loadClass('App\\Controllers\\Cart')
 4 SYSTEMPATH\CodeIgniter.php(892): class_exists('\\App\\Controllers\\Cart', true)
 5 SYSTEMPATH\CodeIgniter.php(486): CodeIgniter\CodeIgniter->startController()
 6 SYSTEMPATH\CodeIgniter.php(368): CodeIgniter\CodeIgniter->handleRequest(null, Object(Config\Cache), false)
 7 FCPATH\index.php(68): CodeIgniter\CodeIgniter->run()
INFO - 2024-06-18 01:58:29 --> Session: Class initialized using 'CodeIgniter\Session\Handlers\FileHandler' driver.
INFO - 2024-06-18 01:58:29 --> Cart Class Initialized
INFO - 2024-06-18 01:59:03 --> Session: Class initialized using 'CodeIgniter\Session\Handlers\FileHandler' driver.
INFO - 2024-06-18 01:59:04 --> Cart Class Initialized
INFO - 2024-06-18 01:59:06 --> Session: Class initialized using 'CodeIgniter\Session\Handlers\FileHandler' driver.
INFO - 2024-06-18 01:59:06 --> Cart Class Initialized
INFO - 2024-06-18 01:59:14 --> Session: Class initialized using 'CodeIgniter\Session\Handlers\FileHandler' driver.
INFO - 2024-06-18 01:59:14 --> Cart Class Initialized
INFO - 2024-06-18 01:59:16 --> Session: Class initialized using 'CodeIgniter\Session\Handlers\FileHandler' driver.
INFO - 2024-06-18 01:59:16 --> Cart Class Initialized
INFO - 2024-06-18 01:59:31 --> Session: Class initialized using 'CodeIgniter\Session\Handlers\FileHandler' driver.
INFO - 2024-06-18 01:59:31 --> Cart Class Initialized
INFO - 2024-06-18 01:59:32 --> Session: Class initialized using 'CodeIgniter\Session\Handlers\FileHandler' driver.
INFO - 2024-06-18 01:59:32 --> Cart Class Initialized
INFO - 2024-06-18 01:59:32 --> Session: Class initialized using 'CodeIgniter\Session\Handlers\FileHandler' driver.
INFO - 2024-06-18 01:59:32 --> Cart Class Initialized
INFO - 2024-06-18 01:59:33 --> Session: Class initialized using 'CodeIgniter\Session\Handlers\FileHandler' driver.
INFO - 2024-06-18 01:59:33 --> Cart Class Initialized
INFO - 2024-06-18 01:59:33 --> Session: Class initialized using 'CodeIgniter\Session\Handlers\FileHandler' driver.
INFO - 2024-06-18 01:59:34 --> Cart Class Initialized
INFO - 2024-06-18 02:03:34 --> Session: Class initialized using 'CodeIgniter\Session\Handlers\FileHandler' driver.
INFO - 2024-06-18 02:03:34 --> Cart Class Initialized
INFO - 2024-06-18 02:03:37 --> Session: Class initialized using 'CodeIgniter\Session\Handlers\FileHandler' driver.
INFO - 2024-06-18 02:03:37 --> Cart Class Initialized
CRITICAL - 2024-06-18 02:03:37 --> Call to a member function find() on array
in APPPATH\Controllers\Cart.php on line 41.
 1 SYSTEMPATH\CodeIgniter.php(934): App\Controllers\Cart->add('1')
 2 SYSTEMPATH\CodeIgniter.php(499): CodeIgniter\CodeIgniter->runController(Object(App\Controllers\Cart))
 3 SYSTEMPATH\CodeIgniter.php(368): CodeIgniter\CodeIgniter->handleRequest(null, Object(Config\Cache), false)
 4 FCPATH\index.php(68): CodeIgniter\CodeIgniter->run()
INFO - 2024-06-18 02:04:45 --> Session: Class initialized using 'CodeIgniter\Session\Handlers\FileHandler' driver.
INFO - 2024-06-18 02:04:45 --> Cart Class Initialized
INFO - 2024-06-18 02:04:46 --> Session: Class initialized using 'CodeIgniter\Session\Handlers\FileHandler' driver.
INFO - 2024-06-18 02:04:46 --> Cart Class Initialized
CRITICAL - 2024-06-18 02:04:46 --> Call to undefined method CodeIgniterCart\Cart::get_item()
in APPPATH\Controllers\Cart.php on line 40.
 1 SYSTEMPATH\CodeIgniter.php(934): App\Controllers\Cart->add('1')
 2 SYSTEMPATH\CodeIgniter.php(499): CodeIgniter\CodeIgniter->runController(Object(App\Controllers\Cart))
 3 SYSTEMPATH\CodeIgniter.php(368): CodeIgniter\CodeIgniter->handleRequest(null, Object(Config\Cache), false)
 4 FCPATH\index.php(68): CodeIgniter\CodeIgniter->run()
INFO - 2024-06-18 02:05:32 --> Session: Class initialized using 'CodeIgniter\Session\Handlers\FileHandler' driver.
INFO - 2024-06-18 02:05:32 --> Cart Class Initialized
INFO - 2024-06-18 02:05:33 --> Session: Class initialized using 'CodeIgniter\Session\Handlers\FileHandler' driver.
INFO - 2024-06-18 02:05:33 --> Cart Class Initialized
CRITICAL - 2024-06-18 02:05:33 --> Trying to access array offset on value of type bool
in APPPATH\Controllers\Cart.php on line 46.
 1 APPPATH\Controllers\Cart.php(46): CodeIgniter\Debug\Exceptions->errorHandler(2, 'Trying to access array offset on value of type bool', 'APPPATH\\Controllers\\Cart.php', 46)
 2 SYSTEMPATH\CodeIgniter.php(934): App\Controllers\Cart->add('1')
 3 SYSTEMPATH\CodeIgniter.php(499): CodeIgniter\CodeIgniter->runController(Object(App\Controllers\Cart))
 4 SYSTEMPATH\CodeIgniter.php(368): CodeIgniter\CodeIgniter->handleRequest(null, Object(Config\Cache), false)
 5 FCPATH\index.php(68): CodeIgniter\CodeIgniter->run()
INFO - 2024-06-18 02:08:40 --> Session: Class initialized using 'CodeIgniter\Session\Handlers\FileHandler' driver.
INFO - 2024-06-18 02:08:40 --> Cart Class Initialized
CRITICAL - 2024-06-18 02:08:40 --> Trying to access array offset on value of type bool
in APPPATH\Controllers\Cart.php on line 46.
 1 APPPATH\Controllers\Cart.php(46): CodeIgniter\Debug\Exceptions->errorHandler(2, 'Trying to access array offset on value of type bool', 'APPPATH\\Controllers\\Cart.php', 46)
 2 SYSTEMPATH\CodeIgniter.php(934): App\Controllers\Cart->add('1')
 3 SYSTEMPATH\CodeIgniter.php(499): CodeIgniter\CodeIgniter->runController(Object(App\Controllers\Cart))
 4 SYSTEMPATH\CodeIgniter.php(368): CodeIgniter\CodeIgniter->handleRequest(null, Object(Config\Cache), false)
 5 FCPATH\index.php(68): CodeIgniter\CodeIgniter->run()
INFO - 2024-06-18 02:08:42 --> Session: Class initialized using 'CodeIgniter\Session\Handlers\FileHandler' driver.
INFO - 2024-06-18 02:08:42 --> Cart Class Initialized
INFO - 2024-06-18 02:09:23 --> Session: Class initialized using 'CodeIgniter\Session\Handlers\FileHandler' driver.
INFO - 2024-06-18 02:09:23 --> Cart Class Initialized
CRITICAL - 2024-06-18 02:09:23 --> Trying to access array offset on value of type bool
in APPPATH\Controllers\Cart.php on line 46.
 1 APPPATH\Controllers\Cart.php(46): CodeIgniter\Debug\Exceptions->errorHandler(2, 'Trying to access array offset on value of type bool', 'APPPATH\\Controllers\\Cart.php', 46)
 2 SYSTEMPATH\CodeIgniter.php(934): App\Controllers\Cart->add('2')
 3 SYSTEMPATH\CodeIgniter.php(499): CodeIgniter\CodeIgniter->runController(Object(App\Controllers\Cart))
 4 SYSTEMPATH\CodeIgniter.php(368): CodeIgniter\CodeIgniter->handleRequest(null, Object(Config\Cache), false)
 5 FCPATH\index.php(68): CodeIgniter\CodeIgniter->run()
INFO - 2024-06-18 02:10:57 --> Session: Class initialized using 'CodeIgniter\Session\Handlers\FileHandler' driver.
INFO - 2024-06-18 02:10:57 --> Cart Class Initialized
CRITICAL - 2024-06-18 02:10:57 --> Trying to access array offset on value of type bool
in APPPATH\Controllers\Cart.php on line 46.
 1 APPPATH\Controllers\Cart.php(46): CodeIgniter\Debug\Exceptions->errorHandler(2, 'Trying to access array offset on value of type bool', 'APPPATH\\Controllers\\Cart.php', 46)
 2 SYSTEMPATH\CodeIgniter.php(934): App\Controllers\Cart->add('2')
 3 SYSTEMPATH\CodeIgniter.php(499): CodeIgniter\CodeIgniter->runController(Object(App\Controllers\Cart))
 4 SYSTEMPATH\CodeIgniter.php(368): CodeIgniter\CodeIgniter->handleRequest(null, Object(Config\Cache), false)
 5 FCPATH\index.php(68): CodeIgniter\CodeIgniter->run()
INFO - 2024-06-18 02:11:01 --> Session: Class initialized using 'CodeIgniter\Session\Handlers\FileHandler' driver.
INFO - 2024-06-18 02:11:01 --> Cart Class Initialized
INFO - 2024-06-18 02:11:02 --> Session: Class initialized using 'CodeIgniter\Session\Handlers\FileHandler' driver.
INFO - 2024-06-18 02:11:02 --> Cart Class Initialized
CRITICAL - 2024-06-18 02:11:02 --> Trying to access array offset on value of type bool
in APPPATH\Controllers\Cart.php on line 46.
 1 APPPATH\Controllers\Cart.php(46): CodeIgniter\Debug\Exceptions->errorHandler(2, 'Trying to access array offset on value of type bool', 'APPPATH\\Controllers\\Cart.php', 46)
 2 SYSTEMPATH\CodeIgniter.php(934): App\Controllers\Cart->add('1')
 3 SYSTEMPATH\CodeIgniter.php(499): CodeIgniter\CodeIgniter->runController(Object(App\Controllers\Cart))
 4 SYSTEMPATH\CodeIgniter.php(368): CodeIgniter\CodeIgniter->handleRequest(null, Object(Config\Cache), false)
 5 FCPATH\index.php(68): CodeIgniter\CodeIgniter->run()
INFO - 2024-06-18 02:12:40 --> Session: Class initialized using 'CodeIgniter\Session\Handlers\FileHandler' driver.
INFO - 2024-06-18 02:12:40 --> Cart Class Initialized
INFO - 2024-06-18 02:12:44 --> Session: Class initialized using 'CodeIgniter\Session\Handlers\FileHandler' driver.
INFO - 2024-06-18 02:12:44 --> Cart Class Initialized
CRITICAL - 2024-06-18 02:12:44 --> Trying to access array offset on value of type bool
in APPPATH\Controllers\Cart.php on line 46.
 1 APPPATH\Controllers\Cart.php(46): CodeIgniter\Debug\Exceptions->errorHandler(2, 'Trying to access array offset on value of type bool', 'APPPATH\\Controllers\\Cart.php', 46)
 2 SYSTEMPATH\CodeIgniter.php(934): App\Controllers\Cart->add('4')
 3 SYSTEMPATH\CodeIgniter.php(499): CodeIgniter\CodeIgniter->runController(Object(App\Controllers\Cart))
 4 SYSTEMPATH\CodeIgniter.php(368): CodeIgniter\CodeIgniter->handleRequest(null, Object(Config\Cache), false)
 5 FCPATH\index.php(68): CodeIgniter\CodeIgniter->run()
INFO - 2024-06-18 02:13:59 --> Session: Class initialized using 'CodeIgniter\Session\Handlers\FileHandler' driver.
INFO - 2024-06-18 02:13:59 --> Cart Class Initialized
INFO - 2024-06-18 02:15:47 --> Session: Class initialized using 'CodeIgniter\Session\Handlers\FileHandler' driver.
INFO - 2024-06-18 02:15:47 --> Cart Class Initialized
INFO - 2024-06-18 02:16:09 --> Session: Class initialized using 'CodeIgniter\Session\Handlers\FileHandler' driver.
INFO - 2024-06-18 02:16:09 --> Cart Class Initialized
INFO - 2024-06-18 02:16:27 --> Session: Class initialized using 'CodeIgniter\Session\Handlers\FileHandler' driver.
INFO - 2024-06-18 02:16:27 --> Cart Class Initialized
INFO - 2024-06-18 02:16:29 --> Session: Class initialized using 'CodeIgniter\Session\Handlers\FileHandler' driver.
INFO - 2024-06-18 02:16:29 --> Cart Class Initialized
INFO - 2024-06-18 02:16:50 --> Session: Class initialized using 'CodeIgniter\Session\Handlers\FileHandler' driver.
INFO - 2024-06-18 02:16:51 --> Cart Class Initialized
INFO - 2024-06-18 02:16:52 --> Session: Class initialized using 'CodeIgniter\Session\Handlers\FileHandler' driver.
INFO - 2024-06-18 02:16:52 --> Cart Class Initialized
CRITICAL - 2024-06-18 02:16:52 --> Trying to access array offset on value of type bool
in APPPATH\Controllers\Cart.php on line 46.
 1 APPPATH\Controllers\Cart.php(46): CodeIgniter\Debug\Exceptions->errorHandler(2, 'Trying to access array offset on value of type bool', 'APPPATH\\Controllers\\Cart.php', 46)
 2 SYSTEMPATH\CodeIgniter.php(934): App\Controllers\Cart->add('1')
 3 SYSTEMPATH\CodeIgniter.php(499): CodeIgniter\CodeIgniter->runController(Object(App\Controllers\Cart))
 4 SYSTEMPATH\CodeIgniter.php(368): CodeIgniter\CodeIgniter->handleRequest(null, Object(Config\Cache), false)
 5 FCPATH\index.php(68): CodeIgniter\CodeIgniter->run()
INFO - 2024-06-18 02:22:01 --> Session: Class initialized using 'CodeIgniter\Session\Handlers\FileHandler' driver.
INFO - 2024-06-18 02:22:01 --> Cart Class Initialized
INFO - 2024-06-18 02:22:05 --> Session: Class initialized using 'CodeIgniter\Session\Handlers\FileHandler' driver.
INFO - 2024-06-18 02:22:05 --> Cart Class Initialized
INFO - 2024-06-18 02:22:05 --> Session: Class initialized using 'CodeIgniter\Session\Handlers\FileHandler' driver.
INFO - 2024-06-18 02:22:05 --> Cart Class Initialized
INFO - 2024-06-18 02:22:07 --> Session: Class initialized using 'CodeIgniter\Session\Handlers\FileHandler' driver.
INFO - 2024-06-18 02:22:07 --> Cart Class Initialized
INFO - 2024-06-18 02:22:08 --> Session: Class initialized using 'CodeIgniter\Session\Handlers\FileHandler' driver.
INFO - 2024-06-18 02:22:08 --> Cart Class Initialized
INFO - 2024-06-18 02:22:11 --> Session: Class initialized using 'CodeIgniter\Session\Handlers\FileHandler' driver.
INFO - 2024-06-18 02:22:11 --> Cart Class Initialized
INFO - 2024-06-18 02:22:11 --> Session: Class initialized using 'CodeIgniter\Session\Handlers\FileHandler' driver.
INFO - 2024-06-18 02:22:11 --> Cart Class Initialized
INFO - 2024-06-18 02:22:13 --> Session: Class initialized using 'CodeIgniter\Session\Handlers\FileHandler' driver.
INFO - 2024-06-18 02:22:13 --> Cart Class Initialized
INFO - 2024-06-18 02:22:13 --> Session: Class initialized using 'CodeIgniter\Session\Handlers\FileHandler' driver.
INFO - 2024-06-18 02:22:13 --> Cart Class Initialized
INFO - 2024-06-18 02:22:15 --> Session: Class initialized using 'CodeIgniter\Session\Handlers\FileHandler' driver.
INFO - 2024-06-18 02:22:15 --> Cart Class Initialized
INFO - 2024-06-18 02:22:15 --> Session: Class initialized using 'CodeIgniter\Session\Handlers\FileHandler' driver.
INFO - 2024-06-18 02:22:15 --> Cart Class Initialized
INFO - 2024-06-18 02:22:18 --> Session: Class initialized using 'CodeIgniter\Session\Handlers\FileHandler' driver.
INFO - 2024-06-18 02:22:18 --> Cart Class Initialized
INFO - 2024-06-18 02:40:29 --> Session: Class initialized using 'CodeIgniter\Session\Handlers\FileHandler' driver.
CRITICAL - 2024-06-18 02:40:29 --> Archivo inválido: front/crudUsers/crudUsers.php
in SYSTEMPATH\Exceptions\FrameworkException.php on line 33.
 1 SYSTEMPATH\View\View.php(201): CodeIgniter\Exceptions\FrameworkException::forInvalidFile('front/crudUsers/crudUsers.php')
 2 SYSTEMPATH\Common.php(1184): CodeIgniter\View\View->render('front/crudUsers/crudUsers', [], true)
 3 APPPATH\Controllers\CrudUsers.php(23): view('front/crudUsers/crudUsers', [...])
 4 SYSTEMPATH\CodeIgniter.php(934): App\Controllers\CrudUsers->index()
 5 SYSTEMPATH\CodeIgniter.php(499): CodeIgniter\CodeIgniter->runController(Object(App\Controllers\CrudUsers))
 6 SYSTEMPATH\CodeIgniter.php(368): CodeIgniter\CodeIgniter->handleRequest(null, Object(Config\Cache), false)
 7 FCPATH\index.php(68): CodeIgniter\CodeIgniter->run()
INFO - 2024-06-18 02:40:38 --> Session: Class initialized using 'CodeIgniter\Session\Handlers\FileHandler' driver.
INFO - 2024-06-18 02:40:38 --> Cart Class Initialized
INFO - 2024-06-18 02:40:40 --> Session: Class initialized using 'CodeIgniter\Session\Handlers\FileHandler' driver.
CRITICAL - 2024-06-18 02:40:40 --> Archivo inválido: front/crudUsers/crudUsers.php
in SYSTEMPATH\Exceptions\FrameworkException.php on line 33.
 1 SYSTEMPATH\View\View.php(201): CodeIgniter\Exceptions\FrameworkException::forInvalidFile('front/crudUsers/crudUsers.php')
 2 SYSTEMPATH\Common.php(1184): CodeIgniter\View\View->render('front/crudUsers/crudUsers', [], true)
 3 APPPATH\Controllers\CrudUsers.php(23): view('front/crudUsers/crudUsers', [...])
 4 SYSTEMPATH\CodeIgniter.php(934): App\Controllers\CrudUsers->index()
 5 SYSTEMPATH\CodeIgniter.php(499): CodeIgniter\CodeIgniter->runController(Object(App\Controllers\CrudUsers))
 6 SYSTEMPATH\CodeIgniter.php(368): CodeIgniter\CodeIgniter->handleRequest(null, Object(Config\Cache), false)
 7 FCPATH\index.php(68): CodeIgniter\CodeIgniter->run()
INFO - 2024-06-18 02:41:45 --> Session: Class initialized using 'CodeIgniter\Session\Handlers\FileHandler' driver.
INFO - 2024-06-18 02:41:45 --> Cart Class Initialized
INFO - 2024-06-18 02:41:48 --> Session: Class initialized using 'CodeIgniter\Session\Handlers\FileHandler' driver.
CRITICAL - 2024-06-18 02:41:48 --> Undefined array key "active"
in APPPATH\Views\front\crudProductos\crudProductos.php on line 57.
 1 APPPATH\Views\front\crudProductos\crudProductos.php(57): CodeIgniter\Debug\Exceptions->errorHandler(2, 'Undefined array key "active"', 'APPPATH\\Views\\front\\crudProductos\\crudProductos.php', 57)
 2 SYSTEMPATH\View\View.php(213): include('APPPATH\\Views\\front\\crudProductos\\crudProductos.php')
 3 SYSTEMPATH\View\View.php(216): CodeIgniter\View\View->CodeIgniter\View\{closure}()
 4 SYSTEMPATH\Common.php(1184): CodeIgniter\View\View->render('front/crudProductos/crudProductos', [], true)
 5 APPPATH\Controllers\CrudProductos.php(23): view('front/crudProductos/crudProductos', [...])
 6 SYSTEMPATH\CodeIgniter.php(934): App\Controllers\CrudProductos->index()
 7 SYSTEMPATH\CodeIgniter.php(499): CodeIgniter\CodeIgniter->runController(Object(App\Controllers\CrudProductos))
 8 SYSTEMPATH\CodeIgniter.php(368): CodeIgniter\CodeIgniter->handleRequest(null, Object(Config\Cache), false)
 9 FCPATH\index.php(68): CodeIgniter\CodeIgniter->run()
INFO - 2024-06-18 02:42:07 --> Session: Class initialized using 'CodeIgniter\Session\Handlers\FileHandler' driver.
INFO - 2024-06-18 02:42:07 --> Cart Class Initialized
INFO - 2024-06-18 02:42:43 --> Session: Class initialized using 'CodeIgniter\Session\Handlers\FileHandler' driver.
INFO - 2024-06-18 02:42:43 --> Cart Class Initialized
INFO - 2024-06-18 02:42:44 --> Session: Class initialized using 'CodeIgniter\Session\Handlers\FileHandler' driver.
INFO - 2024-06-18 02:42:44 --> Cart Class Initialized
INFO - 2024-06-18 02:42:52 --> Session: Class initialized using 'CodeIgniter\Session\Handlers\FileHandler' driver.
INFO - 2024-06-18 02:42:53 --> Session: Class initialized using 'CodeIgniter\Session\Handlers\FileHandler' driver.
INFO - 2024-06-18 02:42:53 --> Cart Class Initialized
INFO - 2024-06-18 02:42:58 --> Session: Class initialized using 'CodeIgniter\Session\Handlers\FileHandler' driver.
INFO - 2024-06-18 02:42:58 --> Cart Class Initialized
INFO - 2024-06-18 02:43:00 --> Session: Class initialized using 'CodeIgniter\Session\Handlers\FileHandler' driver.
INFO - 2024-06-18 02:43:00 --> Cart Class Initialized
INFO - 2024-06-18 02:43:03 --> Session: Class initialized using 'CodeIgniter\Session\Handlers\FileHandler' driver.
INFO - 2024-06-18 02:43:04 --> Session: Class initialized using 'CodeIgniter\Session\Handlers\FileHandler' driver.
INFO - 2024-06-18 02:43:04 --> Cart Class Initialized
INFO - 2024-06-18 02:43:09 --> Session: Class initialized using 'CodeIgniter\Session\Handlers\FileHandler' driver.
INFO - 2024-06-18 02:43:09 --> Cart Class Initialized
INFO - 2024-06-18 02:43:12 --> Session: Class initialized using 'CodeIgniter\Session\Handlers\FileHandler' driver.
INFO - 2024-06-18 02:43:12 --> Cart Class Initialized
INFO - 2024-06-18 02:44:29 --> Session: Class initialized using 'CodeIgniter\Session\Handlers\FileHandler' driver.
INFO - 2024-06-18 02:44:29 --> Cart Class Initialized
INFO - 2024-06-18 02:44:32 --> Session: Class initialized using 'CodeIgniter\Session\Handlers\FileHandler' driver.
INFO - 2024-06-18 02:44:32 --> Cart Class Initialized
INFO - 2024-06-18 02:44:32 --> Session: Class initialized using 'CodeIgniter\Session\Handlers\FileHandler' driver.
INFO - 2024-06-18 02:44:32 --> Cart Class Initialized
INFO - 2024-06-18 02:44:50 --> Session: Class initialized using 'CodeIgniter\Session\Handlers\FileHandler' driver.
INFO - 2024-06-18 02:44:50 --> Cart Class Initialized
INFO - 2024-06-18 02:44:54 --> Session: Class initialized using 'CodeIgniter\Session\Handlers\FileHandler' driver.
INFO - 2024-06-18 02:44:54 --> Cart Class Initialized
INFO - 2024-06-18 02:44:59 --> Session: Class initialized using 'CodeIgniter\Session\Handlers\FileHandler' driver.
INFO - 2024-06-18 02:44:59 --> Session: Class initialized using 'CodeIgniter\Session\Handlers\FileHandler' driver.
INFO - 2024-06-18 02:44:59 --> Cart Class Initialized
INFO - 2024-06-18 02:45:05 --> Session: Class initialized using 'CodeIgniter\Session\Handlers\FileHandler' driver.
INFO - 2024-06-18 02:45:05 --> Cart Class Initialized
INFO - 2024-06-18 02:45:08 --> Session: Class initialized using 'CodeIgniter\Session\Handlers\FileHandler' driver.
INFO - 2024-06-18 02:45:08 --> Cart Class Initialized
INFO - 2024-06-18 02:45:11 --> Session: Class initialized using 'CodeIgniter\Session\Handlers\FileHandler' driver.
INFO - 2024-06-18 02:45:11 --> Cart Class Initialized
INFO - 2024-06-18 02:45:12 --> Session: Class initialized using 'CodeIgniter\Session\Handlers\FileHandler' driver.
INFO - 2024-06-18 02:45:12 --> Session: Class initialized using 'CodeIgniter\Session\Handlers\FileHandler' driver.
INFO - 2024-06-18 02:45:12 --> Cart Class Initialized
INFO - 2024-06-18 02:45:13 --> Session: Class initialized using 'CodeIgniter\Session\Handlers\FileHandler' driver.
INFO - 2024-06-18 02:45:13 --> Cart Class Initialized
INFO - 2024-06-18 02:45:17 --> Session: Class initialized using 'CodeIgniter\Session\Handlers\FileHandler' driver.
INFO - 2024-06-18 02:45:17 --> Cart Class Initialized
INFO - 2024-06-18 02:45:19 --> Session: Class initialized using 'CodeIgniter\Session\Handlers\FileHandler' driver.
INFO - 2024-06-18 02:45:19 --> Session: Class initialized using 'CodeIgniter\Session\Handlers\FileHandler' driver.
INFO - 2024-06-18 02:45:19 --> Cart Class Initialized
INFO - 2024-06-18 02:45:20 --> Session: Class initialized using 'CodeIgniter\Session\Handlers\FileHandler' driver.
INFO - 2024-06-18 02:45:20 --> Cart Class Initialized
INFO - 2024-06-18 02:45:22 --> Session: Class initialized using 'CodeIgniter\Session\Handlers\FileHandler' driver.
INFO - 2024-06-18 02:45:22 --> Cart Class Initialized
INFO - 2024-06-18 02:45:29 --> Session: Class initialized using 'CodeIgniter\Session\Handlers\FileHandler' driver.
INFO - 2024-06-18 02:45:29 --> Cart Class Initialized
INFO - 2024-06-18 02:45:30 --> Session: Class initialized using 'CodeIgniter\Session\Handlers\FileHandler' driver.
INFO - 2024-06-18 02:45:31 --> Session: Class initialized using 'CodeIgniter\Session\Handlers\FileHandler' driver.
INFO - 2024-06-18 02:45:31 --> Cart Class Initialized
INFO - 2024-06-18 02:45:32 --> Session: Class initialized using 'CodeIgniter\Session\Handlers\FileHandler' driver.
INFO - 2024-06-18 02:45:32 --> Cart Class Initialized
INFO - 2024-06-18 02:46:29 --> Session: Class initialized using 'CodeIgniter\Session\Handlers\FileHandler' driver.
INFO - 2024-06-18 02:46:29 --> Cart Class Initialized
INFO - 2024-06-18 02:46:40 --> Session: Class initialized using 'CodeIgniter\Session\Handlers\FileHandler' driver.
INFO - 2024-06-18 02:46:40 --> Cart Class Initialized
INFO - 2024-06-18 02:46:47 --> Session: Class initialized using 'CodeIgniter\Session\Handlers\FileHandler' driver.
INFO - 2024-06-18 02:46:47 --> Cart Class Initialized
INFO - 2024-06-18 02:46:47 --> Session: Class initialized using 'CodeIgniter\Session\Handlers\FileHandler' driver.
INFO - 2024-06-18 02:46:47 --> Cart Class Initialized
INFO - 2024-06-18 02:46:48 --> Session: Class initialized using 'CodeIgniter\Session\Handlers\FileHandler' driver.
INFO - 2024-06-18 02:46:48 --> Cart Class Initialized
INFO - 2024-06-18 02:46:50 --> Session: Class initialized using 'CodeIgniter\Session\Handlers\FileHandler' driver.
INFO - 2024-06-18 02:46:50 --> Cart Class Initialized
INFO - 2024-06-18 02:46:50 --> Session: Class initialized using 'CodeIgniter\Session\Handlers\FileHandler' driver.
INFO - 2024-06-18 02:46:50 --> Cart Class Initialized
INFO - 2024-06-18 02:46:51 --> Session: Class initialized using 'CodeIgniter\Session\Handlers\FileHandler' driver.
INFO - 2024-06-18 02:46:52 --> Cart Class Initialized
INFO - 2024-06-18 02:47:05 --> Session: Class initialized using 'CodeIgniter\Session\Handlers\FileHandler' driver.
INFO - 2024-06-18 02:47:05 --> Cart Class Initialized
INFO - 2024-06-18 02:47:12 --> Session: Class initialized using 'CodeIgniter\Session\Handlers\FileHandler' driver.
INFO - 2024-06-18 02:47:12 --> Cart Class Initialized
INFO - 2024-06-18 02:47:16 --> Session: Class initialized using 'CodeIgniter\Session\Handlers\FileHandler' driver.
INFO - 2024-06-18 02:47:16 --> Cart Class Initialized
INFO - 2024-06-18 02:47:17 --> Session: Class initialized using 'CodeIgniter\Session\Handlers\FileHandler' driver.
INFO - 2024-06-18 02:47:17 --> Session: Class initialized using 'CodeIgniter\Session\Handlers\FileHandler' driver.
INFO - 2024-06-18 02:47:17 --> Cart Class Initialized
INFO - 2024-06-18 02:47:18 --> Session: Class initialized using 'CodeIgniter\Session\Handlers\FileHandler' driver.
INFO - 2024-06-18 02:47:18 --> Cart Class Initialized
INFO - 2024-06-18 02:47:19 --> Session: Class initialized using 'CodeIgniter\Session\Handlers\FileHandler' driver.
INFO - 2024-06-18 02:47:19 --> Cart Class Initialized
INFO - 2024-06-18 02:47:28 --> Session: Class initialized using 'CodeIgniter\Session\Handlers\FileHandler' driver.
INFO - 2024-06-18 02:47:28 --> Cart Class Initialized
INFO - 2024-06-18 02:47:31 --> Session: Class initialized using 'CodeIgniter\Session\Handlers\FileHandler' driver.
INFO - 2024-06-18 02:47:31 --> Cart Class Initialized
INFO - 2024-06-18 02:47:41 --> Session: Class initialized using 'CodeIgniter\Session\Handlers\FileHandler' driver.
INFO - 2024-06-18 02:47:41 --> Cart Class Initialized
INFO - 2024-06-18 02:47:41 --> Session: Class initialized using 'CodeIgniter\Session\Handlers\FileHandler' driver.
INFO - 2024-06-18 02:47:41 --> Cart Class Initialized
INFO - 2024-06-18 02:47:41 --> Session: Class initialized using 'CodeIgniter\Session\Handlers\FileHandler' driver.
INFO - 2024-06-18 02:47:41 --> Cart Class Initialized
INFO - 2024-06-18 02:47:42 --> Session: Class initialized using 'CodeIgniter\Session\Handlers\FileHandler' driver.
INFO - 2024-06-18 02:47:42 --> Cart Class Initialized
INFO - 2024-06-18 02:47:42 --> Session: Class initialized using 'CodeIgniter\Session\Handlers\FileHandler' driver.
INFO - 2024-06-18 02:47:42 --> Cart Class Initialized
INFO - 2024-06-18 02:47:42 --> Session: Class initialized using 'CodeIgniter\Session\Handlers\FileHandler' driver.
INFO - 2024-06-18 02:47:42 --> Cart Class Initialized
INFO - 2024-06-18 02:47:42 --> Session: Class initialized using 'CodeIgniter\Session\Handlers\FileHandler' driver.
INFO - 2024-06-18 02:47:42 --> Cart Class Initialized
INFO - 2024-06-18 02:47:42 --> Session: Class initialized using 'CodeIgniter\Session\Handlers\FileHandler' driver.
INFO - 2024-06-18 02:47:42 --> Cart Class Initialized
INFO - 2024-06-18 02:47:42 --> Session: Class initialized using 'CodeIgniter\Session\Handlers\FileHandler' driver.
INFO - 2024-06-18 02:47:42 --> Cart Class Initialized
INFO - 2024-06-18 02:47:42 --> Session: Class initialized using 'CodeIgniter\Session\Handlers\FileHandler' driver.
INFO - 2024-06-18 02:47:42 --> Cart Class Initialized
INFO - 2024-06-18 02:47:42 --> Session: Class initialized using 'CodeIgniter\Session\Handlers\FileHandler' driver.
INFO - 2024-06-18 02:47:42 --> Cart Class Initialized
INFO - 2024-06-18 02:47:42 --> Session: Class initialized using 'CodeIgniter\Session\Handlers\FileHandler' driver.
INFO - 2024-06-18 02:47:42 --> Cart Class Initialized
INFO - 2024-06-18 02:47:42 --> Session: Class initialized using 'CodeIgniter\Session\Handlers\FileHandler' driver.
INFO - 2024-06-18 02:47:42 --> Cart Class Initialized
INFO - 2024-06-18 02:47:42 --> Session: Class initialized using 'CodeIgniter\Session\Handlers\FileHandler' driver.
INFO - 2024-06-18 02:47:42 --> Cart Class Initialized
INFO - 2024-06-18 02:47:42 --> Session: Class initialized using 'CodeIgniter\Session\Handlers\FileHandler' driver.
INFO - 2024-06-18 02:47:42 --> Cart Class Initialized
INFO - 2024-06-18 02:47:42 --> Session: Class initialized using 'CodeIgniter\Session\Handlers\FileHandler' driver.
INFO - 2024-06-18 02:47:42 --> Cart Class Initialized
INFO - 2024-06-18 02:47:43 --> Session: Class initialized using 'CodeIgniter\Session\Handlers\FileHandler' driver.
INFO - 2024-06-18 02:47:43 --> Cart Class Initialized
INFO - 2024-06-18 02:47:43 --> Session: Class initialized using 'CodeIgniter\Session\Handlers\FileHandler' driver.
INFO - 2024-06-18 02:47:43 --> Cart Class Initialized
INFO - 2024-06-18 02:47:43 --> Session: Class initialized using 'CodeIgniter\Session\Handlers\FileHandler' driver.
INFO - 2024-06-18 02:47:43 --> Cart Class Initialized
INFO - 2024-06-18 02:47:43 --> Session: Class initialized using 'CodeIgniter\Session\Handlers\FileHandler' driver.
INFO - 2024-06-18 02:47:43 --> Cart Class Initialized
INFO - 2024-06-18 02:47:44 --> Session: Class initialized using 'CodeIgniter\Session\Handlers\FileHandler' driver.
INFO - 2024-06-18 02:47:44 --> Cart Class Initialized
INFO - 2024-06-18 02:47:44 --> Session: Class initialized using 'CodeIgniter\Session\Handlers\FileHandler' driver.
INFO - 2024-06-18 02:47:44 --> Cart Class Initialized
INFO - 2024-06-18 02:47:44 --> Session: Class initialized using 'CodeIgniter\Session\Handlers\FileHandler' driver.
INFO - 2024-06-18 02:47:44 --> Cart Class Initialized
INFO - 2024-06-18 02:47:44 --> Session: Class initialized using 'CodeIgniter\Session\Handlers\FileHandler' driver.
INFO - 2024-06-18 02:47:44 --> Cart Class Initialized
INFO - 2024-06-18 02:47:44 --> Session: Class initialized using 'CodeIgniter\Session\Handlers\FileHandler' driver.
INFO - 2024-06-18 02:47:44 --> Cart Class Initialized
INFO - 2024-06-18 02:47:44 --> Session: Class initialized using 'CodeIgniter\Session\Handlers\FileHandler' driver.
INFO - 2024-06-18 02:47:44 --> Cart Class Initialized
INFO - 2024-06-18 02:47:44 --> Session: Class initialized using 'CodeIgniter\Session\Handlers\FileHandler' driver.
INFO - 2024-06-18 02:47:44 --> Cart Class Initialized
INFO - 2024-06-18 02:47:44 --> Session: Class initialized using 'CodeIgniter\Session\Handlers\FileHandler' driver.
INFO - 2024-06-18 02:47:44 --> Cart Class Initialized
INFO - 2024-06-18 02:47:44 --> Session: Class initialized using 'CodeIgniter\Session\Handlers\FileHandler' driver.
INFO - 2024-06-18 02:47:44 --> Cart Class Initialized
INFO - 2024-06-18 02:47:45 --> Session: Class initialized using 'CodeIgniter\Session\Handlers\FileHandler' driver.
INFO - 2024-06-18 02:47:45 --> Cart Class Initialized
INFO - 2024-06-18 02:47:45 --> Session: Class initialized using 'CodeIgniter\Session\Handlers\FileHandler' driver.
INFO - 2024-06-18 02:47:45 --> Cart Class Initialized
INFO - 2024-06-18 02:47:45 --> Session: Class initialized using 'CodeIgniter\Session\Handlers\FileHandler' driver.
INFO - 2024-06-18 02:47:45 --> Cart Class Initialized
INFO - 2024-06-18 02:47:45 --> Session: Class initialized using 'CodeIgniter\Session\Handlers\FileHandler' driver.
INFO - 2024-06-18 02:47:45 --> Cart Class Initialized
INFO - 2024-06-18 02:47:45 --> Session: Class initialized using 'CodeIgniter\Session\Handlers\FileHandler' driver.
INFO - 2024-06-18 02:47:45 --> Cart Class Initialized
INFO - 2024-06-18 02:47:45 --> Session: Class initialized using 'CodeIgniter\Session\Handlers\FileHandler' driver.
INFO - 2024-06-18 02:47:45 --> Cart Class Initialized
INFO - 2024-06-18 02:47:45 --> Session: Class initialized using 'CodeIgniter\Session\Handlers\FileHandler' driver.
INFO - 2024-06-18 02:47:45 --> Cart Class Initialized
INFO - 2024-06-18 02:47:45 --> Session: Class initialized using 'CodeIgniter\Session\Handlers\FileHandler' driver.
INFO - 2024-06-18 02:47:45 --> Cart Class Initialized
INFO - 2024-06-18 02:47:45 --> Session: Class initialized using 'CodeIgniter\Session\Handlers\FileHandler' driver.
INFO - 2024-06-18 02:47:45 --> Cart Class Initialized
INFO - 2024-06-18 02:47:45 --> Session: Class initialized using 'CodeIgniter\Session\Handlers\FileHandler' driver.
INFO - 2024-06-18 02:47:45 --> Cart Class Initialized
INFO - 2024-06-18 02:47:45 --> Session: Class initialized using 'CodeIgniter\Session\Handlers\FileHandler' driver.
INFO - 2024-06-18 02:47:45 --> Cart Class Initialized
INFO - 2024-06-18 02:47:45 --> Session: Class initialized using 'CodeIgniter\Session\Handlers\FileHandler' driver.
INFO - 2024-06-18 02:47:45 --> Cart Class Initialized
INFO - 2024-06-18 02:47:45 --> Session: Class initialized using 'CodeIgniter\Session\Handlers\FileHandler' driver.
INFO - 2024-06-18 02:47:45 --> Cart Class Initialized
INFO - 2024-06-18 02:47:46 --> Session: Class initialized using 'CodeIgniter\Session\Handlers\FileHandler' driver.
INFO - 2024-06-18 02:47:46 --> Cart Class Initialized
INFO - 2024-06-18 02:47:46 --> Session: Class initialized using 'CodeIgniter\Session\Handlers\FileHandler' driver.
INFO - 2024-06-18 02:47:46 --> Cart Class Initialized
INFO - 2024-06-18 02:47:46 --> Session: Class initialized using 'CodeIgniter\Session\Handlers\FileHandler' driver.
INFO - 2024-06-18 02:47:46 --> Cart Class Initialized
INFO - 2024-06-18 02:47:46 --> Session: Class initialized using 'CodeIgniter\Session\Handlers\FileHandler' driver.
INFO - 2024-06-18 02:47:46 --> Cart Class Initialized
INFO - 2024-06-18 02:47:46 --> Session: Class initialized using 'CodeIgniter\Session\Handlers\FileHandler' driver.
INFO - 2024-06-18 02:47:46 --> Cart Class Initialized
INFO - 2024-06-18 02:47:46 --> Session: Class initialized using 'CodeIgniter\Session\Handlers\FileHandler' driver.
INFO - 2024-06-18 02:47:46 --> Cart Class Initialized
INFO - 2024-06-18 02:47:46 --> Session: Class initialized using 'CodeIgniter\Session\Handlers\FileHandler' driver.
INFO - 2024-06-18 02:47:46 --> Cart Class Initialized
INFO - 2024-06-18 02:47:46 --> Session: Class initialized using 'CodeIgniter\Session\Handlers\FileHandler' driver.
INFO - 2024-06-18 02:47:46 --> Cart Class Initialized
INFO - 2024-06-18 02:47:46 --> Session: Class initialized using 'CodeIgniter\Session\Handlers\FileHandler' driver.
INFO - 2024-06-18 02:47:46 --> Cart Class Initialized
INFO - 2024-06-18 02:47:46 --> Session: Class initialized using 'CodeIgniter\Session\Handlers\FileHandler' driver.
INFO - 2024-06-18 02:47:46 --> Cart Class Initialized
INFO - 2024-06-18 02:47:46 --> Session: Class initialized using 'CodeIgniter\Session\Handlers\FileHandler' driver.
INFO - 2024-06-18 02:47:46 --> Cart Class Initialized
INFO - 2024-06-18 02:47:46 --> Session: Class initialized using 'CodeIgniter\Session\Handlers\FileHandler' driver.
INFO - 2024-06-18 02:47:46 --> Cart Class Initialized
INFO - 2024-06-18 02:47:46 --> Session: Class initialized using 'CodeIgniter\Session\Handlers\FileHandler' driver.
INFO - 2024-06-18 02:47:46 --> Cart Class Initialized
INFO - 2024-06-18 02:47:46 --> Session: Class initialized using 'CodeIgniter\Session\Handlers\FileHandler' driver.
INFO - 2024-06-18 02:47:46 --> Cart Class Initialized
INFO - 2024-06-18 02:47:47 --> Session: Class initialized using 'CodeIgniter\Session\Handlers\FileHandler' driver.
INFO - 2024-06-18 02:47:47 --> Cart Class Initialized
INFO - 2024-06-18 02:47:47 --> Session: Class initialized using 'CodeIgniter\Session\Handlers\FileHandler' driver.
INFO - 2024-06-18 02:47:47 --> Cart Class Initialized
INFO - 2024-06-18 02:47:47 --> Session: Class initialized using 'CodeIgniter\Session\Handlers\FileHandler' driver.
INFO - 2024-06-18 02:47:47 --> Cart Class Initialized
INFO - 2024-06-18 02:47:47 --> Session: Class initialized using 'CodeIgniter\Session\Handlers\FileHandler' driver.
INFO - 2024-06-18 02:47:47 --> Cart Class Initialized
INFO - 2024-06-18 02:47:50 --> Session: Class initialized using 'CodeIgniter\Session\Handlers\FileHandler' driver.
INFO - 2024-06-18 02:47:50 --> Cart Class Initialized
INFO - 2024-06-18 02:47:50 --> Session: Class initialized using 'CodeIgniter\Session\Handlers\FileHandler' driver.
INFO - 2024-06-18 02:47:50 --> Cart Class Initialized
INFO - 2024-06-18 02:47:58 --> Session: Class initialized using 'CodeIgniter\Session\Handlers\FileHandler' driver.
INFO - 2024-06-18 02:47:58 --> Cart Class Initialized
INFO - 2024-06-18 02:47:58 --> Session: Class initialized using 'CodeIgniter\Session\Handlers\FileHandler' driver.
INFO - 2024-06-18 02:47:58 --> Cart Class Initialized
INFO - 2024-06-18 02:48:11 --> Session: Class initialized using 'CodeIgniter\Session\Handlers\FileHandler' driver.
INFO - 2024-06-18 02:48:11 --> Cart Class Initialized
INFO - 2024-06-18 02:48:13 --> Session: Class initialized using 'CodeIgniter\Session\Handlers\FileHandler' driver.
INFO - 2024-06-18 02:48:13 --> Session: Class initialized using 'CodeIgniter\Session\Handlers\FileHandler' driver.
INFO - 2024-06-18 02:48:13 --> Cart Class Initialized
INFO - 2024-06-18 02:48:16 --> Session: Class initialized using 'CodeIgniter\Session\Handlers\FileHandler' driver.
INFO - 2024-06-18 02:48:16 --> Cart Class Initialized
INFO - 2024-06-18 02:48:16 --> Session: Class initialized using 'CodeIgniter\Session\Handlers\FileHandler' driver.
INFO - 2024-06-18 02:48:17 --> Cart Class Initialized
INFO - 2024-06-18 02:48:18 --> Session: Class initialized using 'CodeIgniter\Session\Handlers\FileHandler' driver.
INFO - 2024-06-18 02:48:18 --> Cart Class Initialized
INFO - 2024-06-18 02:48:18 --> Session: Class initialized using 'CodeIgniter\Session\Handlers\FileHandler' driver.
INFO - 2024-06-18 02:48:18 --> Cart Class Initialized
INFO - 2024-06-18 02:48:20 --> Session: Class initialized using 'CodeIgniter\Session\Handlers\FileHandler' driver.
INFO - 2024-06-18 02:48:20 --> Cart Class Initialized
INFO - 2024-06-18 02:49:43 --> Session: Class initialized using 'CodeIgniter\Session\Handlers\FileHandler' driver.
INFO - 2024-06-18 02:49:43 --> Cart Class Initialized
INFO - 2024-06-18 02:49:44 --> Session: Class initialized using 'CodeIgniter\Session\Handlers\FileHandler' driver.
INFO - 2024-06-18 02:49:44 --> Cart Class Initialized
INFO - 2024-06-18 02:49:46 --> Session: Class initialized using 'CodeIgniter\Session\Handlers\FileHandler' driver.
INFO - 2024-06-18 02:49:46 --> Cart Class Initialized
INFO - 2024-06-18 02:49:46 --> Session: Class initialized using 'CodeIgniter\Session\Handlers\FileHandler' driver.
INFO - 2024-06-18 02:49:46 --> Cart Class Initialized
INFO - 2024-06-18 02:49:48 --> Session: Class initialized using 'CodeIgniter\Session\Handlers\FileHandler' driver.
INFO - 2024-06-18 02:49:48 --> Cart Class Initialized
INFO - 2024-06-18 02:50:02 --> Session: Class initialized using 'CodeIgniter\Session\Handlers\FileHandler' driver.
INFO - 2024-06-18 02:50:02 --> Cart Class Initialized
INFO - 2024-06-18 02:50:07 --> Session: Class initialized using 'CodeIgniter\Session\Handlers\FileHandler' driver.
INFO - 2024-06-18 02:50:07 --> Cart Class Initialized
INFO - 2024-06-18 02:50:09 --> Session: Class initialized using 'CodeIgniter\Session\Handlers\FileHandler' driver.
INFO - 2024-06-18 02:50:09 --> Session: Class initialized using 'CodeIgniter\Session\Handlers\FileHandler' driver.
INFO - 2024-06-18 02:50:09 --> Cart Class Initialized
INFO - 2024-06-18 02:50:11 --> Session: Class initialized using 'CodeIgniter\Session\Handlers\FileHandler' driver.
INFO - 2024-06-18 02:50:11 --> Cart Class Initialized
INFO - 2024-06-18 02:50:11 --> Session: Class initialized using 'CodeIgniter\Session\Handlers\FileHandler' driver.
INFO - 2024-06-18 02:50:11 --> Cart Class Initialized
INFO - 2024-06-18 02:50:12 --> Session: Class initialized using 'CodeIgniter\Session\Handlers\FileHandler' driver.
INFO - 2024-06-18 02:50:12 --> Session: Class initialized using 'CodeIgniter\Session\Handlers\FileHandler' driver.
INFO - 2024-06-18 02:50:12 --> Cart Class Initialized
INFO - 2024-06-18 02:50:40 --> Session: Class initialized using 'CodeIgniter\Session\Handlers\FileHandler' driver.
INFO - 2024-06-18 02:50:40 --> Cart Class Initialized
INFO - 2024-06-18 02:50:42 --> Session: Class initialized using 'CodeIgniter\Session\Handlers\FileHandler' driver.
INFO - 2024-06-18 02:50:42 --> Cart Class Initialized
INFO - 2024-06-18 02:50:42 --> Session: Class initialized using 'CodeIgniter\Session\Handlers\FileHandler' driver.
INFO - 2024-06-18 02:50:42 --> Cart Class Initialized
INFO - 2024-06-18 02:50:45 --> Session: Class initialized using 'CodeIgniter\Session\Handlers\FileHandler' driver.
INFO - 2024-06-18 02:50:45 --> Cart Class Initialized
INFO - 2024-06-18 02:50:45 --> Session: Class initialized using 'CodeIgniter\Session\Handlers\FileHandler' driver.
INFO - 2024-06-18 02:50:45 --> Cart Class Initialized
INFO - 2024-06-18 02:51:28 --> Session: Class initialized using 'CodeIgniter\Session\Handlers\FileHandler' driver.
INFO - 2024-06-18 02:51:28 --> Cart Class Initialized
INFO - 2024-06-18 02:53:33 --> Session: Class initialized using 'CodeIgniter\Session\Handlers\FileHandler' driver.
INFO - 2024-06-18 02:53:33 --> Cart Class Initialized
INFO - 2024-06-18 02:53:34 --> Session: Class initialized using 'CodeIgniter\Session\Handlers\FileHandler' driver.
INFO - 2024-06-18 02:53:34 --> Cart Class Initialized
INFO - 2024-06-18 02:53:35 --> Session: Class initialized using 'CodeIgniter\Session\Handlers\FileHandler' driver.
INFO - 2024-06-18 02:53:35 --> Cart Class Initialized
CRITICAL - 2024-06-18 02:53:35 --> Trying to access array offset on value of type bool
in APPPATH\Controllers\CrudProductos.php on line 36.
 1 APPPATH\Controllers\CrudProductos.php(36): CodeIgniter\Debug\Exceptions->errorHandler(2, 'Trying to access array offset on value of type bool', 'APPPATH\\Controllers\\CrudProductos.php', 36)
 2 SYSTEMPATH\CodeIgniter.php(934): App\Controllers\CrudProductos->bajaProducto('4')
 3 SYSTEMPATH\CodeIgniter.php(499): CodeIgniter\CodeIgniter->runController(Object(App\Controllers\CrudProductos))
 4 SYSTEMPATH\CodeIgniter.php(368): CodeIgniter\CodeIgniter->handleRequest(null, Object(Config\Cache), false)
 5 FCPATH\index.php(68): CodeIgniter\CodeIgniter->run()
INFO - 2024-06-18 02:54:44 --> Session: Class initialized using 'CodeIgniter\Session\Handlers\FileHandler' driver.
INFO - 2024-06-18 02:54:44 --> Cart Class Initialized
INFO - 2024-06-18 02:54:45 --> Session: Class initialized using 'CodeIgniter\Session\Handlers\FileHandler' driver.
INFO - 2024-06-18 02:54:45 --> Cart Class Initialized
INFO - 2024-06-18 02:54:48 --> Session: Class initialized using 'CodeIgniter\Session\Handlers\FileHandler' driver.
INFO - 2024-06-18 02:54:48 --> Session: Class initialized using 'CodeIgniter\Session\Handlers\FileHandler' driver.
INFO - 2024-06-18 02:54:48 --> Cart Class Initialized
INFO - 2024-06-18 02:54:53 --> Session: Class initialized using 'CodeIgniter\Session\Handlers\FileHandler' driver.
INFO - 2024-06-18 02:54:53 --> Cart Class Initialized
INFO - 2024-06-18 02:54:53 --> Session: Class initialized using 'CodeIgniter\Session\Handlers\FileHandler' driver.
INFO - 2024-06-18 02:54:53 --> Cart Class Initialized
INFO - 2024-06-18 02:55:39 --> Session: Class initialized using 'CodeIgniter\Session\Handlers\FileHandler' driver.
INFO - 2024-06-18 02:55:39 --> Session: Class initialized using 'CodeIgniter\Session\Handlers\FileHandler' driver.
INFO - 2024-06-18 02:55:39 --> Cart Class Initialized
INFO - 2024-06-18 02:55:40 --> Session: Class initialized using 'CodeIgniter\Session\Handlers\FileHandler' driver.
INFO - 2024-06-18 02:55:40 --> Session: Class initialized using 'CodeIgniter\Session\Handlers\FileHandler' driver.
INFO - 2024-06-18 02:55:40 --> Cart Class Initialized
INFO - 2024-06-18 02:55:41 --> Session: Class initialized using 'CodeIgniter\Session\Handlers\FileHandler' driver.
INFO - 2024-06-18 02:55:41 --> Cart Class Initialized
INFO - 2024-06-18 02:55:48 --> Session: Class initialized using 'CodeIgniter\Session\Handlers\FileHandler' driver.
INFO - 2024-06-18 02:55:48 --> Cart Class Initialized
INFO - 2024-06-18 02:55:48 --> Session: Class initialized using 'CodeIgniter\Session\Handlers\FileHandler' driver.
INFO - 2024-06-18 02:55:48 --> Cart Class Initialized
INFO - 2024-06-18 02:55:49 --> Session: Class initialized using 'CodeIgniter\Session\Handlers\FileHandler' driver.
INFO - 2024-06-18 02:55:49 --> Cart Class Initialized
INFO - 2024-06-18 02:55:49 --> Session: Class initialized using 'CodeIgniter\Session\Handlers\FileHandler' driver.
INFO - 2024-06-18 02:55:49 --> Cart Class Initialized
INFO - 2024-06-18 02:55:50 --> Session: Class initialized using 'CodeIgniter\Session\Handlers\FileHandler' driver.
INFO - 2024-06-18 02:55:50 --> Cart Class Initialized
INFO - 2024-06-18 02:58:10 --> Session: Class initialized using 'CodeIgniter\Session\Handlers\FileHandler' driver.
INFO - 2024-06-18 02:58:10 --> Cart Class Initialized
INFO - 2024-06-18 02:58:12 --> Session: Class initialized using 'CodeIgniter\Session\Handlers\FileHandler' driver.
INFO - 2024-06-18 02:58:12 --> Cart Class Initialized
INFO - 2024-06-18 02:58:15 --> Session: Class initialized using 'CodeIgniter\Session\Handlers\FileHandler' driver.
INFO - 2024-06-18 02:58:15 --> Cart Class Initialized
INFO - 2024-06-18 02:58:17 --> Session: Class initialized using 'CodeIgniter\Session\Handlers\FileHandler' driver.
INFO - 2024-06-18 02:58:17 --> Cart Class Initialized
INFO - 2024-06-18 02:58:18 --> Session: Class initialized using 'CodeIgniter\Session\Handlers\FileHandler' driver.
INFO - 2024-06-18 02:58:18 --> Session: Class initialized using 'CodeIgniter\Session\Handlers\FileHandler' driver.
INFO - 2024-06-18 02:58:18 --> Cart Class Initialized
INFO - 2024-06-18 02:58:20 --> Session: Class initialized using 'CodeIgniter\Session\Handlers\FileHandler' driver.
INFO - 2024-06-18 02:58:20 --> Session: Class initialized using 'CodeIgniter\Session\Handlers\FileHandler' driver.
INFO - 2024-06-18 02:58:20 --> Cart Class Initialized
INFO - 2024-06-18 02:58:21 --> Session: Class initialized using 'CodeIgniter\Session\Handlers\FileHandler' driver.
INFO - 2024-06-18 02:58:21 --> Cart Class Initialized
INFO - 2024-06-18 02:58:46 --> Session: Class initialized using 'CodeIgniter\Session\Handlers\FileHandler' driver.
INFO - 2024-06-18 02:58:46 --> Session: Class initialized using 'CodeIgniter\Session\Handlers\FileHandler' driver.
INFO - 2024-06-18 02:58:46 --> Cart Class Initialized
INFO - 2024-06-18 02:58:51 --> Session: Class initialized using 'CodeIgniter\Session\Handlers\FileHandler' driver.
INFO - 2024-06-18 02:58:51 --> Session: Class initialized using 'CodeIgniter\Session\Handlers\FileHandler' driver.
INFO - 2024-06-18 02:58:51 --> Cart Class Initialized
INFO - 2024-06-18 02:58:53 --> Session: Class initialized using 'CodeIgniter\Session\Handlers\FileHandler' driver.
INFO - 2024-06-18 02:58:53 --> Cart Class Initialized
INFO - 2024-06-18 02:58:54 --> Session: Class initialized using 'CodeIgniter\Session\Handlers\FileHandler' driver.
INFO - 2024-06-18 02:58:55 --> Session: Class initialized using 'CodeIgniter\Session\Handlers\FileHandler' driver.
INFO - 2024-06-18 02:58:55 --> Cart Class Initialized
INFO - 2024-06-18 02:59:06 --> Session: Class initialized using 'CodeIgniter\Session\Handlers\FileHandler' driver.
INFO - 2024-06-18 02:59:06 --> Session: Class initialized using 'CodeIgniter\Session\Handlers\FileHandler' driver.
INFO - 2024-06-18 02:59:06 --> Cart Class Initialized
INFO - 2024-06-18 02:59:23 --> Session: Class initialized using 'CodeIgniter\Session\Handlers\FileHandler' driver.
INFO - 2024-06-18 02:59:23 --> Cart Class Initialized
INFO - 2024-06-18 02:59:32 --> Session: Class initialized using 'CodeIgniter\Session\Handlers\FileHandler' driver.
INFO - 2024-06-18 02:59:32 --> Cart Class Initialized
INFO - 2024-06-18 02:59:33 --> Session: Class initialized using 'CodeIgniter\Session\Handlers\FileHandler' driver.
INFO - 2024-06-18 02:59:33 --> Cart Class Initialized
INFO - 2024-06-18 02:59:35 --> Session: Class initialized using 'CodeIgniter\Session\Handlers\FileHandler' driver.
INFO - 2024-06-18 02:59:35 --> Cart Class Initialized
INFO - 2024-06-18 02:59:37 --> Session: Class initialized using 'CodeIgniter\Session\Handlers\FileHandler' driver.
INFO - 2024-06-18 02:59:37 --> Session: Class initialized using 'CodeIgniter\Session\Handlers\FileHandler' driver.
INFO - 2024-06-18 02:59:37 --> Cart Class Initialized
INFO - 2024-06-18 02:59:38 --> Session: Class initialized using 'CodeIgniter\Session\Handlers\FileHandler' driver.
INFO - 2024-06-18 02:59:38 --> Cart Class Initialized
INFO - 2024-06-18 02:59:42 --> Session: Class initialized using 'CodeIgniter\Session\Handlers\FileHandler' driver.
INFO - 2024-06-18 02:59:43 --> Session: Class initialized using 'CodeIgniter\Session\Handlers\FileHandler' driver.
INFO - 2024-06-18 02:59:43 --> Cart Class Initialized
INFO - 2024-06-18 02:59:47 --> Session: Class initialized using 'CodeIgniter\Session\Handlers\FileHandler' driver.
INFO - 2024-06-18 02:59:47 --> Cart Class Initialized
INFO - 2024-06-18 02:59:51 --> Session: Class initialized using 'CodeIgniter\Session\Handlers\FileHandler' driver.
INFO - 2024-06-18 02:59:51 --> Cart Class Initialized
INFO - 2024-06-18 02:59:51 --> Session: Class initialized using 'CodeIgniter\Session\Handlers\FileHandler' driver.
INFO - 2024-06-18 02:59:51 --> Cart Class Initialized
INFO - 2024-06-18 02:59:52 --> Session: Class initialized using 'CodeIgniter\Session\Handlers\FileHandler' driver.
INFO - 2024-06-18 02:59:52 --> Cart Class Initialized
INFO - 2024-06-18 02:59:52 --> Session: Class initialized using 'CodeIgniter\Session\Handlers\FileHandler' driver.
INFO - 2024-06-18 02:59:52 --> Cart Class Initialized
INFO - 2024-06-18 02:59:53 --> Session: Class initialized using 'CodeIgniter\Session\Handlers\FileHandler' driver.
INFO - 2024-06-18 02:59:53 --> Cart Class Initialized
INFO - 2024-06-18 02:59:55 --> Session: Class initialized using 'CodeIgniter\Session\Handlers\FileHandler' driver.
INFO - 2024-06-18 02:59:55 --> Cart Class Initialized
INFO - 2024-06-18 02:59:55 --> Session: Class initialized using 'CodeIgniter\Session\Handlers\FileHandler' driver.
INFO - 2024-06-18 02:59:55 --> Cart Class Initialized
INFO - 2024-06-18 02:59:57 --> Session: Class initialized using 'CodeIgniter\Session\Handlers\FileHandler' driver.
INFO - 2024-06-18 02:59:57 --> Cart Class Initialized
INFO - 2024-06-18 03:01:27 --> Session: Class initialized using 'CodeIgniter\Session\Handlers\FileHandler' driver.
INFO - 2024-06-18 03:01:27 --> Cart Class Initialized
INFO - 2024-06-18 03:01:30 --> Session: Class initialized using 'CodeIgniter\Session\Handlers\FileHandler' driver.
INFO - 2024-06-18 03:01:30 --> Session: Class initialized using 'CodeIgniter\Session\Handlers\FileHandler' driver.
INFO - 2024-06-18 03:01:30 --> Cart Class Initialized
INFO - 2024-06-18 03:01:32 --> Session: Class initialized using 'CodeIgniter\Session\Handlers\FileHandler' driver.
INFO - 2024-06-18 03:01:32 --> Cart Class Initialized
INFO - 2024-06-18 03:01:34 --> Session: Class initialized using 'CodeIgniter\Session\Handlers\FileHandler' driver.
INFO - 2024-06-18 03:01:34 --> Cart Class Initialized
INFO - 2024-06-18 03:01:34 --> Session: Class initialized using 'CodeIgniter\Session\Handlers\FileHandler' driver.
INFO - 2024-06-18 03:01:34 --> Cart Class Initialized
INFO - 2024-06-18 03:01:35 --> Session: Class initialized using 'CodeIgniter\Session\Handlers\FileHandler' driver.
INFO - 2024-06-18 03:01:35 --> Cart Class Initialized
INFO - 2024-06-18 03:01:35 --> Session: Class initialized using 'CodeIgniter\Session\Handlers\FileHandler' driver.
INFO - 2024-06-18 03:01:35 --> Cart Class Initialized
INFO - 2024-06-18 03:01:35 --> Session: Class initialized using 'CodeIgniter\Session\Handlers\FileHandler' driver.
INFO - 2024-06-18 03:01:35 --> Cart Class Initialized
INFO - 2024-06-18 03:01:36 --> Session: Class initialized using 'CodeIgniter\Session\Handlers\FileHandler' driver.
INFO - 2024-06-18 03:01:36 --> Session: Class initialized using 'CodeIgniter\Session\Handlers\FileHandler' driver.
INFO - 2024-06-18 03:01:36 --> Cart Class Initialized
INFO - 2024-06-18 03:01:38 --> Session: Class initialized using 'CodeIgniter\Session\Handlers\FileHandler' driver.
INFO - 2024-06-18 03:01:38 --> Cart Class Initialized
INFO - 2024-06-18 03:01:40 --> Session: Class initialized using 'CodeIgniter\Session\Handlers\FileHandler' driver.
INFO - 2024-06-18 03:01:40 --> Cart Class Initialized
INFO - 2024-06-18 03:01:43 --> Session: Class initialized using 'CodeIgniter\Session\Handlers\FileHandler' driver.
INFO - 2024-06-18 03:01:43 --> Cart Class Initialized
INFO - 2024-06-18 03:01:44 --> Session: Class initialized using 'CodeIgniter\Session\Handlers\FileHandler' driver.
INFO - 2024-06-18 03:01:44 --> Cart Class Initialized
INFO - 2024-06-18 03:01:49 --> Session: Class initialized using 'CodeIgniter\Session\Handlers\FileHandler' driver.
INFO - 2024-06-18 03:01:49 --> Session: Class initialized using 'CodeIgniter\Session\Handlers\FileHandler' driver.
INFO - 2024-06-18 03:01:49 --> Cart Class Initialized
INFO - 2024-06-18 03:01:50 --> Session: Class initialized using 'CodeIgniter\Session\Handlers\FileHandler' driver.
INFO - 2024-06-18 03:01:50 --> Cart Class Initialized
INFO - 2024-06-18 03:01:55 --> Session: Class initialized using 'CodeIgniter\Session\Handlers\FileHandler' driver.
INFO - 2024-06-18 03:01:55 --> Cart Class Initialized
INFO - 2024-06-18 03:04:58 --> Session: Class initialized using 'CodeIgniter\Session\Handlers\FileHandler' driver.
INFO - 2024-06-18 03:04:58 --> Session: Class initialized using 'CodeIgniter\Session\Handlers\FileHandler' driver.
INFO - 2024-06-18 03:04:58 --> Cart Class Initialized
INFO - 2024-06-18 03:04:59 --> Session: Class initialized using 'CodeIgniter\Session\Handlers\FileHandler' driver.
INFO - 2024-06-18 03:04:59 --> Cart Class Initialized
INFO - 2024-06-18 03:05:17 --> Session: Class initialized using 'CodeIgniter\Session\Handlers\FileHandler' driver.
INFO - 2024-06-18 03:05:18 --> Session: Class initialized using 'CodeIgniter\Session\Handlers\FileHandler' driver.
INFO - 2024-06-18 03:05:18 --> Cart Class Initialized
INFO - 2024-06-18 03:06:30 --> Session: Class initialized using 'CodeIgniter\Session\Handlers\FileHandler' driver.
INFO - 2024-06-18 03:06:30 --> Cart Class Initialized
INFO - 2024-06-18 03:08:10 --> Session: Class initialized using 'CodeIgniter\Session\Handlers\FileHandler' driver.
INFO - 2024-06-18 03:08:10 --> Cart Class Initialized
INFO - 2024-06-18 03:08:11 --> Session: Class initialized using 'CodeIgniter\Session\Handlers\FileHandler' driver.
INFO - 2024-06-18 03:08:11 --> Cart Class Initialized
INFO - 2024-06-18 03:08:13 --> Session: Class initialized using 'CodeIgniter\Session\Handlers\FileHandler' driver.
INFO - 2024-06-18 03:08:13 --> Cart Class Initialized
INFO - 2024-06-18 03:08:14 --> Session: Class initialized using 'CodeIgniter\Session\Handlers\FileHandler' driver.
INFO - 2024-06-18 03:08:14 --> Cart Class Initialized
INFO - 2024-06-18 03:08:15 --> Session: Class initialized using 'CodeIgniter\Session\Handlers\FileHandler' driver.
INFO - 2024-06-18 03:08:15 --> Cart Class Initialized
INFO - 2024-06-18 03:08:16 --> Session: Class initialized using 'CodeIgniter\Session\Handlers\FileHandler' driver.
INFO - 2024-06-18 03:08:16 --> Cart Class Initialized
INFO - 2024-06-18 03:08:16 --> Session: Class initialized using 'CodeIgniter\Session\Handlers\FileHandler' driver.
INFO - 2024-06-18 03:08:16 --> Cart Class Initialized
INFO - 2024-06-18 03:08:16 --> Session: Class initialized using 'CodeIgniter\Session\Handlers\FileHandler' driver.
INFO - 2024-06-18 03:08:16 --> Cart Class Initialized
INFO - 2024-06-18 03:08:17 --> Session: Class initialized using 'CodeIgniter\Session\Handlers\FileHandler' driver.
INFO - 2024-06-18 03:08:17 --> Cart Class Initialized
INFO - 2024-06-18 03:09:30 --> Session: Class initialized using 'CodeIgniter\Session\Handlers\FileHandler' driver.
INFO - 2024-06-18 03:09:30 --> Cart Class Initialized
INFO - 2024-06-18 03:09:41 --> Session: Class initialized using 'CodeIgniter\Session\Handlers\FileHandler' driver.
INFO - 2024-06-18 03:09:41 --> Cart Class Initialized
INFO - 2024-06-18 03:09:59 --> Session: Class initialized using 'CodeIgniter\Session\Handlers\FileHandler' driver.
INFO - 2024-06-18 03:09:59 --> Cart Class Initialized
INFO - 2024-06-18 03:10:02 --> Session: Class initialized using 'CodeIgniter\Session\Handlers\FileHandler' driver.
INFO - 2024-06-18 03:10:02 --> Cart Class Initialized
INFO - 2024-06-18 03:11:09 --> Session: Class initialized using 'CodeIgniter\Session\Handlers\FileHandler' driver.
INFO - 2024-06-18 03:11:09 --> Cart Class Initialized
INFO - 2024-06-18 03:52:53 --> Session: Class initialized using 'CodeIgniter\Session\Handlers\FileHandler' driver.
ERROR - 2024-06-18 03:52:57 --> Error connecting to the database: mysqli_sql_exception: No se puede establecer una conexión ya que el equipo de destino denegó expresamente dicha conexión in A:\xampp\htdocs\proyecto_parras_alan\system\Database\MySQLi\Connection.php:174
Stack trace:
#0 A:\xampp\htdocs\proyecto_parras_alan\system\Database\MySQLi\Connection.php(174): mysqli->real_connect('localhost', 'root', '', 'parras_a', 3306, '', 0)
#1 A:\xampp\htdocs\proyecto_parras_alan\system\Database\BaseConnection.php(391): CodeIgniter\Database\MySQLi\Connection->connect(false)
#2 A:\xampp\htdocs\proyecto_parras_alan\system\Database\BaseConnection.php(573): CodeIgniter\Database\BaseConnection->initialize()
#3 A:\xampp\htdocs\proyecto_parras_alan\system\Database\BaseBuilder.php(1616): CodeIgniter\Database\BaseConnection->query('SELECT *\nFROM `...', Array, false)
#4 A:\xampp\htdocs\proyecto_parras_alan\system\Model.php(241): CodeIgniter\Database\BaseBuilder->get()
#5 A:\xampp\htdocs\proyecto_parras_alan\system\BaseModel.php(618): CodeIgniter\Model->doFindAll(0, 0)
#6 A:\xampp\htdocs\proyecto_parras_alan\app\Controllers\Catalogue.php(13): CodeIgniter\BaseModel->findAll()
#7 A:\xampp\htdocs\proyecto_parras_alan\system\CodeIgniter.php(934): App\Controllers\Catalogue->index()
#8 A:\xampp\htdocs\proyecto_parras_alan\system\CodeIgniter.php(499): CodeIgniter\CodeIgniter->runController(Object(App\Controllers\Catalogue))
#9 A:\xampp\htdocs\proyecto_parras_alan\system\CodeIgniter.php(368): CodeIgniter\CodeIgniter->handleRequest(NULL, Object(Config\Cache), false)
#10 A:\xampp\htdocs\proyecto_parras_alan\index.php(68): CodeIgniter\CodeIgniter->run()
#11 {main}

Next CodeIgniter\Database\Exceptions\DatabaseException: No se puede establecer una conexión ya que el equipo de destino denegó expresamente dicha conexión in A:\xampp\htdocs\proyecto_parras_alan\system\Database\MySQLi\Connection.php:218
Stack trace:
#0 A:\xampp\htdocs\proyecto_parras_alan\system\Database\BaseConnection.php(391): CodeIgniter\Database\MySQLi\Connection->connect(false)
#1 A:\xampp\htdocs\proyecto_parras_alan\system\Database\BaseConnection.php(573): CodeIgniter\Database\BaseConnection->initialize()
#2 A:\xampp\htdocs\proyecto_parras_alan\system\Database\BaseBuilder.php(1616): CodeIgniter\Database\BaseConnection->query('SELECT *\nFROM `...', Array, false)
#3 A:\xampp\htdocs\proyecto_parras_alan\system\Model.php(241): CodeIgniter\Database\BaseBuilder->get()
#4 A:\xampp\htdocs\proyecto_parras_alan\system\BaseModel.php(618): CodeIgniter\Model->doFindAll(0, 0)
#5 A:\xampp\htdocs\proyecto_parras_alan\app\Controllers\Catalogue.php(13): CodeIgniter\BaseModel->findAll()
#6 A:\xampp\htdocs\proyecto_parras_alan\system\CodeIgniter.php(934): App\Controllers\Catalogue->index()
#7 A:\xampp\htdocs\proyecto_parras_alan\system\CodeIgniter.php(499): CodeIgniter\CodeIgniter->runController(Object(App\Controllers\Catalogue))
#8 A:\xampp\htdocs\proyecto_parras_alan\system\CodeIgniter.php(368): CodeIgniter\CodeIgniter->handleRequest(NULL, Object(Config\Cache), false)
#9 A:\xampp\htdocs\proyecto_parras_alan\index.php(68): CodeIgniter\CodeIgniter->run()
#10 {main}
CRITICAL - 2024-06-18 03:52:57 --> Unable to connect to the database.
Main connection [MySQLi]: No se puede establecer una conexión ya que el equipo de destino denegó expresamente dicha conexión
in SYSTEMPATH\Database\BaseConnection.php on line 427.
 1 SYSTEMPATH\Database\BaseConnection.php(573): CodeIgniter\Database\BaseConnection->initialize()
 2 SYSTEMPATH\Database\BaseBuilder.php(1616): CodeIgniter\Database\BaseConnection->query('SELECT *
FROM `productos`', [], false)
 3 SYSTEMPATH\Model.php(241): CodeIgniter\Database\BaseBuilder->get()
 4 SYSTEMPATH\BaseModel.php(618): CodeIgniter\Model->doFindAll(0, 0)
 5 APPPATH\Controllers\Catalogue.php(13): CodeIgniter\BaseModel->findAll()
 6 SYSTEMPATH\CodeIgniter.php(934): App\Controllers\Catalogue->index()
 7 SYSTEMPATH\CodeIgniter.php(499): CodeIgniter\CodeIgniter->runController(Object(App\Controllers\Catalogue))
 8 SYSTEMPATH\CodeIgniter.php(368): CodeIgniter\CodeIgniter->handleRequest(null, Object(Config\Cache), false)
 9 FCPATH\index.php(68): CodeIgniter\CodeIgniter->run()
INFO - 2024-06-18 03:53:08 --> Session: Class initialized using 'CodeIgniter\Session\Handlers\FileHandler' driver.
INFO - 2024-06-18 03:53:08 --> Cart Class Initialized
INFO - 2024-06-18 03:53:11 --> Session: Class initialized using 'CodeIgniter\Session\Handlers\FileHandler' driver.
INFO - 2024-06-18 03:53:11 --> Session: Class initialized using 'CodeIgniter\Session\Handlers\FileHandler' driver.
INFO - 2024-06-18 03:53:11 --> Cart Class Initialized
INFO - 2024-06-18 03:53:15 --> Session: Class initialized using 'CodeIgniter\Session\Handlers\FileHandler' driver.
INFO - 2024-06-18 03:53:15 --> Cart Class Initialized
INFO - 2024-06-18 03:53:16 --> Session: Class initialized using 'CodeIgniter\Session\Handlers\FileHandler' driver.
INFO - 2024-06-18 03:53:16 --> Cart Class Initialized
INFO - 2024-06-18 03:53:20 --> Session: Class initialized using 'CodeIgniter\Session\Handlers\FileHandler' driver.
INFO - 2024-06-18 03:53:20 --> Session: Class initialized using 'CodeIgniter\Session\Handlers\FileHandler' driver.
INFO - 2024-06-18 03:53:20 --> Cart Class Initialized
INFO - 2024-06-18 03:53:22 --> Session: Class initialized using 'CodeIgniter\Session\Handlers\FileHandler' driver.
INFO - 2024-06-18 03:53:22 --> Cart Class Initialized
INFO - 2024-06-18 03:55:21 --> Session: Class initialized using 'CodeIgniter\Session\Handlers\FileHandler' driver.
INFO - 2024-06-18 03:55:21 --> Cart Class Initialized
INFO - 2024-06-18 04:16:03 --> Session: Class initialized using 'CodeIgniter\Session\Handlers\FileHandler' driver.
INFO - 2024-06-18 04:16:03 --> Cart Class Initialized
INFO - 2024-06-18 04:16:03 --> Session: Class initialized using 'CodeIgniter\Session\Handlers\FileHandler' driver.
INFO - 2024-06-18 04:16:03 --> Cart Class Initialized
INFO - 2024-06-18 04:17:01 --> Session: Class initialized using 'CodeIgniter\Session\Handlers\FileHandler' driver.
INFO - 2024-06-18 04:17:01 --> Cart Class Initialized
INFO - 2024-06-18 04:17:02 --> Session: Class initialized using 'CodeIgniter\Session\Handlers\FileHandler' driver.
INFO - 2024-06-18 04:17:02 --> Cart Class Initialized
INFO - 2024-06-18 04:17:04 --> Session: Class initialized using 'CodeIgniter\Session\Handlers\FileHandler' driver.
INFO - 2024-06-18 04:17:04 --> Cart Class Initialized
INFO - 2024-06-18 04:17:06 --> Session: Class initialized using 'CodeIgniter\Session\Handlers\FileHandler' driver.
INFO - 2024-06-18 04:17:06 --> Cart Class Initialized
INFO - 2024-06-18 04:17:06 --> Session: Class initialized using 'CodeIgniter\Session\Handlers\FileHandler' driver.
INFO - 2024-06-18 04:17:06 --> Cart Class Initialized
INFO - 2024-06-18 04:17:06 --> Session: Class initialized using 'CodeIgniter\Session\Handlers\FileHandler' driver.
INFO - 2024-06-18 04:17:06 --> Cart Class Initialized
INFO - 2024-06-18 04:17:34 --> Session: Class initialized using 'CodeIgniter\Session\Handlers\FileHandler' driver.
INFO - 2024-06-18 04:17:34 --> Cart Class Initialized
INFO - 2024-06-18 04:17:36 --> Session: Class initialized using 'CodeIgniter\Session\Handlers\FileHandler' driver.
INFO - 2024-06-18 04:17:36 --> Cart Class Initialized
INFO - 2024-06-18 04:17:57 --> Session: Class initialized using 'CodeIgniter\Session\Handlers\FileHandler' driver.
INFO - 2024-06-18 04:17:57 --> Cart Class Initialized
INFO - 2024-06-18 04:18:00 --> Session: Class initialized using 'CodeIgniter\Session\Handlers\FileHandler' driver.
INFO - 2024-06-18 04:18:00 --> Cart Class Initialized
INFO - 2024-06-18 04:18:12 --> Session: Class initialized using 'CodeIgniter\Session\Handlers\FileHandler' driver.
INFO - 2024-06-18 04:18:12 --> Cart Class Initialized
INFO - 2024-06-18 04:18:13 --> Session: Class initialized using 'CodeIgniter\Session\Handlers\FileHandler' driver.
INFO - 2024-06-18 04:18:13 --> Cart Class Initialized
INFO - 2024-06-18 04:18:35 --> Session: Class initialized using 'CodeIgniter\Session\Handlers\FileHandler' driver.
INFO - 2024-06-18 04:18:35 --> Cart Class Initialized
INFO - 2024-06-18 04:18:36 --> Session: Class initialized using 'CodeIgniter\Session\Handlers\FileHandler' driver.
INFO - 2024-06-18 04:18:36 --> Cart Class Initialized
INFO - 2024-06-18 04:18:37 --> Session: Class initialized using 'CodeIgniter\Session\Handlers\FileHandler' driver.
INFO - 2024-06-18 04:18:37 --> Cart Class Initialized
INFO - 2024-06-18 04:19:28 --> Session: Class initialized using 'CodeIgniter\Session\Handlers\FileHandler' driver.
INFO - 2024-06-18 04:19:28 --> Cart Class Initialized
INFO - 2024-06-18 04:19:30 --> Session: Class initialized using 'CodeIgniter\Session\Handlers\FileHandler' driver.
INFO - 2024-06-18 04:19:30 --> Cart Class Initialized
INFO - 2024-06-18 04:21:27 --> Session: Class initialized using 'CodeIgniter\Session\Handlers\FileHandler' driver.
INFO - 2024-06-18 04:21:27 --> Cart Class Initialized
INFO - 2024-06-18 04:21:31 --> Session: Class initialized using 'CodeIgniter\Session\Handlers\FileHandler' driver.
INFO - 2024-06-18 04:21:31 --> Cart Class Initialized
INFO - 2024-06-18 04:21:39 --> Session: Class initialized using 'CodeIgniter\Session\Handlers\FileHandler' driver.
INFO - 2024-06-18 04:21:39 --> Cart Class Initialized
INFO - 2024-06-18 04:21:40 --> Session: Class initialized using 'CodeIgniter\Session\Handlers\FileHandler' driver.
INFO - 2024-06-18 04:21:41 --> Cart Class Initialized
INFO - 2024-06-18 04:21:43 --> Session: Class initialized using 'CodeIgniter\Session\Handlers\FileHandler' driver.
INFO - 2024-06-18 04:21:43 --> Cart Class Initialized
INFO - 2024-06-18 04:21:46 --> Session: Class initialized using 'CodeIgniter\Session\Handlers\FileHandler' driver.
INFO - 2024-06-18 04:21:46 --> Cart Class Initialized
INFO - 2024-06-18 04:50:11 --> Session: Class initialized using 'CodeIgniter\Session\Handlers\FileHandler' driver.
INFO - 2024-06-18 04:50:11 --> Cart Class Initialized
ERROR - 2024-06-18 04:50:15 --> Error connecting to the database: mysqli_sql_exception: No se puede establecer una conexión ya que el equipo de destino denegó expresamente dicha conexión in A:\xampp\htdocs\proyecto_parras_alan\system\Database\MySQLi\Connection.php:174
Stack trace:
#0 A:\xampp\htdocs\proyecto_parras_alan\system\Database\MySQLi\Connection.php(174): mysqli->real_connect('localhost', 'root', '', 'parras_a', 3306, '', 0)
#1 A:\xampp\htdocs\proyecto_parras_alan\system\Database\BaseConnection.php(391): CodeIgniter\Database\MySQLi\Connection->connect(false)
#2 A:\xampp\htdocs\proyecto_parras_alan\system\Database\BaseConnection.php(573): CodeIgniter\Database\BaseConnection->initialize()
#3 A:\xampp\htdocs\proyecto_parras_alan\system\Database\BaseBuilder.php(1616): CodeIgniter\Database\BaseConnection->query('SELECT *\nFROM `...', Array, false)
#4 A:\xampp\htdocs\proyecto_parras_alan\system\Model.php(200): CodeIgniter\Database\BaseBuilder->get()
#5 A:\xampp\htdocs\proyecto_parras_alan\system\BaseModel.php(557): CodeIgniter\Model->doFind(true, '1')
#6 A:\xampp\htdocs\proyecto_parras_alan\app\Views\front\carrito.php(49): CodeIgniter\BaseModel->find('1')
#7 A:\xampp\htdocs\proyecto_parras_alan\system\View\View.php(213): include('A:\\xampp\\htdocs...')
#8 A:\xampp\htdocs\proyecto_parras_alan\system\View\View.php(216): CodeIgniter\View\View->CodeIgniter\View\{closure}()
#9 A:\xampp\htdocs\proyecto_parras_alan\system\Common.php(1184): CodeIgniter\View\View->render('front/carrito', Array, true)
#10 A:\xampp\htdocs\proyecto_parras_alan\app\Controllers\Cart.php(27): view('front/carrito', Array)
#11 A:\xampp\htdocs\proyecto_parras_alan\system\CodeIgniter.php(934): App\Controllers\Cart->index()
#12 A:\xampp\htdocs\proyecto_parras_alan\system\CodeIgniter.php(499): CodeIgniter\CodeIgniter->runController(Object(App\Controllers\Cart))
#13 A:\xampp\htdocs\proyecto_parras_alan\system\CodeIgniter.php(368): CodeIgniter\CodeIgniter->handleRequest(NULL, Object(Config\Cache), false)
#14 A:\xampp\htdocs\proyecto_parras_alan\index.php(68): CodeIgniter\CodeIgniter->run()
#15 {main}

Next CodeIgniter\Database\Exceptions\DatabaseException: No se puede establecer una conexión ya que el equipo de destino denegó expresamente dicha conexión in A:\xampp\htdocs\proyecto_parras_alan\system\Database\MySQLi\Connection.php:218
Stack trace:
#0 A:\xampp\htdocs\proyecto_parras_alan\system\Database\BaseConnection.php(391): CodeIgniter\Database\MySQLi\Connection->connect(false)
#1 A:\xampp\htdocs\proyecto_parras_alan\system\Database\BaseConnection.php(573): CodeIgniter\Database\BaseConnection->initialize()
#2 A:\xampp\htdocs\proyecto_parras_alan\system\Database\BaseBuilder.php(1616): CodeIgniter\Database\BaseConnection->query('SELECT *\nFROM `...', Array, false)
#3 A:\xampp\htdocs\proyecto_parras_alan\system\Model.php(200): CodeIgniter\Database\BaseBuilder->get()
#4 A:\xampp\htdocs\proyecto_parras_alan\system\BaseModel.php(557): CodeIgniter\Model->doFind(true, '1')
#5 A:\xampp\htdocs\proyecto_parras_alan\app\Views\front\carrito.php(49): CodeIgniter\BaseModel->find('1')
#6 A:\xampp\htdocs\proyecto_parras_alan\system\View\View.php(213): include('A:\\xampp\\htdocs...')
#7 A:\xampp\htdocs\proyecto_parras_alan\system\View\View.php(216): CodeIgniter\View\View->CodeIgniter\View\{closure}()
#8 A:\xampp\htdocs\proyecto_parras_alan\system\Common.php(1184): CodeIgniter\View\View->render('front/carrito', Array, true)
#9 A:\xampp\htdocs\proyecto_parras_alan\app\Controllers\Cart.php(27): view('front/carrito', Array)
#10 A:\xampp\htdocs\proyecto_parras_alan\system\CodeIgniter.php(934): App\Controllers\Cart->index()
#11 A:\xampp\htdocs\proyecto_parras_alan\system\CodeIgniter.php(499): CodeIgniter\CodeIgniter->runController(Object(App\Controllers\Cart))
#12 A:\xampp\htdocs\proyecto_parras_alan\system\CodeIgniter.php(368): CodeIgniter\CodeIgniter->handleRequest(NULL, Object(Config\Cache), false)
#13 A:\xampp\htdocs\proyecto_parras_alan\index.php(68): CodeIgniter\CodeIgniter->run()
#14 {main}
CRITICAL - 2024-06-18 04:50:15 --> Unable to connect to the database.
Main connection [MySQLi]: No se puede establecer una conexión ya que el equipo de destino denegó expresamente dicha conexión
in SYSTEMPATH\Database\BaseConnection.php on line 427.
 1 SYSTEMPATH\Database\BaseConnection.php(573): CodeIgniter\Database\BaseConnection->initialize()
 2 SYSTEMPATH\Database\BaseBuilder.php(1616): CodeIgniter\Database\BaseConnection->query('SELECT *
FROM `productos`
WHERE `productos`.`id_producto` = :productos.id_producto:', [...], false)
 3 SYSTEMPATH\Model.php(200): CodeIgniter\Database\BaseBuilder->get()
 4 SYSTEMPATH\BaseModel.php(557): CodeIgniter\Model->doFind(true, '1')
 5 APPPATH\Views\front\carrito.php(49): CodeIgniter\BaseModel->find('1')
 6 SYSTEMPATH\View\View.php(213): include('APPPATH\\Views\\front\\carrito.php')
 7 SYSTEMPATH\View\View.php(216): CodeIgniter\View\View->CodeIgniter\View\{closure}()
 8 SYSTEMPATH\Common.php(1184): CodeIgniter\View\View->render('front/carrito', [], true)
 9 APPPATH\Controllers\Cart.php(27): view('front/carrito', [...])
10 SYSTEMPATH\CodeIgniter.php(934): App\Controllers\Cart->index()
11 SYSTEMPATH\CodeIgniter.php(499): CodeIgniter\CodeIgniter->runController(Object(App\Controllers\Cart))
12 SYSTEMPATH\CodeIgniter.php(368): CodeIgniter\CodeIgniter->handleRequest(null, Object(Config\Cache), false)
13 FCPATH\index.php(68): CodeIgniter\CodeIgniter->run()
INFO - 2024-06-18 04:50:16 --> Session: Class initialized using 'CodeIgniter\Session\Handlers\FileHandler' driver.
INFO - 2024-06-18 04:50:16 --> Cart Class Initialized
INFO - 2024-06-18 04:52:16 --> Session: Class initialized using 'CodeIgniter\Session\Handlers\FileHandler' driver.
INFO - 2024-06-18 04:52:16 --> Cart Class Initialized
INFO - 2024-06-18 04:52:43 --> Session: Class initialized using 'CodeIgniter\Session\Handlers\FileHandler' driver.
INFO - 2024-06-18 04:52:43 --> Cart Class Initialized
INFO - 2024-06-18 04:52:45 --> Session: Class initialized using 'CodeIgniter\Session\Handlers\FileHandler' driver.
INFO - 2024-06-18 04:52:45 --> Cart Class Initialized
INFO - 2024-06-18 04:52:45 --> Session: Class initialized using 'CodeIgniter\Session\Handlers\FileHandler' driver.
INFO - 2024-06-18 04:52:45 --> Cart Class Initialized
INFO - 2024-06-18 04:52:46 --> Session: Class initialized using 'CodeIgniter\Session\Handlers\FileHandler' driver.
INFO - 2024-06-18 04:52:46 --> Cart Class Initialized
INFO - 2024-06-18 06:49:28 --> Session: Class initialized using 'CodeIgniter\Session\Handlers\FileHandler' driver.
INFO - 2024-06-18 06:49:28 --> Cart Class Initialized
INFO - 2024-06-18 07:10:09 --> Session: Class initialized using 'CodeIgniter\Session\Handlers\FileHandler' driver.
INFO - 2024-06-18 07:10:09 --> Cart Class Initialized
INFO - 2024-06-18 07:10:11 --> Session: Class initialized using 'CodeIgniter\Session\Handlers\FileHandler' driver.
INFO - 2024-06-18 07:10:11 --> Cart Class Initialized
INFO - 2024-06-18 07:10:13 --> Session: Class initialized using 'CodeIgniter\Session\Handlers\FileHandler' driver.
INFO - 2024-06-18 07:10:13 --> Cart Class Initialized
INFO - 2024-06-18 07:10:14 --> Session: Class initialized using 'CodeIgniter\Session\Handlers\FileHandler' driver.
INFO - 2024-06-18 07:10:14 --> Cart Class Initialized
INFO - 2024-06-18 07:10:15 --> Session: Class initialized using 'CodeIgniter\Session\Handlers\FileHandler' driver.
INFO - 2024-06-18 07:10:15 --> Cart Class Initialized
INFO - 2024-06-18 07:10:15 --> Session: Class initialized using 'CodeIgniter\Session\Handlers\FileHandler' driver.
INFO - 2024-06-18 07:10:15 --> Cart Class Initialized
INFO - 2024-06-18 07:10:19 --> Session: Class initialized using 'CodeIgniter\Session\Handlers\FileHandler' driver.
INFO - 2024-06-18 07:10:19 --> Cart Class Initialized
INFO - 2024-06-18 07:10:20 --> Session: Class initialized using 'CodeIgniter\Session\Handlers\FileHandler' driver.
INFO - 2024-06-18 07:10:20 --> Session: Class initialized using 'CodeIgniter\Session\Handlers\FileHandler' driver.
INFO - 2024-06-18 07:10:20 --> Cart Class Initialized
INFO - 2024-06-18 21:47:15 --> Session: Class initialized using 'CodeIgniter\Session\Handlers\FileHandler' driver.
INFO - 2024-06-18 21:47:15 --> Session: Class initialized using 'CodeIgniter\Session\Handlers\FileHandler' driver.
INFO - 2024-06-18 21:47:15 --> Cart Class Initialized
INFO - 2024-06-18 21:47:15 --> Cart Class Initialized
INFO - 2024-06-18 21:48:54 --> Session: Class initialized using 'CodeIgniter\Session\Handlers\FileHandler' driver.
INFO - 2024-06-18 21:48:54 --> Cart Class Initialized
INFO - 2024-06-18 21:48:55 --> Session: Class initialized using 'CodeIgniter\Session\Handlers\FileHandler' driver.
INFO - 2024-06-18 21:48:55 --> Cart Class Initialized
INFO - 2024-06-18 21:48:58 --> Session: Class initialized using 'CodeIgniter\Session\Handlers\FileHandler' driver.
INFO - 2024-06-18 21:48:58 --> Cart Class Initialized
INFO - 2024-06-18 21:48:59 --> Session: Class initialized using 'CodeIgniter\Session\Handlers\FileHandler' driver.
INFO - 2024-06-18 21:48:59 --> Session: Class initialized using 'CodeIgniter\Session\Handlers\FileHandler' driver.
INFO - 2024-06-18 21:48:59 --> Cart Class Initialized
INFO - 2024-06-18 21:49:02 --> Session: Class initialized using 'CodeIgniter\Session\Handlers\FileHandler' driver.
INFO - 2024-06-18 21:49:02 --> Cart Class Initialized
INFO - 2024-06-18 21:49:22 --> Session: Class initialized using 'CodeIgniter\Session\Handlers\FileHandler' driver.
INFO - 2024-06-18 21:49:22 --> Cart Class Initialized
INFO - 2024-06-18 21:49:23 --> Session: Class initialized using 'CodeIgniter\Session\Handlers\FileHandler' driver.
INFO - 2024-06-18 21:49:23 --> Cart Class Initialized
INFO - 2024-06-18 21:49:25 --> Session: Class initialized using 'CodeIgniter\Session\Handlers\FileHandler' driver.
INFO - 2024-06-18 21:49:25 --> Cart Class Initialized
INFO - 2024-06-18 21:50:22 --> Session: Class initialized using 'CodeIgniter\Session\Handlers\FileHandler' driver.
INFO - 2024-06-18 21:50:22 --> Cart Class Initialized
INFO - 2024-06-18 21:50:23 --> Session: Class initialized using 'CodeIgniter\Session\Handlers\FileHandler' driver.
INFO - 2024-06-18 21:50:23 --> Cart Class Initialized
INFO - 2024-06-18 21:50:23 --> Session: Class initialized using 'CodeIgniter\Session\Handlers\FileHandler' driver.
INFO - 2024-06-18 21:50:23 --> Cart Class Initialized
INFO - 2024-06-18 21:51:05 --> Session: Class initialized using 'CodeIgniter\Session\Handlers\FileHandler' driver.
INFO - 2024-06-18 21:51:05 --> Cart Class Initialized
INFO - 2024-06-18 21:51:08 --> Session: Class initialized using 'CodeIgniter\Session\Handlers\FileHandler' driver.
INFO - 2024-06-18 21:51:08 --> Cart Class Initialized
INFO - 2024-06-18 21:51:08 --> Session: Class initialized using 'CodeIgniter\Session\Handlers\FileHandler' driver.
INFO - 2024-06-18 21:51:08 --> Cart Class Initialized
INFO - 2024-06-18 21:51:16 --> Session: Class initialized using 'CodeIgniter\Session\Handlers\FileHandler' driver.
INFO - 2024-06-18 21:51:18 --> Session: Class initialized using 'CodeIgniter\Session\Handlers\FileHandler' driver.
INFO - 2024-06-18 21:51:20 --> Session: Class initialized using 'CodeIgniter\Session\Handlers\FileHandler' driver.
INFO - 2024-06-18 21:51:20 --> Session: Class initialized using 'CodeIgniter\Session\Handlers\FileHandler' driver.
INFO - 2024-06-18 21:51:20 --> Cart Class Initialized
INFO - 2024-06-18 21:51:22 --> Session: Class initialized using 'CodeIgniter\Session\Handlers\FileHandler' driver.
INFO - 2024-06-18 21:51:32 --> Session: Class initialized using 'CodeIgniter\Session\Handlers\FileHandler' driver.
INFO - 2024-06-18 21:51:32 --> Cart Class Initialized
INFO - 2024-06-18 21:51:40 --> Session: Class initialized using 'CodeIgniter\Session\Handlers\FileHandler' driver.
INFO - 2024-06-18 21:51:40 --> Cart Class Initialized
INFO - 2024-06-18 21:51:41 --> Session: Class initialized using 'CodeIgniter\Session\Handlers\FileHandler' driver.
INFO - 2024-06-18 21:51:41 --> Cart Class Initialized
INFO - 2024-06-18 21:51:42 --> Session: Class initialized using 'CodeIgniter\Session\Handlers\FileHandler' driver.
CRITICAL - 2024-06-18 21:51:42 --> syntax error, unexpected token "return", expecting "," or ";"
in APPPATH\Views\front\details.php on line 37.
 1 SYSTEMPATH\View\View.php(216): CodeIgniter\View\View->CodeIgniter\View\{closure}()
 2 SYSTEMPATH\Common.php(1184): CodeIgniter\View\View->render('front/details', [], true)
 3 APPPATH\Controllers\Details.php(20): view('front/details', [...])
 4 SYSTEMPATH\CodeIgniter.php(934): App\Controllers\Details->index('1')
 5 SYSTEMPATH\CodeIgniter.php(499): CodeIgniter\CodeIgniter->runController(Object(App\Controllers\Details))
 6 SYSTEMPATH\CodeIgniter.php(368): CodeIgniter\CodeIgniter->handleRequest(null, Object(Config\Cache), false)
 7 FCPATH\index.php(68): CodeIgniter\CodeIgniter->run()
INFO - 2024-06-18 21:51:58 --> Session: Class initialized using 'CodeIgniter\Session\Handlers\FileHandler' driver.
INFO - 2024-06-18 21:51:58 --> Cart Class Initialized
INFO - 2024-06-18 21:52:03 --> Session: Class initialized using 'CodeIgniter\Session\Handlers\FileHandler' driver.
INFO - 2024-06-18 21:52:03 --> Cart Class Initialized
INFO - 2024-06-18 21:52:05 --> Session: Class initialized using 'CodeIgniter\Session\Handlers\FileHandler' driver.
INFO - 2024-06-18 21:52:05 --> Cart Class Initialized
INFO - 2024-06-18 21:52:10 --> Session: Class initialized using 'CodeIgniter\Session\Handlers\FileHandler' driver.
CRITICAL - 2024-06-18 21:52:10 --> Object of class CodeIgniter\HTTP\RedirectResponse could not be converted to string
in APPPATH\Views\front\details.php on line 37.
 1 SYSTEMPATH\View\View.php(213): include()
 2 SYSTEMPATH\View\View.php(216): CodeIgniter\View\View->CodeIgniter\View\{closure}()
 3 SYSTEMPATH\Common.php(1184): CodeIgniter\View\View->render('front/details', [], true)
 4 APPPATH\Controllers\Details.php(20): view('front/details', [...])
 5 SYSTEMPATH\CodeIgniter.php(934): App\Controllers\Details->index('1')
 6 SYSTEMPATH\CodeIgniter.php(499): CodeIgniter\CodeIgniter->runController(Object(App\Controllers\Details))
 7 SYSTEMPATH\CodeIgniter.php(368): CodeIgniter\CodeIgniter->handleRequest(null, Object(Config\Cache), false)
 8 FCPATH\index.php(68): CodeIgniter\CodeIgniter->run()
INFO - 2024-06-18 21:52:11 --> Session: Class initialized using 'CodeIgniter\Session\Handlers\FileHandler' driver.
CRITICAL - 2024-06-18 21:52:11 --> Object of class CodeIgniter\HTTP\RedirectResponse could not be converted to string
in APPPATH\Views\front\details.php on line 37.
 1 SYSTEMPATH\View\View.php(213): include()
 2 SYSTEMPATH\View\View.php(216): CodeIgniter\View\View->CodeIgniter\View\{closure}()
 3 SYSTEMPATH\Common.php(1184): CodeIgniter\View\View->render('front/details', [], true)
 4 APPPATH\Controllers\Details.php(20): view('front/details', [...])
 5 SYSTEMPATH\CodeIgniter.php(934): App\Controllers\Details->index('1')
 6 SYSTEMPATH\CodeIgniter.php(499): CodeIgniter\CodeIgniter->runController(Object(App\Controllers\Details))
 7 SYSTEMPATH\CodeIgniter.php(368): CodeIgniter\CodeIgniter->handleRequest(null, Object(Config\Cache), false)
 8 FCPATH\index.php(68): CodeIgniter\CodeIgniter->run()
INFO - 2024-06-18 21:52:15 --> Session: Class initialized using 'CodeIgniter\Session\Handlers\FileHandler' driver.
INFO - 2024-06-18 21:52:15 --> Cart Class Initialized
INFO - 2024-06-18 21:52:17 --> Session: Class initialized using 'CodeIgniter\Session\Handlers\FileHandler' driver.
INFO - 2024-06-18 21:52:17 --> Cart Class Initialized
INFO - 2024-06-18 21:52:17 --> Session: Class initialized using 'CodeIgniter\Session\Handlers\FileHandler' driver.
INFO - 2024-06-18 21:52:17 --> Cart Class Initialized
INFO - 2024-06-18 21:52:25 --> Session: Class initialized using 'CodeIgniter\Session\Handlers\FileHandler' driver.
INFO - 2024-06-18 21:52:25 --> Cart Class Initialized
INFO - 2024-06-18 21:55:12 --> Session: Class initialized using 'CodeIgniter\Session\Handlers\FileHandler' driver.
INFO - 2024-06-18 21:55:12 --> Cart Class Initialized
INFO - 2024-06-18 21:55:13 --> Session: Class initialized using 'CodeIgniter\Session\Handlers\FileHandler' driver.
INFO - 2024-06-18 21:55:13 --> Cart Class Initialized
INFO - 2024-06-18 21:55:14 --> Session: Class initialized using 'CodeIgniter\Session\Handlers\FileHandler' driver.
INFO - 2024-06-18 21:55:14 --> Cart Class Initialized
INFO - 2024-06-18 21:55:15 --> Session: Class initialized using 'CodeIgniter\Session\Handlers\FileHandler' driver.
INFO - 2024-06-18 21:55:15 --> Cart Class Initialized
INFO - 2024-06-18 21:55:17 --> Session: Class initialized using 'CodeIgniter\Session\Handlers\FileHandler' driver.
INFO - 2024-06-18 21:55:17 --> Cart Class Initialized
INFO - 2024-06-18 21:55:17 --> Session: Class initialized using 'CodeIgniter\Session\Handlers\FileHandler' driver.
INFO - 2024-06-18 21:55:17 --> Cart Class Initialized
INFO - 2024-06-18 21:55:18 --> Session: Class initialized using 'CodeIgniter\Session\Handlers\FileHandler' driver.
INFO - 2024-06-18 21:55:18 --> Cart Class Initialized
INFO - 2024-06-18 21:55:19 --> Session: Class initialized using 'CodeIgniter\Session\Handlers\FileHandler' driver.
INFO - 2024-06-18 21:55:19 --> Cart Class Initialized
INFO - 2024-06-18 21:55:19 --> Session: Class initialized using 'CodeIgniter\Session\Handlers\FileHandler' driver.
INFO - 2024-06-18 21:55:19 --> Cart Class Initialized
INFO - 2024-06-18 21:55:21 --> Session: Class initialized using 'CodeIgniter\Session\Handlers\FileHandler' driver.
INFO - 2024-06-18 21:55:21 --> Session: Class initialized using 'CodeIgniter\Session\Handlers\FileHandler' driver.
INFO - 2024-06-18 21:55:21 --> Cart Class Initialized
INFO - 2024-06-18 21:55:24 --> Session: Class initialized using 'CodeIgniter\Session\Handlers\FileHandler' driver.
INFO - 2024-06-18 21:55:24 --> Session: Class initialized using 'CodeIgniter\Session\Handlers\FileHandler' driver.
INFO - 2024-06-18 21:55:24 --> Cart Class Initialized
INFO - 2024-06-18 21:55:26 --> Session: Class initialized using 'CodeIgniter\Session\Handlers\FileHandler' driver.
INFO - 2024-06-18 21:55:26 --> Cart Class Initialized
INFO - 2024-06-18 21:55:28 --> Session: Class initialized using 'CodeIgniter\Session\Handlers\FileHandler' driver.
INFO - 2024-06-18 21:55:28 --> Cart Class Initialized
INFO - 2024-06-18 21:55:44 --> Session: Class initialized using 'CodeIgniter\Session\Handlers\FileHandler' driver.
INFO - 2024-06-18 21:55:44 --> Cart Class Initialized
INFO - 2024-06-18 21:55:45 --> Session: Class initialized using 'CodeIgniter\Session\Handlers\FileHandler' driver.
INFO - 2024-06-18 21:55:45 --> Cart Class Initialized
INFO - 2024-06-18 21:55:47 --> Session: Class initialized using 'CodeIgniter\Session\Handlers\FileHandler' driver.
INFO - 2024-06-18 21:55:47 --> Cart Class Initialized
INFO - 2024-06-18 21:55:50 --> Session: Class initialized using 'CodeIgniter\Session\Handlers\FileHandler' driver.
INFO - 2024-06-18 21:55:50 --> Cart Class Initialized
INFO - 2024-06-18 21:55:50 --> Session: Class initialized using 'CodeIgniter\Session\Handlers\FileHandler' driver.
INFO - 2024-06-18 21:55:50 --> Cart Class Initialized
INFO - 2024-06-18 21:55:50 --> Session: Class initialized using 'CodeIgniter\Session\Handlers\FileHandler' driver.
INFO - 2024-06-18 21:55:50 --> Cart Class Initialized
INFO - 2024-06-18 21:55:53 --> Session: Class initialized using 'CodeIgniter\Session\Handlers\FileHandler' driver.
INFO - 2024-06-18 21:55:53 --> Cart Class Initialized
INFO - 2024-06-18 21:55:53 --> Session: Class initialized using 'CodeIgniter\Session\Handlers\FileHandler' driver.
INFO - 2024-06-18 21:55:53 --> Cart Class Initialized
INFO - 2024-06-18 21:55:56 --> Session: Class initialized using 'CodeIgniter\Session\Handlers\FileHandler' driver.
INFO - 2024-06-18 21:55:56 --> Cart Class Initialized
INFO - 2024-06-18 21:56:00 --> Session: Class initialized using 'CodeIgniter\Session\Handlers\FileHandler' driver.
INFO - 2024-06-18 21:56:00 --> Cart Class Initialized
INFO - 2024-06-18 21:57:22 --> Session: Class initialized using 'CodeIgniter\Session\Handlers\FileHandler' driver.
INFO - 2024-06-18 21:57:22 --> Cart Class Initialized
INFO - 2024-06-18 21:57:29 --> Session: Class initialized using 'CodeIgniter\Session\Handlers\FileHandler' driver.
INFO - 2024-06-18 21:57:29 --> Cart Class Initialized
INFO - 2024-06-18 21:57:30 --> Session: Class initialized using 'CodeIgniter\Session\Handlers\FileHandler' driver.
INFO - 2024-06-18 21:57:30 --> Cart Class Initialized
INFO - 2024-06-18 21:57:49 --> Session: Class initialized using 'CodeIgniter\Session\Handlers\FileHandler' driver.
INFO - 2024-06-18 21:57:49 --> Cart Class Initialized
INFO - 2024-06-18 21:58:00 --> Session: Class initialized using 'CodeIgniter\Session\Handlers\FileHandler' driver.
INFO - 2024-06-18 21:58:00 --> Cart Class Initialized
INFO - 2024-06-18 21:58:37 --> Session: Class initialized using 'CodeIgniter\Session\Handlers\FileHandler' driver.
INFO - 2024-06-18 21:58:37 --> Session: Class initialized using 'CodeIgniter\Session\Handlers\FileHandler' driver.
INFO - 2024-06-18 21:58:37 --> Cart Class Initialized
INFO - 2024-06-18 22:00:26 --> Session: Class initialized using 'CodeIgniter\Session\Handlers\FileHandler' driver.
INFO - 2024-06-18 22:00:26 --> Cart Class Initialized
INFO - 2024-06-18 22:00:34 --> Session: Class initialized using 'CodeIgniter\Session\Handlers\FileHandler' driver.
INFO - 2024-06-18 22:00:34 --> Session: Class initialized using 'CodeIgniter\Session\Handlers\FileHandler' driver.
INFO - 2024-06-18 22:00:34 --> Cart Class Initialized
INFO - 2024-06-18 22:03:32 --> Session: Class initialized using 'CodeIgniter\Session\Handlers\FileHandler' driver.
INFO - 2024-06-18 22:03:32 --> Cart Class Initialized
INFO - 2024-06-18 22:03:42 --> Session: Class initialized using 'CodeIgniter\Session\Handlers\FileHandler' driver.
INFO - 2024-06-18 22:03:42 --> Session: Class initialized using 'CodeIgniter\Session\Handlers\FileHandler' driver.
INFO - 2024-06-18 22:03:42 --> Cart Class Initialized
INFO - 2024-06-18 22:04:36 --> Session: Class initialized using 'CodeIgniter\Session\Handlers\FileHandler' driver.
INFO - 2024-06-18 22:04:36 --> Cart Class Initialized
INFO - 2024-06-18 22:04:37 --> Session: Class initialized using 'CodeIgniter\Session\Handlers\FileHandler' driver.
INFO - 2024-06-18 22:04:37 --> Cart Class Initialized
INFO - 2024-06-18 22:04:38 --> Session: Class initialized using 'CodeIgniter\Session\Handlers\FileHandler' driver.
INFO - 2024-06-18 22:04:38 --> Cart Class Initialized
INFO - 2024-06-18 22:04:38 --> Session: Class initialized using 'CodeIgniter\Session\Handlers\FileHandler' driver.
INFO - 2024-06-18 22:04:38 --> Cart Class Initialized
INFO - 2024-06-18 22:05:00 --> Session: Class initialized using 'CodeIgniter\Session\Handlers\FileHandler' driver.
INFO - 2024-06-18 22:05:00 --> Cart Class Initialized
INFO - 2024-06-18 22:05:03 --> Session: Class initialized using 'CodeIgniter\Session\Handlers\FileHandler' driver.
INFO - 2024-06-18 22:05:03 --> Cart Class Initialized
INFO - 2024-06-18 22:05:15 --> Session: Class initialized using 'CodeIgniter\Session\Handlers\FileHandler' driver.
ERROR - 2024-06-18 22:05:15 --> mysqli_sql_exception: Column 'id_perfil' cannot be null in A:\xampp\htdocs\proyecto_parras_alan\system\Database\MySQLi\Connection.php:295
Stack trace:
#0 A:\xampp\htdocs\proyecto_parras_alan\system\Database\MySQLi\Connection.php(295): mysqli->query('INSERT INTO `us...', 0)
#1 A:\xampp\htdocs\proyecto_parras_alan\system\Database\BaseConnection.php(691): CodeIgniter\Database\MySQLi\Connection->execute('INSERT INTO `us...')
#2 A:\xampp\htdocs\proyecto_parras_alan\system\Database\BaseConnection.php(605): CodeIgniter\Database\BaseConnection->simpleQuery('INSERT INTO `us...')
#3 A:\xampp\htdocs\proyecto_parras_alan\system\Database\BaseBuilder.php(2309): CodeIgniter\Database\BaseConnection->query('INSERT INTO `us...', Array, false)
#4 A:\xampp\htdocs\proyecto_parras_alan\system\Model.php(330): CodeIgniter\Database\BaseBuilder->insert()
#5 A:\xampp\htdocs\proyecto_parras_alan\system\BaseModel.php(782): CodeIgniter\Model->doInsert(Array)
#6 A:\xampp\htdocs\proyecto_parras_alan\system\Model.php(730): CodeIgniter\BaseModel->insert(Array, true)
#7 A:\xampp\htdocs\proyecto_parras_alan\app\Controllers\CrudUsers.php(66): CodeIgniter\Model->insert(Array)
#8 A:\xampp\htdocs\proyecto_parras_alan\system\CodeIgniter.php(934): App\Controllers\CrudUsers->create()
#9 A:\xampp\htdocs\proyecto_parras_alan\system\CodeIgniter.php(499): CodeIgniter\CodeIgniter->runController(Object(App\Controllers\CrudUsers))
#10 A:\xampp\htdocs\proyecto_parras_alan\system\CodeIgniter.php(368): CodeIgniter\CodeIgniter->handleRequest(NULL, Object(Config\Cache), false)
#11 A:\xampp\htdocs\proyecto_parras_alan\index.php(68): CodeIgniter\CodeIgniter->run()
#12 {main}
CRITICAL - 2024-06-18 22:05:15 --> Column 'id_perfil' cannot be null
in SYSTEMPATH\Database\BaseConnection.php on line 645.
 1 SYSTEMPATH\Database\BaseBuilder.php(2309): CodeIgniter\Database\BaseConnection->query('INSERT INTO `users` (`nombre`, `apellido`, `dni`, `user`, `email`, `pass`, `id_perfil`, `active`, `created_at`) VALUES (:nombre:, :apellido:, :dni:, :user:, :email:, :pass:, :id_perfil:, :active:, :created_at:)', [...], false)
 2 SYSTEMPATH\Model.php(330): CodeIgniter\Database\BaseBuilder->insert()
 3 SYSTEMPATH\BaseModel.php(782): CodeIgniter\Model->doInsert([...])
 4 SYSTEMPATH\Model.php(730): CodeIgniter\BaseModel->insert([...], true)
 5 APPPATH\Controllers\CrudUsers.php(66): CodeIgniter\Model->insert([...])
 6 SYSTEMPATH\CodeIgniter.php(934): App\Controllers\CrudUsers->create()
 7 SYSTEMPATH\CodeIgniter.php(499): CodeIgniter\CodeIgniter->runController(Object(App\Controllers\CrudUsers))
 8 SYSTEMPATH\CodeIgniter.php(368): CodeIgniter\CodeIgniter->handleRequest(null, Object(Config\Cache), false)
 9 FCPATH\index.php(68): CodeIgniter\CodeIgniter->run()
INFO - 2024-06-18 22:05:30 --> Session: Class initialized using 'CodeIgniter\Session\Handlers\FileHandler' driver.
INFO - 2024-06-18 22:05:30 --> Cart Class Initialized
INFO - 2024-06-18 22:05:33 --> Session: Class initialized using 'CodeIgniter\Session\Handlers\FileHandler' driver.
INFO - 2024-06-18 22:05:33 --> Cart Class Initialized
INFO - 2024-06-18 22:05:38 --> Session: Class initialized using 'CodeIgniter\Session\Handlers\FileHandler' driver.
ERROR - 2024-06-18 22:05:38 --> mysqli_sql_exception: Column 'id_perfil' cannot be null in A:\xampp\htdocs\proyecto_parras_alan\system\Database\MySQLi\Connection.php:295
Stack trace:
#0 A:\xampp\htdocs\proyecto_parras_alan\system\Database\MySQLi\Connection.php(295): mysqli->query('INSERT INTO `us...', 0)
#1 A:\xampp\htdocs\proyecto_parras_alan\system\Database\BaseConnection.php(691): CodeIgniter\Database\MySQLi\Connection->execute('INSERT INTO `us...')
#2 A:\xampp\htdocs\proyecto_parras_alan\system\Database\BaseConnection.php(605): CodeIgniter\Database\BaseConnection->simpleQuery('INSERT INTO `us...')
#3 A:\xampp\htdocs\proyecto_parras_alan\system\Database\BaseBuilder.php(2309): CodeIgniter\Database\BaseConnection->query('INSERT INTO `us...', Array, false)
#4 A:\xampp\htdocs\proyecto_parras_alan\system\Model.php(330): CodeIgniter\Database\BaseBuilder->insert()
#5 A:\xampp\htdocs\proyecto_parras_alan\system\BaseModel.php(782): CodeIgniter\Model->doInsert(Array)
#6 A:\xampp\htdocs\proyecto_parras_alan\system\Model.php(730): CodeIgniter\BaseModel->insert(Array, true)
#7 A:\xampp\htdocs\proyecto_parras_alan\app\Controllers\CrudUsers.php(66): CodeIgniter\Model->insert(Array)
#8 A:\xampp\htdocs\proyecto_parras_alan\system\CodeIgniter.php(934): App\Controllers\CrudUsers->create()
#9 A:\xampp\htdocs\proyecto_parras_alan\system\CodeIgniter.php(499): CodeIgniter\CodeIgniter->runController(Object(App\Controllers\CrudUsers))
#10 A:\xampp\htdocs\proyecto_parras_alan\system\CodeIgniter.php(368): CodeIgniter\CodeIgniter->handleRequest(NULL, Object(Config\Cache), false)
#11 A:\xampp\htdocs\proyecto_parras_alan\index.php(68): CodeIgniter\CodeIgniter->run()
#12 {main}
CRITICAL - 2024-06-18 22:05:38 --> Column 'id_perfil' cannot be null
in SYSTEMPATH\Database\BaseConnection.php on line 645.
 1 SYSTEMPATH\Database\BaseBuilder.php(2309): CodeIgniter\Database\BaseConnection->query('INSERT INTO `users` (`nombre`, `apellido`, `dni`, `user`, `email`, `pass`, `id_perfil`, `active`, `created_at`) VALUES (:nombre:, :apellido:, :dni:, :user:, :email:, :pass:, :id_perfil:, :active:, :created_at:)', [...], false)
 2 SYSTEMPATH\Model.php(330): CodeIgniter\Database\BaseBuilder->insert()
 3 SYSTEMPATH\BaseModel.php(782): CodeIgniter\Model->doInsert([...])
 4 SYSTEMPATH\Model.php(730): CodeIgniter\BaseModel->insert([...], true)
 5 APPPATH\Controllers\CrudUsers.php(66): CodeIgniter\Model->insert([...])
 6 SYSTEMPATH\CodeIgniter.php(934): App\Controllers\CrudUsers->create()
 7 SYSTEMPATH\CodeIgniter.php(499): CodeIgniter\CodeIgniter->runController(Object(App\Controllers\CrudUsers))
 8 SYSTEMPATH\CodeIgniter.php(368): CodeIgniter\CodeIgniter->handleRequest(null, Object(Config\Cache), false)
 9 FCPATH\index.php(68): CodeIgniter\CodeIgniter->run()
INFO - 2024-06-18 22:06:20 --> Session: Class initialized using 'CodeIgniter\Session\Handlers\FileHandler' driver.
INFO - 2024-06-18 22:06:20 --> Cart Class Initialized
INFO - 2024-06-18 22:06:20 --> Session: Class initialized using 'CodeIgniter\Session\Handlers\FileHandler' driver.
INFO - 2024-06-18 22:06:20 --> Cart Class Initialized
INFO - 2024-06-18 22:06:21 --> Session: Class initialized using 'CodeIgniter\Session\Handlers\FileHandler' driver.
INFO - 2024-06-18 22:06:21 --> Cart Class Initialized
INFO - 2024-06-18 22:06:22 --> Session: Class initialized using 'CodeIgniter\Session\Handlers\FileHandler' driver.
INFO - 2024-06-18 22:06:22 --> Cart Class Initialized
INFO - 2024-06-18 22:06:24 --> Session: Class initialized using 'CodeIgniter\Session\Handlers\FileHandler' driver.
INFO - 2024-06-18 22:06:24 --> Cart Class Initialized
